
2025-12-27 22:03:32,249 | INFO | __main__ | Discovered 115 URLs, 115 new
2025-12-27 22:03:32,249 | INFO | __main__ | Crawling 100 URLs
2025-12-27 22:03:32,808 | INFO | crawler.core_engine | Crawling 100 URLs
2025-12-27 22:03:34,353 | INFO | __main__ | ✓ Crawled: Google News... (score: 0.00)
2025-12-27 22:06:40,553 | INFO | __main__ | ✓ Crawled: playlists | TechCrunch... (score: 0.00)
2025-12-27 22:06:42,714 | INFO | __main__ | ✓ Crawled: red | TechCrunch... (score: 0.00)
2025-12-27 22:06:44,264 | INFO | __main__ | ✓ Crawled: Company News: Latest Company News, Indian Company ... (score: 0.00)
2025-12-27 22:06:47,251 | INFO | __main__ | ✓ Crawled: semiotics | TechCrunch... (score: 0.00)
2025-12-27 22:06:49,858 | INFO | __main__ | ✓ Crawled: networking | TechCrunch... (score: 0.00)
2025-12-27 22:06:49,906 | INFO | __main__ | Session 20251227_220153 completed: 6 successful, 0 failed, 94 duplicates, duration: 0:04:56.835112
2025-12-27 22:13:19,003 | INFO | __main__ | Started session: 20251227_221319 (mode: deep_crawl)
2025-12-27 22:13:19,004 | INFO | __main__ | Starting deep crawl from 3 seeds
2025-12-27 22:13:19,526 | INFO | __main__ | Deep crawling: https://timesofindia.indiatimes.com/
2025-12-27 22:13:19,526 | INFO | crawler.core_engine | Starting deep crawl from: https://timesofindia.indiatimes.com/
2025-12-27 22:13:21,293 | INFO | __main__ | ✓ [0] TOI - Breaking News,  Latest News, India News, Wor...
2025-12-27 22:13:24,050 | INFO | httpx | HTTP Request: GET https://timesofindia.indiatimes.com "HTTP/1.1 200 OK"
2025-12-27 22:13:25,249 | INFO | httpx | HTTP Request: GET https://timesofindia.indiatimes.com/games "HTTP/1.1 200 OK"
2025-12-27 22:13:25,708 | INFO | httpx | HTTP Request: GET https://timesofindia.indiatimes.com/videos "HTTP/1.1 200 OK"
2025-12-27 22:13:26,202 | INFO | httpx | HTTP Request: GET https://timesofindia.indiatimes.com/city "HTTP/1.1 200 OK"
2025-12-27 22:14:14,407 | INFO | httpx | HTTP Request: GET https://timesofindia.indiatimes.com/india "HTTP/1.1 200 OK"
2025-12-27 22:14:36,538 | INFO | httpx | HTTP Request: GET https://timesofindia.indiatimes.com/business "HTTP/1.1 200 OK"
2025-12-27 22:14:38,389 | INFO | httpx | HTTP Request: GET https://timesofindia.indiatimes.com/sports "HTTP/1.1 200 OK"
2025-12-27 22:14:39,566 | INFO | httpx | HTTP Request: GET https://timesofindia.indiatimes.com/astrology "HTTP/1.1 200 OK"
2025-12-27 22:14:40,271 | INFO | httpx | HTTP Request: GET https://timesofindia.indiatimes.com/tv/hindi "HTTP/1.1 200 OK"
2025-12-27 22:14:41,857 | INFO | httpx | HTTP Request: GET https://timesofindia.indiatimes.com/web-series/news "HTTP/1.1 200 OK"
2025-12-27 22:14:44,922 | INFO | httpx | HTTP Request: GET https://timesofindia.indiatimes.com/toi/firststepbypronamel "HTTP/1.1 200 OK"
2025-12-27 22:14:48,482 | INFO | httpx | HTTP Request: GET https://timesofindia.indiatimes.com/games/loop-a-loop/today "HTTP/1.1 200 OK"
2025-12-27 22:14:49,003 | INFO | httpx | HTTP Request: GET https://timesofindia.indiatimes.com/games/location-guesser/today "HTTP/1.1 200 OK"
2025-12-27 22:14:56,528 | INFO | httpx | HTTP Request: GET https://timesofindia.indiatimes.com/topic/Elon-Musk "HTTP/1.1 200 OK"
2025-12-27 22:14:59,459 | INFO | httpx | HTTP Request: GET https://timesofindia.indiatimes.com/life-style/fashion "HTTP/1.1 200 OK"
2025-12-27 22:15:04,805 | INFO | httpx | HTTP Request: GET https://timesofindia.indiatimes.com/entertainment/hindi/movie-reviews "HTTP/1.1 200 OK"
2025-12-27 22:15:05,465 | INFO | httpx | HTTP Request: GET https://timesofindia.indiatimes.com/entertainment/music "HTTP/1.1 200 OK"
2025-12-27 22:15:06,926 | INFO | httpx | HTTP Request: GET https://timesofindia.indiatimes.com/entertainment/latest-new-movies "HTTP/1.1 200 OK"
2025-12-27 22:15:08,818 | INFO | httpx | HTTP Request: GET https://timesofindia.indiatimes.com/entertainment/tamil/kollywood/top-20-best-tamil-movies-of-2025 "HTTP/1.1 200 OK"
2025-12-27 22:15:10,173 | INFO | httpx | HTTP Request: GET https://timesofindia.indiatimes.com/entertainment/malayalam/mollywood/top-20-best-malayalam-movies-of-2025 "HTTP/1.1 200 OK"
2025-12-27 22:15:10,795 | INFO | httpx | HTTP Request: GET https://timesofindia.indiatimes.com/entertainment/kannada/movies/top-20-best-kannada-movies-of-2025 "HTTP/1.1 200 OK"
2025-12-27 22:15:18,875 | INFO | httpx | HTTP Request: GET https://timesofindia.indiatimes.com/entertainment/hindi/bollywood/news "HTTP/1.1 200 OK"
2025-12-27 22:15:20,167 | INFO | httpx | HTTP Request: GET https://timesofindia.indiatimes.com/travel "HTTP/1.1 301 Moved Permanently"
2025-12-27 22:15:20,718 | INFO | httpx | HTTP Request: GET https://timesofindia.indiatimes.com/travel/ "HTTP/1.1 200 OK"
2025-12-27 22:15:21,321 | INFO | httpx | HTTP Request: GET https://timesofindia.indiatimes.com/travel/ "HTTP/1.1 200 OK"
2025-12-27 22:15:22,598 | INFO | httpx | HTTP Request: GET https://timesofindia.indiatimes.com/business/gold-rates-today/gold-price-in-delhi "HTTP/1.1 200 OK"
2025-12-27 22:15:23,851 | INFO | httpx | HTTP Request: GET https://timesofindia.indiatimes.com/business/markets "HTTP/1.1 200 OK"
2025-12-27 22:15:24,348 | INFO | httpx | HTTP Request: GET https://timesofindia.indiatimes.com/business/platinum-rates-today "HTTP/1.1 200 OK"
2025-12-27 22:15:24,823 | INFO | httpx | HTTP Request: GET https://timesofindia.indiatimes.com/business/silver-rates-today "HTTP/1.1 200 OK"
2025-12-27 22:15:30,766 | INFO | __main__ | ✓ [1] TOI - Breaking News,  Latest News, India News, Wor...
2025-12-27 22:15:32,742 | INFO | httpx | HTTP Request: GET https://timesofindia.indiatimes.com/weather "HTTP/1.1 200 OK"
2025-12-27 22:15:33,806 | INFO | httpx | HTTP Request: GET https://timesofindia.indiatimes.com/games "HTTP/1.1 200 OK"
2025-12-27 22:15:34,282 | INFO | httpx | HTTP Request: GET https://timesofindia.indiatimes.com/videos "HTTP/1.1 200 OK"
2025-12-27 22:15:35,481 | INFO | httpx | HTTP Request: GET https://timesofindia.indiatimes.com/city/delhi "HTTP/1.1 200 OK"
2025-12-27 22:15:35,980 | INFO | httpx | HTTP Request: GET https://timesofindia.indiatimes.com/city/bangalore "HTTP/1.1 200 OK"
2025-12-27 22:15:36,474 | INFO | httpx | HTTP Request: GET https://timesofindia.indiatimes.com/city/hyderabad "HTTP/1.1 200 OK"
2025-12-27 22:15:36,989 | INFO | httpx | HTTP Request: GET https://timesofindia.indiatimes.com/city/kolkata "HTTP/1.1 200 OK"
2025-12-27 22:15:37,425 | INFO | httpx | HTTP Request: GET https://timesofindia.indiatimes.com/city/chennai "HTTP/1.1 200 OK"
2025-12-27 22:15:37,902 | INFO | httpx | HTTP Request: GET https://timesofindia.indiatimes.com/city/agra "HTTP/1.1 200 OK"
2025-12-27 22:15:39,768 | INFO | httpx | HTTP Request: GET https://timesofindia.indiatimes.com/city/ajmer "HTTP/1.1 200 OK"
2025-12-27 22:15:40,257 | INFO | httpx | HTTP Request: GET https://timesofindia.indiatimes.com/city/amaravati "HTTP/1.1 200 OK"
2025-12-27 22:15:42,413 | INFO | httpx | HTTP Request: GET https://timesofindia.indiatimes.com/city/bhopal "HTTP/1.1 200 OK"
2025-12-27 22:15:43,578 | INFO | httpx | HTTP Request: GET https://timesofindia.indiatimes.com/city/aurangabad "HTTP/1.1 200 OK"
2025-12-27 22:15:44,848 | INFO | httpx | HTTP Request: GET https://timesofindia.indiatimes.com/city/cuttack "HTTP/1.1 200 OK"
2025-12-27 22:15:45,462 | INFO | httpx | HTTP Request: GET https://timesofindia.indiatimes.com/city/dehradun "HTTP/1.1 200 OK"
2025-12-27 22:15:46,068 | INFO | httpx | HTTP Request: GET https://timesofindia.indiatimes.com/city/erode "HTTP/1.1 200 OK"
2025-12-27 22:15:46,682 | INFO | httpx | HTTP Request: GET https://timesofindia.indiatimes.com/city/faridabad "HTTP/1.1 200 OK"
2025-12-27 22:15:47,318 | INFO | httpx | HTTP Request: GET https://timesofindia.indiatimes.com/city/ghaziabad "HTTP/1.1 200 OK"
2025-12-27 22:15:48,551 | INFO | httpx | HTTP Request: GET https://timesofindia.indiatimes.com/city/gurgaon "HTTP/1.1 200 OK"
2025-12-27 22:15:49,021 | INFO | httpx | HTTP Request: GET https://timesofindia.indiatimes.com/city/guwahati "HTTP/1.1 200 OK"
2025-12-27 22:15:50,165 | INFO | httpx | HTTP Request: GET https://timesofindia.indiatimes.com/city/imphal "HTTP/1.1 200 OK"
2025-12-27 22:15:50,663 | INFO | httpx | HTTP Request: GET https://timesofindia.indiatimes.com/city/indore "HTTP/1.1 200 OK"
2025-12-27 22:15:51,137 | INFO | httpx | HTTP Request: GET https://timesofindia.indiatimes.com/city/itanagar "HTTP/1.1 200 OK"
2025-12-27 22:15:51,636 | INFO | httpx | HTTP Request: GET https://timesofindia.indiatimes.com/city/jaipur "HTTP/1.1 200 OK"
2025-12-27 22:15:52,437 | INFO | httpx | HTTP Request: GET https://timesofindia.indiatimes.com/city/jamshedpur "HTTP/1.1 200 OK"
2025-12-27 22:15:52,912 | INFO | httpx | HTTP Request: GET https://timesofindia.indiatimes.com/city/jodhpur "HTTP/1.1 200 OK"
2025-12-27 22:15:53,403 | INFO | httpx | HTTP Request: GET https://timesofindia.indiatimes.com/city/kanpur "HTTP/1.1 200 OK"
2025-12-27 22:15:54,575 | INFO | httpx | HTTP Request: GET https://timesofindia.indiatimes.com/city/kohima "HTTP/1.1 200 OK"
2025-12-27 22:15:55,066 | INFO | httpx | HTTP Request: GET https://timesofindia.indiatimes.com/city/kolhapur "HTTP/1.1 200 OK"
2025-12-27 22:15:55,565 | INFO | httpx | HTTP Request: GET https://timesofindia.indiatimes.com/city/kozhikode "HTTP/1.1 200 OK"
2025-12-27 22:15:56,056 | INFO | httpx | HTTP Request: GET https://timesofindia.indiatimes.com/city/ludhiana "HTTP/1.1 200 OK"
2025-12-27 22:15:56,537 | INFO | httpx | HTTP Request: GET https://timesofindia.indiatimes.com/city/lucknow "HTTP/1.1 200 OK"
2025-12-27 22:15:57,064 | INFO | httpx | HTTP Request: GET https://timesofindia.indiatimes.com/city/madurai "HTTP/1.1 200 OK"
2025-12-27 22:15:57,535 | INFO | httpx | HTTP Request: GET https://timesofindia.indiatimes.com/city/mangalore "HTTP/1.1 200 OK"
2025-12-27 22:15:58,008 | INFO | httpx | HTTP Request: GET https://timesofindia.indiatimes.com/city/meerut "HTTP/1.1 200 OK"
2025-12-27 22:15:58,489 | INFO | httpx | HTTP Request: GET https://timesofindia.indiatimes.com/city/mysore "HTTP/1.1 200 OK"
2025-12-27 22:15:59,298 | INFO | httpx | HTTP Request: GET https://timesofindia.indiatimes.com/city/nashik "HTTP/1.1 200 OK"
2025-12-27 22:15:59,786 | INFO | httpx | HTTP Request: GET https://timesofindia.indiatimes.com/city/navi-mumbai "HTTP/1.1 200 OK"
2025-12-27 22:16:00,435 | INFO | httpx | HTTP Request: GET https://timesofindia.indiatimes.com/city/noida "HTTP/1.1 200 OK"
2025-12-27 22:16:00,926 | INFO | httpx | HTTP Request: GET https://timesofindia.indiatimes.com/city/patna "HTTP/1.1 200 OK"
2025-12-27 22:16:01,412 | INFO | httpx | HTTP Request: GET https://timesofindia.indiatimes.com/city/allahabad "HTTP/1.1 200 OK"
2025-12-27 22:16:01,892 | INFO | httpx | HTTP Request: GET https://timesofindia.indiatimes.com/city/puducherry "HTTP/1.1 200 OK"
2025-12-27 22:16:02,396 | INFO | httpx | HTTP Request: GET https://timesofindia.indiatimes.com/city/pune "HTTP/1.1 200 OK"
2025-12-27 22:16:03,579 | INFO | httpx | HTTP Request: GET https://timesofindia.indiatimes.com/city/rajkot "HTTP/1.1 200 OK"
2025-12-27 22:16:04,082 | INFO | httpx | HTTP Request: GET https://timesofindia.indiatimes.com/city/ranchi "HTTP/1.1 200 OK"
2025-12-27 22:16:05,849 | INFO | httpx | HTTP Request: GET https://timesofindia.indiatimes.com/city/shillong "HTTP/1.1 200 OK"
2025-12-27 22:16:06,351 | INFO | httpx | HTTP Request: GET https://timesofindia.indiatimes.com/city/shimla "HTTP/1.1 200 OK"
2025-12-27 22:16:06,862 | INFO | httpx | HTTP Request: GET https://timesofindia.indiatimes.com/city/srinagar "HTTP/1.1 200 OK"
2025-12-27 22:16:07,388 | INFO | httpx | HTTP Request: GET https://timesofindia.indiatimes.com/city/surat "HTTP/1.1 200 OK"
2025-12-27 22:16:07,881 | INFO | httpx | HTTP Request: GET https://timesofindia.indiatimes.com/city/trichy "HTTP/1.1 200 OK"
2025-12-27 22:16:08,372 | INFO | httpx | HTTP Request: GET https://timesofindia.indiatimes.com/city/thiruvananthapuram "HTTP/1.1 200 OK"
2025-12-27 22:16:08,839 | INFO | httpx | HTTP Request: GET https://timesofindia.indiatimes.com/city/udaipur "HTTP/1.1 200 OK"
2025-12-27 22:16:10,054 | INFO | httpx | HTTP Request: GET https://timesofindia.indiatimes.com/city/varanasi "HTTP/1.1 200 OK"
2025-12-27 22:16:10,490 | INFO | httpx | HTTP Request: GET https://timesofindia.indiatimes.com/city/vijayawada "HTTP/1.1 200 OK"
2025-12-27 22:16:11,646 | INFO | httpx | HTTP Request: GET https://timesofindia.indiatimes.com/city/photos "HTTP/1.1 200 OK"
2025-12-27 22:16:12,138 | INFO | httpx | HTTP Request: GET https://timesofindia.indiatimes.com/city/web-stories "HTTP/1.1 200 OK"
2025-12-27 22:16:12,695 | INFO | httpx | HTTP Request: GET https://timesofindia.indiatimes.com/india "HTTP/1.1 200 OK"
2025-12-27 22:16:13,300 | INFO | httpx | HTTP Request: GET https://timesofindia.indiatimes.com/elections/assembly-elections/bihar "HTTP/1.1 200 OK"
2025-12-27 22:16:17,384 | INFO | httpx | HTTP Request: GET https://timesofindia.indiatimes.com/india/andhra-pradesh "HTTP/1.1 200 OK"
2025-12-27 22:16:18,617 | INFO | httpx | HTTP Request: GET https://timesofindia.indiatimes.com/india/gujarat "HTTP/1.1 200 OK"
2025-12-27 22:16:23,485 | INFO | httpx | HTTP Request: GET https://timesofindia.indiatimes.com/india/kerala "HTTP/1.1 200 OK"
2025-12-27 22:16:30,064 | INFO | httpx | HTTP Request: GET https://timesofindia.indiatimes.com/india/web-stories "HTTP/1.1 200 OK"
2025-12-27 22:16:31,237 | INFO | httpx | HTTP Request: GET https://timesofindia.indiatimes.com/india/operation-sindoor "HTTP/1.1 200 OK"
2025-12-27 22:16:31,719 | INFO | httpx | HTTP Request: GET https://timesofindia.indiatimes.com/india/cancelpatriarchy "HTTP/1.1 200 OK"
2025-12-27 22:16:32,241 | INFO | httpx | HTTP Request: GET https://timesofindia.indiatimes.com/world "HTTP/1.1 200 OK"
2025-12-27 22:16:32,735 | INFO | httpx | HTTP Request: GET https://timesofindia.indiatimes.com/technology "HTTP/1.1 200 OK"
2025-12-27 22:16:33,269 | INFO | httpx | HTTP Request: GET https://timesofindia.indiatimes.com/sports/cricket "HTTP/1.1 200 OK"
2025-12-27 22:16:34,517 | INFO | httpx | HTTP Request: GET https://timesofindia.indiatimes.com/tv/hindi "HTTP/1.1 200 OK"
2025-12-27 22:16:34,992 | INFO | httpx | HTTP Request: GET https://timesofindia.indiatimes.com/education "HTTP/1.1 200 OK"
2025-12-27 22:16:36,284 | INFO | httpx | HTTP Request: GET https://timesofindia.indiatimes.com/web-series/news "HTTP/1.1 200 OK"
2025-12-27 22:16:37,768 | INFO | httpx | HTTP Request: GET https://timesofindia.indiatimes.com/blogs "HTTP/1.1 301 Moved Permanently"
2025-12-27 22:16:38,104 | INFO | httpx | HTTP Request: GET http://timesofindia.indiatimes.com/blogs/ "HTTP/1.1 301 Moved Permanently"
2025-12-27 22:16:38,500 | INFO | httpx | HTTP Request: GET https://timesofindia.indiatimes.com/blogs/ "HTTP/1.1 200 OK"
2025-12-27 22:16:38,952 | INFO | httpx | HTTP Request: GET https://timesofindia.indiatimes.com/blogs/ "HTTP/1.1 200 OK"
2025-12-27 22:16:40,078 | INFO | httpx | HTTP Request: GET https://timesofindia.indiatimes.com/toi/firststepbypronamel "HTTP/1.1 200 OK"
2025-12-27 22:16:42,472 | INFO | httpx | HTTP Request: GET https://timesofindia.indiatimes.com/games/connect/today "HTTP/1.1 200 OK"
2025-12-27 22:16:42,945 | INFO | httpx | HTTP Request: GET https://timesofindia.indiatimes.com/games/loop-a-loop/today "HTTP/1.1 200 OK"
2025-12-27 22:16:43,411 | INFO | httpx | HTTP Request: GET https://timesofindia.indiatimes.com/games/location-guesser/today "HTTP/1.1 200 OK"
2025-12-27 22:16:48,691 | INFO | httpx | HTTP Request: GET https://timesofindia.indiatimes.com/world/china "HTTP/1.1 200 OK"
2025-12-27 22:16:49,189 | INFO | httpx | HTTP Request: GET https://timesofindia.indiatimes.com/world/us "HTTP/1.1 200 OK"
2025-12-27 22:16:49,877 | INFO | httpx | HTTP Request: GET https://timesofindia.indiatimes.com/topic/Donald-Trump "HTTP/1.1 200 OK"
2025-12-27 22:16:50,378 | INFO | httpx | HTTP Request: GET https://timesofindia.indiatimes.com/topic/Elon-Musk "HTTP/1.1 200 OK"
2025-12-27 22:16:52,427 | INFO | httpx | HTTP Request: GET https://timesofindia.indiatimes.com/sports/nba "HTTP/1.1 200 OK"
2025-12-27 22:16:52,943 | INFO | httpx | HTTP Request: GET https://timesofindia.indiatimes.com/life-style/fashion "HTTP/1.1 200 OK"
2025-12-27 22:16:56,251 | INFO | httpx | HTTP Request: GET https://timesofindia.indiatimes.com/etimes/trending "HTTP/1.1 200 OK"
2025-12-27 22:16:57,429 | INFO | httpx | HTTP Request: GET https://timesofindia.indiatimes.com/astrology/horoscope "HTTP/1.1 200 OK"
2025-12-27 22:17:00,355 | INFO | httpx | HTTP Request: GET https://timesofindia.indiatimes.com/entertainment/latest-new-movies "HTTP/1.1 200 OK"
2025-12-27 22:17:01,895 | INFO | httpx | HTTP Request: GET https://timesofindia.indiatimes.com/entertainment/english/hollywood/top-20-best-hollywood-movies-of-2025 "HTTP/1.1 200 OK"
2025-12-27 22:17:02,608 | INFO | httpx | HTTP Request: GET https://timesofindia.indiatimes.com/entertainment/tamil/kollywood/top-20-best-tamil-movies-of-2025 "HTTP/1.1 200 OK"
2025-12-27 22:17:08,064 | INFO | httpx | HTTP Request: GET https://timesofindia.indiatimes.com/business/gold-rates-today "HTTP/1.1 200 OK"
2025-12-27 22:17:08,854 | INFO | httpx | HTTP Request: GET https://gadgetsnow.indiatimes.com/mobile-phones "HTTP/1.1 200 OK"
2025-12-27 22:17:10,008 | INFO | httpx | HTTP Request: GET https://timesofindia.indiatimes.com/voice-of-conscience "HTTP/1.1 200 OK"
2025-12-27 22:17:10,473 | INFO | httpx | HTTP Request: GET https://timesofindia.indiatimes.com/auto "HTTP/1.1 200 OK"
2025-12-27 22:17:14,512 | INFO | httpx | HTTP Request: GET https://timesofindia.indiatimes.com/travel "HTTP/1.1 301 Moved Permanently"
2025-12-27 22:17:16,733 | INFO | httpx | HTTP Request: GET https://timesofindia.indiatimes.com/business/bank-holidays/is-bank-open-today "HTTP/1.1 200 OK"
2025-12-27 22:17:17,235 | INFO | httpx | HTTP Request: GET https://timesofindia.indiatimes.com/business/bank-holidays/is-bank-open-tomorrow "HTTP/1.1 200 OK"
2025-12-27 22:17:17,704 | INFO | httpx | HTTP Request: GET https://timesofindia.indiatimes.com/technology/tech-news "HTTP/1.1 200 OK"
2025-12-27 22:17:18,183 | INFO | httpx | HTTP Request: GET https://timesofindia.indiatimes.com/india/public-holidays "HTTP/1.1 200 OK"
2025-12-27 22:17:21,949 | INFO | __main__ | ✓ [1] Stock Market Today | Share Market Live Updates, In...
2025-12-27 22:17:22,425 | INFO | httpx | HTTP Request: GET https://timesofindia.indiatimes.com/us "HTTP/1.1 200 OK"
2025-12-27 22:17:23,031 | INFO | httpx | HTTP Request: GET https://navbharattimes.indiatimes.com/ "HTTP/1.1 200 OK"
2025-12-27 22:17:24,463 | INFO | httpx | HTTP Request: GET https://timesofindia.indiatimes.com/weather "HTTP/1.1 200 OK"
2025-12-27 22:17:26,327 | INFO | httpx | HTTP Request: GET https://timesofindia.indiatimes.com/business/gold-rates-today "HTTP/1.1 200 OK"
2025-12-27 22:17:30,971 | INFO | httpx | HTTP Request: GET https://timesofindia.indiatimes.com/business/ifsc-code "HTTP/1.1 200 OK"
2025-12-27 22:18:03,814 | INFO | httpx | HTTP Request: GET https://timesofindia.indiatimes.com/sports/cricket/icc-mens-t20-world-cup/schedule "HTTP/1.1 200 OK"
2025-12-27 22:18:04,348 | INFO | httpx | HTTP Request: GET https://www.indiatimes.com/termsandcondition "HTTP/1.1 200 OK"
2025-12-27 22:18:05,659 | INFO | httpx | HTTP Request: GET https://timesofindia.indiatimes.com/life-style/food-news "HTTP/1.1 200 OK"
2025-12-27 22:18:06,180 | INFO | httpx | HTTP Request: GET https://timesofindia.indiatimes.com/tv/hindi "HTTP/1.1 200 OK"
2025-12-27 22:18:06,824 | INFO | httpx | HTTP Request: GET https://timesofindia.indiatimes.com/travel/destinations "HTTP/1.1 200 OK"
2025-12-27 22:18:08,129 | INFO | httpx | HTTP Request: GET https://gadgetsnow.indiatimes.com/?_gl=1%2Ah4drpd%2A_ga%2AMjAzNTc2Njg5OS4xNzI3MjUzODEz%2A_ga_FCN624MN68%2AMTczNzQ1MDg1OS4xMzIuMS4xNzM3NDUzMzIyLjU0LjAuMA.. "HTTP/1.1 200 OK"
2025-12-27 22:18:11,393 | INFO | httpx | HTTP Request: GET https://timesofindia.indiatimes.com/tv "HTTP/1.1 200 OK"
2025-12-27 22:18:12,596 | INFO | httpx | HTTP Request: GET https://timesofindia.indiatimes.com/travel "HTTP/1.1 301 Moved Permanently"
2025-12-27 22:18:13,267 | INFO | httpx | HTTP Request: GET https://timesofindia.indiatimes.com/travel/ "HTTP/1.1 200 OK"
2025-12-27 22:18:13,748 | INFO | httpx | HTTP Request: GET https://timesofindia.indiatimes.com/travel/ "HTTP/1.1 200 OK"
2025-12-27 22:18:14,932 | INFO | httpx | HTTP Request: GET https://timesofindia.indiatimes.com/astrology/chinese-horoscope/rat "HTTP/1.1 200 OK"
2025-12-27 22:18:16,801 | INFO | httpx | HTTP Request: GET https://timesofindia.indiatimes.com/business/bank-holidays/december "HTTP/1.1 200 OK"
2025-12-27 22:18:17,328 | INFO | httpx | HTTP Request: GET https://timesofindia.indiatimes.com/india/public-holidays/december "HTTP/1.1 200 OK"
2025-12-27 22:18:17,817 | INFO | httpx | HTTP Request: GET https://timesofindia.indiatimes.com/business/stock-market-holidays "HTTP/1.1 200 OK"
2025-12-27 22:18:18,314 | INFO | httpx | HTTP Request: GET https://timesofindia.indiatimes.com/sports/nfl/schedule "HTTP/1.1 200 OK"
2025-12-27 22:18:18,820 | INFO | httpx | HTTP Request: GET https://timesofindia.indiatimes.com/technology/tech-news "HTTP/1.1 200 OK"
2025-12-27 22:18:19,285 | INFO | httpx | HTTP Request: GET https://timesofindia.indiatimes.com/sports/international-sports "HTTP/1.1 200 OK"
2025-12-27 22:18:19,832 | INFO | httpx | HTTP Request: GET https://timesofindia.indiatimes.com/india/public-holidays "HTTP/1.1 200 OK"
2025-12-27 22:18:20,328 | INFO | httpx | HTTP Request: GET https://timesofindia.indiatimes.com/business/bank-holidays "HTTP/1.1 200 OK"
2025-12-27 22:18:22,506 | INFO | __main__ | ✓ [1] India City News, Indian Cities | Cities News - Tim...
2025-12-27 22:18:22,966 | INFO | httpx | HTTP Request: GET https://timesofindia.indiatimes.com/us "HTTP/1.1 200 OK"
2025-12-27 22:18:23,579 | INFO | httpx | HTTP Request: GET https://navbharattimes.indiatimes.com/ "HTTP/1.1 200 OK"
2025-12-27 22:18:24,322 | INFO | httpx | HTTP Request: GET https://marathi.indiatimes.com/ "HTTP/1.1 301 Moved Permanently"
2025-12-27 22:18:25,408 | INFO | httpx | HTTP Request: GET https://timesofindia.indiatimes.com/weather "HTTP/1.1 200 OK"
2025-12-27 22:18:26,426 | INFO | httpx | HTTP Request: GET https://timesofindia.indiatimes.com/city/delhi "HTTP/1.1 200 OK"
2025-12-27 22:18:27,864 | INFO | httpx | HTTP Request: GET https://timesofindia.indiatimes.com/city/kolkata "HTTP/1.1 200 OK"
2025-12-27 22:18:28,394 | INFO | httpx | HTTP Request: GET https://timesofindia.indiatimes.com/city/chennai "HTTP/1.1 200 OK"
2025-12-27 22:18:28,904 | INFO | httpx | HTTP Request: GET https://timesofindia.indiatimes.com/city/agra "HTTP/1.1 200 OK"
2025-12-27 22:18:29,416 | INFO | httpx | HTTP Request: GET https://timesofindia.indiatimes.com/city/agartala "HTTP/1.1 200 OK"
2025-12-27 22:18:29,995 | INFO | httpx | HTTP Request: GET https://timesofindia.indiatimes.com/city/ahmedabad "HTTP/1.1 200 OK"
2025-12-27 22:18:31,205 | INFO | httpx | HTTP Request: GET https://timesofindia.indiatimes.com/city/amaravati "HTTP/1.1 200 OK"
2025-12-27 22:18:31,707 | INFO | httpx | HTTP Request: GET https://timesofindia.indiatimes.com/city/amritsar "HTTP/1.1 200 OK"
2025-12-27 22:18:32,246 | INFO | httpx | HTTP Request: GET https://timesofindia.indiatimes.com/city/bareilly "HTTP/1.1 200 OK"
2025-12-27 22:18:32,821 | INFO | httpx | HTTP Request: GET https://timesofindia.indiatimes.com/city/bhubaneswar "HTTP/1.1 200 OK"
2025-12-27 22:18:33,355 | INFO | httpx | HTTP Request: GET https://timesofindia.indiatimes.com/city/bhopal "HTTP/1.1 200 OK"
2025-12-27 22:18:33,865 | INFO | httpx | HTTP Request: GET https://timesofindia.indiatimes.com/city/chandigarh "HTTP/1.1 200 OK"
2025-12-27 22:18:34,383 | INFO | httpx | HTTP Request: GET https://timesofindia.indiatimes.com/city/aurangabad "HTTP/1.1 200 OK"
2025-12-27 22:18:34,892 | INFO | httpx | HTTP Request: GET https://timesofindia.indiatimes.com/city/coimbatore "HTTP/1.1 200 OK"
2025-12-27 22:18:35,486 | INFO | httpx | HTTP Request: GET https://timesofindia.indiatimes.com/city/cuttack "HTTP/1.1 200 OK"
2025-12-27 22:18:35,960 | INFO | httpx | HTTP Request: GET https://timesofindia.indiatimes.com/city/dehradun "HTTP/1.1 200 OK"
2025-12-27 22:18:36,628 | INFO | httpx | HTTP Request: GET https://timesofindia.indiatimes.com/city/erode "HTTP/1.1 200 OK"
2025-12-27 22:18:37,095 | INFO | httpx | HTTP Request: GET https://timesofindia.indiatimes.com/city/faridabad "HTTP/1.1 200 OK"
2025-12-27 22:18:57,700 | INFO | httpx | HTTP Request: GET https://timesofindia.indiatimes.com/city/puducherry "HTTP/1.1 200 OK"
2025-12-27 22:18:58,195 | INFO | httpx | HTTP Request: GET https://timesofindia.indiatimes.com/city/pune "HTTP/1.1 200 OK"
2025-12-27 22:18:58,688 | INFO | httpx | HTTP Request: GET https://timesofindia.indiatimes.com/city/raipur "HTTP/1.1 200 OK"
2025-12-27 22:18:59,181 | INFO | httpx | HTTP Request: GET https://timesofindia.indiatimes.com/city/rajkot "HTTP/1.1 200 OK"
2025-12-27 22:18:59,688 | INFO | httpx | HTTP Request: GET https://timesofindia.indiatimes.com/city/ranchi "HTTP/1.1 200 OK"
2025-12-27 22:19:00,879 | INFO | httpx | HTTP Request: GET https://timesofindia.indiatimes.com/city/salem "HTTP/1.1 200 OK"
2025-12-27 22:19:01,461 | INFO | httpx | HTTP Request: GET https://timesofindia.indiatimes.com/city/shillong "HTTP/1.1 200 OK"
2025-12-27 22:19:01,956 | INFO | httpx | HTTP Request: GET https://timesofindia.indiatimes.com/city/shimla "HTTP/1.1 200 OK"
2025-12-27 22:19:02,487 | INFO | httpx | HTTP Request: GET https://timesofindia.indiatimes.com/city/srinagar "HTTP/1.1 200 OK"
2025-12-27 22:19:02,975 | INFO | httpx | HTTP Request: GET https://timesofindia.indiatimes.com/city/surat "HTTP/1.1 200 OK"
2025-12-27 22:19:03,461 | INFO | httpx | HTTP Request: GET https://timesofindia.indiatimes.com/city/trichy "HTTP/1.1 200 OK"
2025-12-27 22:19:03,927 | INFO | httpx | HTTP Request: GET https://timesofindia.indiatimes.com/city/thiruvananthapuram "HTTP/1.1 200 OK"
2025-12-27 22:19:04,411 | INFO | httpx | HTTP Request: GET https://timesofindia.indiatimes.com/city/udaipur "HTTP/1.1 200 OK"
2025-12-27 22:19:04,910 | INFO | httpx | HTTP Request: GET https://timesofindia.indiatimes.com/city/vadodara "HTTP/1.1 200 OK"
2025-12-27 22:19:05,406 | INFO | httpx | HTTP Request: GET https://timesofindia.indiatimes.com/city/varanasi "HTTP/1.1 200 OK"
2025-12-27 22:19:06,027 | INFO | httpx | HTTP Request: GET https://timesofindia.indiatimes.com/city/vijayawada "HTTP/1.1 200 OK"
2025-12-27 22:19:06,529 | INFO | httpx | HTTP Request: GET https://timesofindia.indiatimes.com/city/visakhapatnam "HTTP/1.1 200 OK"
2025-12-27 22:19:07,007 | INFO | httpx | HTTP Request: GET https://timesofindia.indiatimes.com/city/photos "HTTP/1.1 200 OK"
2025-12-27 22:19:07,589 | INFO | httpx | HTTP Request: GET https://timesofindia.indiatimes.com/city/web-stories "HTTP/1.1 200 OK"
2025-12-27 22:19:08,166 | INFO | httpx | HTTP Request: GET https://timesofindia.indiatimes.com/weather/delhi-aqi-level-air-quality-index-today/3291 "HTTP/1.1 301 Moved Permanently"
2025-12-27 22:19:09,925 | INFO | httpx | HTTP Request: GET https://timesofindia.indiatimes.com/weather/kolkata-aqi-level-air-quality-index-today/3309 "HTTP/1.1 200 OK"
2025-12-27 22:19:10,469 | INFO | httpx | HTTP Request: GET https://timesofindia.indiatimes.com/weather/bengaluru-aqi-level-air-quality-index-today/3261 "HTTP/1.1 301 Moved Permanently"
2025-12-27 22:19:10,895 | INFO | httpx | HTTP Request: GET https://timesofindia.indiatimes.com/weather/bangalore-aqi-level-air-quality-index-today/3261 "HTTP/1.1 200 OK"
2025-12-27 22:19:11,392 | INFO | httpx | HTTP Request: GET https://timesofindia.indiatimes.com/weather/bangalore-aqi-level-air-quality-index-today/3261 "HTTP/1.1 200 OK"
2025-12-27 22:19:11,874 | INFO | httpx | HTTP Request: GET https://timesofindia.indiatimes.com/weather/chennai-aqi-level-air-quality-index-today/3246 "HTTP/1.1 200 OK"
2025-12-27 22:19:12,376 | INFO | httpx | HTTP Request: GET https://timesofindia.indiatimes.com/weather/hyderabad-aqi-level-air-quality-index-today/3288 "HTTP/1.1 200 OK"
2025-12-27 22:19:12,986 | INFO | httpx | HTTP Request: GET https://timesofindia.indiatimes.com/weather/gurugram-aqi-level-air-quality-index-today/3227 "HTTP/1.1 301 Moved Permanently"
2025-12-27 22:19:13,389 | INFO | httpx | HTTP Request: GET https://timesofindia.indiatimes.com/weather/gurgaon-aqi-level-air-quality-index-today/3227 "HTTP/1.1 200 OK"
2025-12-27 22:19:14,590 | INFO | httpx | HTTP Request: GET https://timesofindia.indiatimes.com/weather/noida-aqi-level-air-quality-index-today/3319 "HTTP/1.1 200 OK"
2025-12-27 22:19:15,102 | INFO | httpx | HTTP Request: GET https://timesofindia.indiatimes.com/weather/ahmedabad-aqi-level-air-quality-index-today/3252 "HTTP/1.1 200 OK"
2025-12-27 22:19:20,469 | INFO | httpx | HTTP Request: GET https://www.indiatimes.com/termsandcondition "HTTP/1.1 200 OK"
2025-12-27 22:19:22,180 | INFO | httpx | HTTP Request: GET https://timesofindia.indiatimes.com/tv/hindi "HTTP/1.1 200 OK"
2025-12-27 22:19:22,896 | INFO | httpx | HTTP Request: GET https://timesofindia.indiatimes.com/travel/destinations "HTTP/1.1 200 OK"
2025-12-27 22:19:24,148 | INFO | httpx | HTTP Request: GET https://gadgetsnow.indiatimes.com/?_gl=1%2Ah4drpd%2A_ga%2AMjAzNTc2Njg5OS4xNzI3MjUzODEz%2A_ga_FCN624MN68%2AMTczNzQ1MDg1OS4xMzIuMS4xNzM3NDUzMzIyLjU0LjAuMA.. "HTTP/1.1 200 OK"
2025-12-27 22:19:25,350 | INFO | httpx | HTTP Request: GET https://timesofindia.indiatimes.com/india "HTTP/1.1 200 OK"
2025-12-27 22:19:25,867 | INFO | httpx | HTTP Request: GET https://timesofindia.indiatimes.com/world "HTTP/1.1 200 OK"
2025-12-27 22:19:27,771 | INFO | httpx | HTTP Request: GET https://timesofindia.indiatimes.com/technology "HTTP/1.1 200 OK"
2025-12-27 22:19:28,317 | INFO | httpx | HTTP Request: GET https://timesofindia.indiatimes.com/travel "HTTP/1.1 301 Moved Permanently"
2025-12-27 22:19:28,844 | INFO | httpx | HTTP Request: GET https://timesofindia.indiatimes.com/travel/ "HTTP/1.1 200 OK"
2025-12-27 22:19:29,307 | INFO | httpx | HTTP Request: GET https://timesofindia.indiatimes.com/travel/ "HTTP/1.1 200 OK"
2025-12-27 22:19:30,720 | INFO | httpx | HTTP Request: GET https://timesofindia.indiatimes.com/astrology/chinese-horoscope/rat "HTTP/1.1 200 OK"
2025-12-27 22:19:31,374 | INFO | httpx | HTTP Request: GET https://timesofindia.indiatimes.com/business/gold-rates-today "HTTP/1.1 200 OK"
2025-12-27 22:19:31,966 | INFO | httpx | HTTP Request: GET https://timesofindia.indiatimes.com/business/bank-holidays/is-bank-open-today "HTTP/1.1 200 OK"
2025-12-27 22:19:33,138 | INFO | httpx | HTTP Request: GET https://timesofindia.indiatimes.com/business/bank-holidays/december "HTTP/1.1 200 OK"
2025-12-27 22:19:33,697 | INFO | httpx | HTTP Request: GET https://timesofindia.indiatimes.com/india/public-holidays/december "HTTP/1.1 200 OK"
2025-12-27 22:19:34,245 | INFO | httpx | HTTP Request: GET https://timesofindia.indiatimes.com/business/stock-market-holidays "HTTP/1.1 200 OK"
2025-12-27 22:19:34,731 | INFO | httpx | HTTP Request: GET https://timesofindia.indiatimes.com/sports/nfl/schedule "HTTP/1.1 200 OK"
2025-12-27 22:19:35,860 | INFO | httpx | HTTP Request: GET https://timesofindia.indiatimes.com/sports/international-sports "HTTP/1.1 200 OK"
2025-12-27 22:19:39,145 | INFO | __main__ | ✓ [1] Business News Today: Stock Markets, Financial News...
2025-12-27 22:19:39,689 | INFO | httpx | HTTP Request: GET https://timesofindia.indiatimes.com/us "HTTP/1.1 200 OK"
2025-12-27 22:19:43,816 | INFO | httpx | HTTP Request: GET https://timesofindia.indiatimes.com/business/gold-rates-today "HTTP/1.1 200 OK"
2025-12-27 22:19:56,578 | INFO | httpx | HTTP Request: GET https://timesofindia.indiatimes.com/RightToExcellence/Financial-Literacy-Summit "HTTP/1.1 200 OK"
2025-12-27 22:20:01,855 | INFO | httpx | HTTP Request: GET https://timesofindia.indiatimes.com/photostories "HTTP/1.1 200 OK"
2025-12-27 22:20:07,152 | INFO | httpx | HTTP Request: GET https://timesofindia.indiatimes.com/business/banking "HTTP/1.1 200 OK"
2025-12-27 22:20:10,421 | INFO | httpx | HTTP Request: GET https://timesofindia.indiatimes.com/business/india-business/ifsc-bank-codes "HTTP/1.1 301 Moved Permanently"
2025-12-27 22:20:11,599 | INFO | httpx | HTTP Request: GET https://timesofindia.indiatimes.com/business/india-business/ifsc-bank-codes/params/ifsccode/bank-indian-bank "HTTP/1.1 301 Moved Permanently"
2025-12-27 22:20:13,177 | INFO | httpx | HTTP Request: GET https://timesofindia.indiatimes.com/business/india-business/ifsc-bank-codes/params/ifsccode/bank-yes-bank "HTTP/1.1 301 Moved Permanently"
2025-12-27 22:20:14,406 | INFO | httpx | HTTP Request: GET https://timesofindia.indiatimes.com/business/india-business/ifsc-bank-codes/params/ifsccode/bank-punjab-national-bank "HTTP/1.1 301 Moved Permanently"
2025-12-27 22:20:15,585 | INFO | httpx | HTTP Request: GET https://timesofindia.indiatimes.com/business/india-business/ifsc-bank-codes/params/ifsccode/bank-kotak-mahindra-bank-limited "HTTP/1.1 301 Moved Permanently"
2025-12-27 22:20:16,865 | INFO | httpx | HTTP Request: GET https://timesofindia.indiatimes.com/business/india-business/ifsc-bank-codes/params/ifsccode/bank-citi-bank "HTTP/1.1 301 Moved Permanently"
2025-12-27 22:20:18,100 | INFO | httpx | HTTP Request: GET https://timesofindia.indiatimes.com/business/india-business/ifsc-bank-codes/params/ifsccode/bank-axis-bank "HTTP/1.1 301 Moved Permanently"
2025-12-27 22:20:20,646 | INFO | httpx | HTTP Request: GET https://timesofindia.indiatimes.com/business/india-business/ifsc-bank-codes/params/ifsccode/bank-hdfc-bank "HTTP/1.1 301 Moved Permanently"
2025-12-27 22:20:21,883 | INFO | httpx | HTTP Request: GET https://timesofindia.indiatimes.com/business/india-business/ifsc-bank-codes/params/ifsccode/bank-state-bank-of-india "HTTP/1.1 301 Moved Permanently"
2025-12-27 22:20:23,051 | INFO | httpx | HTTP Request: GET https://timesofindia.indiatimes.com/business/india-business/ifsc-bank-codes/params/ifsccode/bank-icici-bank-limited "HTTP/1.1 301 Moved Permanently"
2025-12-27 22:20:24,802 | INFO | httpx | HTTP Request: GET https://timesofindia.indiatimes.com/business/bank-holidays/is-bank-open-tomorrow "HTTP/1.1 200 OK"
2025-12-27 22:20:25,321 | INFO | httpx | HTTP Request: GET https://timesofindia.indiatimes.com/topic/Aadhaar-card "HTTP/1.1 200 OK"
2025-12-27 22:20:25,785 | INFO | httpx | HTTP Request: GET https://timesofindia.indiatimes.com/business/bank-holidays/is-bank-open-today "HTTP/1.1 200 OK"
2025-12-27 22:20:26,250 | INFO | httpx | HTTP Request: GET https://timesofindia.indiatimes.com/business/stock-market-holidays "HTTP/1.1 200 OK"
2025-12-27 22:20:26,736 | INFO | httpx | HTTP Request: GET https://timesofindia.indiatimes.com/business/bank-holidays/december "HTTP/1.1 200 OK"
2025-12-27 22:20:27,215 | INFO | httpx | HTTP Request: GET https://timesofindia.indiatimes.com/india/public-holidays/december "HTTP/1.1 200 OK"
2025-12-27 22:20:27,695 | INFO | httpx | HTTP Request: GET https://timesofindia.indiatimes.com/sports/cricket/icc-mens-t20-world-cup/schedule "HTTP/1.1 200 OK"
2025-12-27 22:20:28,275 | INFO | httpx | HTTP Request: GET https://www.indiatimes.com/termsandcondition "HTTP/1.1 200 OK"
2025-12-27 22:20:28,955 | INFO | httpx | HTTP Request: GET https://timesofindia.indiatimes.com/life-style "HTTP/1.1 200 OK"
2025-12-27 22:20:30,204 | INFO | httpx | HTTP Request: GET https://timesofindia.indiatimes.com/tv/hindi "HTTP/1.1 200 OK"
2025-12-27 22:20:30,746 | INFO | httpx | HTTP Request: GET https://timesofindia.indiatimes.com/travel/destinations "HTTP/1.1 200 OK"
2025-12-27 22:20:31,976 | INFO | httpx | HTTP Request: GET https://gadgetsnow.indiatimes.com/?_gl=1%2Ah4drpd%2A_ga%2AMjAzNTc2Njg5OS4xNzI3MjUzODEz%2A_ga_FCN624MN68%2AMTczNzQ1MDg1OS4xMzIuMS4xNzM3NDUzMzIyLjU0LjAuMA.. "HTTP/1.1 200 OK"
2025-12-27 22:20:33,231 | INFO | httpx | HTTP Request: GET https://timesofindia.indiatimes.com/india "HTTP/1.1 200 OK"
2025-12-27 22:20:33,834 | INFO | httpx | HTTP Request: GET https://timesofindia.indiatimes.com/world "HTTP/1.1 200 OK"
2025-12-27 22:20:35,892 | INFO | httpx | HTTP Request: GET https://timesofindia.indiatimes.com/technology "HTTP/1.1 200 OK"
2025-12-27 22:20:36,455 | INFO | httpx | HTTP Request: GET https://timesofindia.indiatimes.com/travel "HTTP/1.1 301 Moved Permanently"
2025-12-27 22:20:37,078 | INFO | httpx | HTTP Request: GET https://timesofindia.indiatimes.com/travel/ "HTTP/1.1 200 OK"
2025-12-27 22:20:37,536 | INFO | httpx | HTTP Request: GET https://timesofindia.indiatimes.com/travel/ "HTTP/1.1 200 OK"
2025-12-27 22:20:38,712 | INFO | httpx | HTTP Request: GET https://timesofindia.indiatimes.com/astrology/chinese-horoscope/rat "HTTP/1.1 200 OK"
2025-12-27 22:20:39,239 | INFO | httpx | HTTP Request: GET https://timesofindia.indiatimes.com/sports/nfl/schedule "HTTP/1.1 200 OK"
2025-12-27 22:20:40,411 | INFO | httpx | HTTP Request: GET https://timesofindia.indiatimes.com/sports/international-sports "HTTP/1.1 200 OK"
2025-12-27 22:20:40,916 | INFO | httpx | HTTP Request: GET https://timesofindia.indiatimes.com/india/public-holidays "HTTP/1.1 200 OK"
2025-12-27 22:20:41,419 | INFO | httpx | HTTP Request: GET https://timesofindia.indiatimes.com/business/bank-holidays "HTTP/1.1 200 OK"
2025-12-27 22:20:43,709 | INFO | __main__ | ✓ [1] Platinum Rate Today - Check Platinum Price Per Gra...
2025-12-27 22:20:44,296 | INFO | httpx | HTTP Request: GET https://timesofindia.indiatimes.com/us "HTTP/1.1 200 OK"
2025-12-27 22:20:45,270 | INFO | httpx | HTTP Request: GET https://marathi.indiatimes.com/ "HTTP/1.1 301 Moved Permanently"
2025-12-27 22:20:45,626 | INFO | httpx | HTTP Request: GET https://maharashtratimes.com/ "HTTP/1.1 200 OK"
2025-12-27 22:20:46,989 | INFO | httpx | HTTP Request: GET https://timesofindia.indiatimes.com/weather "HTTP/1.1 200 OK"
2025-12-27 22:20:47,519 | INFO | httpx | HTTP Request: GET https://timesofindia.indiatimes.com/business/mutual-funds "HTTP/1.1 200 OK"
2025-12-27 22:20:48,057 | INFO | httpx | HTTP Request: GET https://timesofindia.indiatimes.com/business/infrastructure "HTTP/1.1 200 OK"
2025-12-27 22:20:48,535 | INFO | httpx | HTTP Request: GET https://timesofindia.indiatimes.com/business/gold-rates-today "HTTP/1.1 200 OK"
2025-12-27 22:20:49,012 | INFO | httpx | HTTP Request: GET https://timesofindia.indiatimes.com/business/financial-literacy "HTTP/1.1 200 OK"
2025-12-27 22:20:49,592 | INFO | httpx | HTTP Request: GET https://timesofindia.indiatimes.com/business/dontgetscammed "HTTP/1.1 200 OK"
2025-12-27 22:20:52,350 | INFO | httpx | HTTP Request: GET https://timesofindia.indiatimes.com/business/cybersecurity "HTTP/1.1 200 OK"
2025-12-27 22:20:53,983 | INFO | httpx | HTTP Request: GET https://timesofindia.indiatimes.com/business/cryptocurrency "HTTP/1.1 200 OK"
2025-12-27 22:20:54,499 | INFO | httpx | HTTP Request: GET https://timesofindia.indiatimes.com/toi-dialogues "HTTP/1.1 200 OK"
2025-12-27 22:20:57,413 | INFO | httpx | HTTP Request: GET https://timesofindia.indiatimes.com/business/startups "HTTP/1.1 200 OK"
2025-12-27 22:20:57,910 | INFO | httpx | HTTP Request: GET https://timesofindia.indiatimes.com/videos/business "HTTP/1.1 200 OK"
2025-12-27 22:20:59,719 | INFO | httpx | HTTP Request: GET https://timesofindia.indiatimes.com/RightToExcellence/Financial-Literacy-Summit "HTTP/1.1 200 OK"
2025-12-27 22:21:23,709 | INFO | httpx | HTTP Request: GET https://timesofindia.indiatimes.com/business/silver-rates-today/silver-price-in-mumbai "HTTP/1.1 200 OK"
2025-12-27 22:21:24,861 | INFO | httpx | HTTP Request: GET https://timesofindia.indiatimes.com/business/silver-rates-today/silver-price-in-hyderabad "HTTP/1.1 200 OK"
2025-12-27 22:21:29,522 | INFO | httpx | HTTP Request: GET https://timesofindia.indiatimes.com/sports/cricket/icc-mens-t20-world-cup/schedule "HTTP/1.1 200 OK"
2025-12-27 22:21:30,179 | INFO | httpx | HTTP Request: GET https://www.indiatimes.com/termsandcondition "HTTP/1.1 200 OK"
2025-12-27 22:21:37,562 | INFO | httpx | HTTP Request: GET https://timesofindia.indiatimes.com/technology "HTTP/1.1 200 OK"
2025-12-27 22:21:38,591 | INFO | httpx | HTTP Request: GET https://timesofindia.indiatimes.com/travel "HTTP/1.1 301 Moved Permanently"
2025-12-27 22:21:41,230 | INFO | httpx | HTTP Request: GET https://timesofindia.indiatimes.com/business/bank-holidays/is-bank-open-today "HTTP/1.1 200 OK"
2025-12-27 22:21:41,752 | INFO | httpx | HTTP Request: GET https://timesofindia.indiatimes.com/business/bank-holidays/is-bank-open-tomorrow "HTTP/1.1 200 OK"
2025-12-27 22:21:42,248 | INFO | httpx | HTTP Request: GET https://timesofindia.indiatimes.com/business/bank-holidays/december "HTTP/1.1 200 OK"
2025-12-27 22:21:42,737 | INFO | httpx | HTTP Request: GET https://timesofindia.indiatimes.com/india/public-holidays/december "HTTP/1.1 200 OK"
2025-12-27 22:21:43,288 | INFO | httpx | HTTP Request: GET https://timesofindia.indiatimes.com/business/stock-market-holidays "HTTP/1.1 200 OK"
2025-12-27 22:21:43,802 | INFO | httpx | HTTP Request: GET https://timesofindia.indiatimes.com/sports/nfl/schedule "HTTP/1.1 200 OK"
2025-12-27 22:21:44,304 | INFO | httpx | HTTP Request: GET https://timesofindia.indiatimes.com/technology/tech-news "HTTP/1.1 200 OK"
2025-12-27 22:21:45,550 | INFO | httpx | HTTP Request: GET https://timesofindia.indiatimes.com/india/public-holidays "HTTP/1.1 200 OK"
2025-12-27 22:21:46,043 | INFO | httpx | HTTP Request: GET https://timesofindia.indiatimes.com/business/bank-holidays "HTTP/1.1 200 OK"
2025-12-27 22:21:47,387 | INFO | __main__ | ✓ [1] Bollywood News, Latest Bollywood Gossip, Actresses...
2025-12-27 22:21:50,261 | INFO | httpx | HTTP Request: GET https://timesofindia.indiatimes.com/tv/hindi "HTTP/1.1 200 OK"
2025-12-27 22:21:50,798 | INFO | httpx | HTTP Request: GET https://timesofindia.indiatimes.com/web-series/news "HTTP/1.1 200 OK"
2025-12-27 22:21:52,870 | INFO | httpx | HTTP Request: GET https://timesofindia.indiatimes.com/entertainment/music "HTTP/1.1 200 OK"
2025-12-27 22:21:54,144 | INFO | httpx | HTTP Request: GET https://timesofindia.indiatimes.com/entertainment/hindi/theatre "HTTP/1.1 200 OK"
2025-12-27 22:21:55,054 | INFO | httpx | HTTP Request: GET https://timesofindia.indiatimes.com/etimes/gaming "HTTP/1.1 200 OK"
2025-12-27 22:21:56,397 | INFO | httpx | HTTP Request: GET https://timesofindia.indiatimes.com/entertainment/movie-reviews "HTTP/1.1 200 OK"
2025-12-27 22:21:57,626 | INFO | httpx | HTTP Request: GET https://timesofindia.indiatimes.com/entertainment/english/movie-reviews "HTTP/1.1 200 OK"
2025-12-27 22:21:58,239 | INFO | httpx | HTTP Request: GET https://timesofindia.indiatimes.com/entertainment/tamil/movie-reviews "HTTP/1.1 200 OK"
2025-12-27 22:21:59,570 | INFO | httpx | HTTP Request: GET https://timesofindia.indiatimes.com/entertainment/malayalam/movie-reviews "HTTP/1.1 200 OK"
2025-12-27 22:22:00,123 | INFO | httpx | HTTP Request: GET https://timesofindia.indiatimes.com/entertainment/kannada/movie-reviews "HTTP/1.1 200 OK"
2025-12-27 22:22:00,702 | INFO | httpx | HTTP Request: GET https://timesofindia.indiatimes.com/entertainment/bengali/movie-reviews "HTTP/1.1 200 OK"
2025-12-27 22:22:02,642 | INFO | httpx | HTTP Request: GET https://timesofindia.indiatimes.com/entertainment/bhojpuri/movie-reviews "HTTP/1.1 200 OK"
2025-12-27 22:22:03,221 | INFO | httpx | HTTP Request: GET https://timesofindia.indiatimes.com/entertainment/gujarati/movie-reviews "HTTP/1.1 200 OK"
2025-12-27 22:22:04,736 | INFO | httpx | HTTP Request: GET https://timesofindia.indiatimes.com/entertainment/latest-new-movies/tamil-movies "HTTP/1.1 200 OK"
2025-12-27 22:22:05,249 | INFO | httpx | HTTP Request: GET https://timesofindia.indiatimes.com/entertainment/latest-new-movies/telugu-movies "HTTP/1.1 200 OK"
2025-12-27 22:22:07,461 | INFO | httpx | HTTP Request: GET https://timesofindia.indiatimes.com/entertainment/latest-new-movies/bengali-movies "HTTP/1.1 200 OK"
2025-12-27 22:22:08,435 | INFO | httpx | HTTP Request: GET https://timesofindia.indiatimes.com/entertainment/latest-new-movies/punjabi-movies "HTTP/1.1 200 OK"
2025-12-27 22:22:09,094 | INFO | httpx | HTTP Request: GET https://timesofindia.indiatimes.com/entertainment/latest-new-movies/marathi-movies "HTTP/1.1 200 OK"
2025-12-27 22:22:09,722 | INFO | httpx | HTTP Request: GET https://timesofindia.indiatimes.com/entertainment/latest-new-movies/bhojpuri-movies "HTTP/1.1 200 OK"
2025-12-27 22:22:11,963 | INFO | httpx | HTTP Request: GET https://timesofindia.indiatimes.com/entertainment/latest-new-movies/assamese-movies "HTTP/1.1 200 OK"
2025-12-27 22:22:13,600 | INFO | httpx | HTTP Request: GET https://timesofindia.indiatimes.com/entertainment/movie-awards/filmfare-awards-winners/bollywood/2024/101 "HTTP/1.1 200 OK"
2025-12-27 22:22:16,490 | INFO | httpx | HTTP Request: GET https://timesofindia.indiatimes.com/entertainment/tamil/movies/box-office "HTTP/1.1 200 OK"
2025-12-27 22:22:17,188 | INFO | httpx | HTTP Request: GET https://timesofindia.indiatimes.com/entertainment/malayalam/movies/box-office "HTTP/1.1 200 OK"
2025-12-27 22:22:23,673 | INFO | httpx | HTTP Request: GET https://timesofindia.indiatimes.com/entertainment/punjabi/movies/news "HTTP/1.1 200 OK"
2025-12-27 22:22:24,275 | INFO | httpx | HTTP Request: GET https://timesofindia.indiatimes.com/entertainment/marathi/movies/news "HTTP/1.1 200 OK"
2025-12-27 22:22:25,066 | INFO | httpx | HTTP Request: GET https://timesofindia.indiatimes.com/entertainment/bhojpuri/movies/news "HTTP/1.1 200 OK"
2025-12-27 22:22:26,165 | INFO | httpx | HTTP Request: GET http://timesofindia.indiatimes.com/videos/entertainment "HTTP/1.1 301 Moved Permanently"
2025-12-27 22:22:26,623 | INFO | httpx | HTTP Request: GET https://timesofindia.indiatimes.com/videos/entertainment "HTTP/1.1 200 OK"
2025-12-27 22:22:34,963 | INFO | httpx | HTTP Request: GET https://timesofindia.indiatimes.com/topic/Janhvi-Kapoor "HTTP/1.1 200 OK"
2025-12-27 22:22:35,771 | INFO | httpx | HTTP Request: GET https://timesofindia.indiatimes.com/topic/Sanya-Malhotra "HTTP/1.1 200 OK"
2025-12-27 22:22:36,947 | INFO | httpx | HTTP Request: GET https://timesofindia.indiatimes.com/topic/Matthew-McConaughey "HTTP/1.1 200 OK"
2025-12-27 22:22:37,678 | INFO | httpx | HTTP Request: GET https://timesofindia.indiatimes.com/topic/America-Ferrera "HTTP/1.1 200 OK"
2025-12-27 22:22:38,334 | INFO | httpx | HTTP Request: GET https://timesofindia.indiatimes.com/topic/Ashlie-Atkinson "HTTP/1.1 200 OK"
2025-12-27 22:22:38,945 | INFO | httpx | HTTP Request: GET https://timesofindia.indiatimes.com/topic/Yul-Vazquez "HTTP/1.1 301 Moved Permanently"
2025-12-27 22:22:39,563 | INFO | httpx | HTTP Request: GET https://timesofindia.indiatimes.com/topic/yul-vazquez "HTTP/1.1 200 OK"
2025-12-27 22:22:40,227 | INFO | httpx | HTTP Request: GET https://timesofindia.indiatimes.com/topic/yul-vazquez "HTTP/1.1 200 OK"
2025-12-27 22:22:40,840 | INFO | httpx | HTTP Request: GET https://timesofindia.indiatimes.com/topic/Mark-Wahlberg "HTTP/1.1 200 OK"
2025-12-27 22:22:41,508 | INFO | httpx | HTTP Request: GET https://timesofindia.indiatimes.com/topic/Lakeith-Stanfield "HTTP/1.1 200 OK"
2025-12-27 22:22:42,031 | INFO | httpx | HTTP Request: GET https://timesofindia.indiatimes.com/topic/Rosa-Salazar "HTTP/1.1 200 OK"
2025-12-27 22:22:42,695 | INFO | httpx | HTTP Request: GET https://timesofindia.indiatimes.com/topic/Keegan-Michael-Key "HTTP/1.1 200 OK"
2025-12-27 22:22:43,416 | INFO | httpx | HTTP Request: GET https://timesofindia.indiatimes.com/topic/Rajinikanth "HTTP/1.1 200 OK"
2025-12-27 22:22:43,968 | INFO | httpx | HTTP Request: GET https://timesofindia.indiatimes.com/topic/Aamir-Khan "HTTP/1.1 200 OK"
2025-12-27 22:22:44,571 | INFO | httpx | HTTP Request: GET https://timesofindia.indiatimes.com/topic/Nagarjuna-Akkineni "HTTP/1.1 200 OK"
2025-12-27 22:22:45,302 | INFO | httpx | HTTP Request: GET https://timesofindia.indiatimes.com/topic/Soubin-Shahir "HTTP/1.1 200 OK"
2025-12-27 22:22:46,056 | INFO | httpx | HTTP Request: GET https://timesofindia.indiatimes.com/topic/Shruti-Haasan "HTTP/1.1 200 OK"
2025-12-27 22:22:46,633 | INFO | httpx | HTTP Request: GET https://timesofindia.indiatimes.com/topic/Pooja-Hegde "HTTP/1.1 200 OK"
2025-12-27 22:22:47,404 | INFO | httpx | HTTP Request: GET https://timesofindia.indiatimes.com/topic/Upendra "HTTP/1.1 200 OK"
2025-12-27 22:22:48,807 | INFO | httpx | HTTP Request: GET https://timesofindia.indiatimes.com/topic/Hrithik-Roshan "HTTP/1.1 200 OK"
2025-12-27 22:22:49,530 | INFO | httpx | HTTP Request: GET https://timesofindia.indiatimes.com/topic/Jr-Ntr "HTTP/1.1 200 OK"
2025-12-27 22:22:50,855 | INFO | httpx | HTTP Request: GET https://timesofindia.indiatimes.com/topic/Ashutosh-Rana "HTTP/1.1 200 OK"
2025-12-27 22:22:51,437 | INFO | httpx | HTTP Request: GET https://timesofindia.indiatimes.com/topic/Anil-Kapoor "HTTP/1.1 200 OK"
2025-12-27 22:22:52,142 | INFO | httpx | HTTP Request: GET https://timesofindia.indiatimes.com/topic/Priyanka-Chopra "HTTP/1.1 200 OK"
2025-12-27 22:22:53,908 | INFO | httpx | HTTP Request: GET https://timesofindia.indiatimes.com/topic/Saif-Ali-Khan "HTTP/1.1 200 OK"
2025-12-27 22:22:55,034 | INFO | httpx | HTTP Request: GET https://timesofindia.indiatimes.com/topic/Ranveer-Singh "HTTP/1.1 200 OK"
2025-12-27 22:23:11,384 | INFO | httpx | HTTP Request: GET https://timesofindia.indiatimes.com/entertainment/latest-new-movies "HTTP/1.1 200 OK"
2025-12-27 22:23:13,514 | INFO | httpx | HTTP Request: GET https://timesofindia.indiatimes.com/entertainment/tamil/kollywood/top-20-best-tamil-movies-of-2025 "HTTP/1.1 200 OK"
2025-12-27 22:23:14,835 | INFO | httpx | HTTP Request: GET https://timesofindia.indiatimes.com/entertainment/malayalam/mollywood/top-20-best-malayalam-movies-of-2025 "HTTP/1.1 200 OK"
2025-12-27 22:23:26,640 | INFO | httpx | HTTP Request: GET https://timesofindia.indiatimes.com/etimes/trending "HTTP/1.1 200 OK"
2025-12-27 22:23:37,014 | INFO | httpx | HTTP Request: GET https://timesofindia.indiatimes.com/tv/news/hindi "HTTP/1.1 200 OK"
2025-12-27 22:23:39,678 | INFO | __main__ | ✓ [1] Astrology: Daily Astrology, Weekly, Monthly, Yearl...
2025-12-27 22:23:40,101 | INFO | httpx | HTTP Request: GET https://timesofindia.indiatimes.com/us "HTTP/1.1 200 OK"
2025-12-27 22:23:53,538 | INFO | httpx | HTTP Request: GET https://timesofindia.indiatimes.com/sports/cricket/icc-mens-t20-world-cup/schedule "HTTP/1.1 200 OK"
2025-12-27 22:23:56,108 | INFO | httpx | HTTP Request: GET https://timesofindia.indiatimes.com/tv/hindi "HTTP/1.1 200 OK"
2025-12-27 22:23:56,718 | INFO | httpx | HTTP Request: GET https://timesofindia.indiatimes.com/travel/destinations "HTTP/1.1 200 OK"
2025-12-27 22:23:59,943 | INFO | httpx | HTTP Request: GET https://timesofindia.indiatimes.com/world "HTTP/1.1 200 OK"
2025-12-27 22:24:01,907 | INFO | httpx | HTTP Request: GET https://timesofindia.indiatimes.com/technology "HTTP/1.1 200 OK"
2025-12-27 22:24:02,450 | INFO | httpx | HTTP Request: GET https://timesofindia.indiatimes.com/travel "HTTP/1.1 301 Moved Permanently"
2025-12-27 22:24:02,931 | INFO | httpx | HTTP Request: GET https://timesofindia.indiatimes.com/travel/ "HTTP/1.1 200 OK"
2025-12-27 22:24:03,451 | INFO | httpx | HTTP Request: GET https://timesofindia.indiatimes.com/travel/ "HTTP/1.1 200 OK"
2025-12-27 22:24:04,818 | INFO | httpx | HTTP Request: GET https://timesofindia.indiatimes.com/astrology/chinese-horoscope/rat "HTTP/1.1 200 OK"
2025-12-27 22:24:05,379 | INFO | httpx | HTTP Request: GET https://timesofindia.indiatimes.com/business/gold-rates-today "HTTP/1.1 200 OK"
2025-12-27 22:24:06,075 | INFO | httpx | HTTP Request: GET https://timesofindia.indiatimes.com/business/bank-holidays/is-bank-open-today "HTTP/1.1 200 OK"
2025-12-27 22:24:08,595 | INFO | httpx | HTTP Request: GET https://timesofindia.indiatimes.com/business/stock-market-holidays "HTTP/1.1 200 OK"
2025-12-27 22:24:09,792 | INFO | httpx | HTTP Request: GET https://timesofindia.indiatimes.com/technology/tech-news "HTTP/1.1 200 OK"
2025-12-27 22:24:10,334 | INFO | httpx | HTTP Request: GET https://timesofindia.indiatimes.com/sports/international-sports "HTTP/1.1 200 OK"
2025-12-27 22:24:10,963 | INFO | httpx | HTTP Request: GET https://timesofindia.indiatimes.com/india/public-holidays "HTTP/1.1 200 OK"
2025-12-27 22:24:14,467 | INFO | __main__ | ✓ [1] Gold Rate in Delhi Today – 18K, 22K & 24K Gold Pri...
2025-12-27 22:24:15,025 | INFO | httpx | HTTP Request: GET https://timesofindia.indiatimes.com/us "HTTP/1.1 200 OK"
2025-12-27 22:24:15,842 | INFO | httpx | HTTP Request: GET https://navbharattimes.indiatimes.com/ "HTTP/1.1 200 OK"
2025-12-27 22:24:17,307 | INFO | httpx | HTTP Request: GET https://bangla.indiatimes.com/ "HTTP/1.1 200 OK"
2025-12-27 22:24:18,310 | INFO | httpx | HTTP Request: GET https://timesofindia.indiatimes.com/business/gold-rates-today "HTTP/1.1 200 OK"
2025-12-27 22:24:18,861 | INFO | httpx | HTTP Request: GET https://timesofindia.indiatimes.com/business/mutual-funds "HTTP/1.1 200 OK"
2025-12-27 22:24:19,450 | INFO | httpx | HTTP Request: GET https://timesofindia.indiatimes.com/business/infrastructure "HTTP/1.1 200 OK"
2025-12-27 22:24:20,093 | INFO | httpx | HTTP Request: GET https://timesofindia.indiatimes.com/business/financial-literacy "HTTP/1.1 200 OK"
2025-12-27 22:24:20,723 | INFO | httpx | HTTP Request: GET https://timesofindia.indiatimes.com/business/dontgetscammed "HTTP/1.1 200 OK"
2025-12-27 22:24:21,215 | INFO | httpx | HTTP Request: GET https://timesofindia.indiatimes.com/business/india-business "HTTP/1.1 200 OK"
2025-12-27 22:24:21,708 | INFO | httpx | HTTP Request: GET https://timesofindia.indiatimes.com/business/financial-calculators "HTTP/1.1 200 OK"
2025-12-27 22:24:22,188 | INFO | httpx | HTTP Request: GET https://timesofindia.indiatimes.com/business/international-business "HTTP/1.1 200 OK"
2025-12-27 22:24:23,415 | INFO | httpx | HTTP Request: GET https://timesofindia.indiatimes.com/business/ifsc-code "HTTP/1.1 200 OK"
2025-12-27 22:24:23,947 | INFO | httpx | HTTP Request: GET https://timesofindia.indiatimes.com/business/budget "HTTP/1.1 200 OK"
2025-12-27 22:24:25,301 | INFO | httpx | HTTP Request: GET https://timesofindia.indiatimes.com/toi-dialogues "HTTP/1.1 200 OK"
2025-12-27 22:24:25,804 | INFO | httpx | HTTP Request: GET https://timesofindia.indiatimes.com/business/credit-score-calculator-and-credit-card "HTTP/1.1 200 OK"
2025-12-27 22:24:26,308 | INFO | httpx | HTTP Request: GET https://timesofindia.indiatimes.com/business/personal-finance "HTTP/1.1 200 OK"
2025-12-27 22:24:26,928 | INFO | httpx | HTTP Request: GET https://timesofindia.indiatimes.com/business/india-business/sensex "HTTP/1.1 200 OK"
2025-12-27 22:24:27,761 | INFO | httpx | HTTP Request: GET https://timesofindia.indiatimes.com/business/startups "HTTP/1.1 200 OK"
2025-12-27 22:24:28,349 | INFO | httpx | HTTP Request: GET https://timesofindia.indiatimes.com/videos/business "HTTP/1.1 200 OK"
2025-12-27 22:24:29,720 | INFO | httpx | HTTP Request: GET https://timesofindia.indiatimes.com/business/web-stories "HTTP/1.1 200 OK"
2025-12-27 22:24:30,199 | INFO | httpx | HTTP Request: GET https://timesofindia.indiatimes.com/RightToExcellence/Financial-Literacy-Summit "HTTP/1.1 200 OK"
2025-12-27 22:24:32,212 | INFO | httpx | HTTP Request: GET https://timesofindia.indiatimes.com/business/gold-rates-today/gold-price-in-noida "HTTP/1.1 200 OK"
2025-12-27 22:24:32,814 | INFO | httpx | HTTP Request: GET https://timesofindia.indiatimes.com/business/gold-rates-today/gold-price-in-pune "HTTP/1.1 200 OK"
2025-12-27 22:24:33,475 | INFO | httpx | HTTP Request: GET https://timesofindia.indiatimes.com/business/gold-rates-today/gold-price-in-gurgaon "HTTP/1.1 200 OK"
2025-12-27 22:24:35,435 | INFO | httpx | HTTP Request: GET https://timesofindia.indiatimes.com/business/gold-rates-today/gold-price-in-kolkata "HTTP/1.1 200 OK"
2025-12-27 22:24:36,069 | INFO | httpx | HTTP Request: GET https://timesofindia.indiatimes.com/business/gold-rates-today/gold-price-in-hyderabad "HTTP/1.1 200 OK"
2025-12-27 22:24:52,828 | INFO | httpx | HTTP Request: GET https://timesofindia.indiatimes.com/business/platinum-rates-today/platinum-price-in-noida "HTTP/1.1 200 OK"
2025-12-27 22:24:55,476 | INFO | httpx | HTTP Request: GET https://timesofindia.indiatimes.com/business/platinum-rates-today/platinum-price-in-hyderabad "HTTP/1.1 200 OK"
2025-12-27 22:24:55,983 | INFO | httpx | HTTP Request: GET https://timesofindia.indiatimes.com/business/platinum-rates-today/platinum-price-in-chennai "HTTP/1.1 200 OK"
2025-12-27 22:24:56,487 | INFO | httpx | HTTP Request: GET https://timesofindia.indiatimes.com/business/platinum-rates-today/platinum-price-in-kolkata "HTTP/1.1 200 OK"
2025-12-27 22:24:58,831 | INFO | httpx | HTTP Request: GET https://timesofindia.indiatimes.com/business/platinum-rates-today/platinum-price-in-chandigarh "HTTP/1.1 200 OK"
2025-12-27 22:24:59,337 | INFO | httpx | HTTP Request: GET https://timesofindia.indiatimes.com/sports/cricket/icc-mens-t20-world-cup/schedule "HTTP/1.1 200 OK"
2025-12-27 22:24:59,966 | INFO | httpx | HTTP Request: GET https://www.indiatimes.com/termsandcondition "HTTP/1.1 200 OK"
2025-12-27 22:25:02,008 | INFO | httpx | HTTP Request: GET https://timesofindia.indiatimes.com/tv/hindi "HTTP/1.1 200 OK"
2025-12-27 22:25:02,688 | INFO | httpx | HTTP Request: GET https://timesofindia.indiatimes.com/travel/destinations "HTTP/1.1 200 OK"
2025-12-27 22:25:05,217 | INFO | httpx | HTTP Request: GET https://timesofindia.indiatimes.com/india "HTTP/1.1 200 OK"
2025-12-27 22:25:05,756 | INFO | httpx | HTTP Request: GET https://timesofindia.indiatimes.com/world "HTTP/1.1 200 OK"
2025-12-27 22:25:07,666 | INFO | httpx | HTTP Request: GET https://timesofindia.indiatimes.com/technology "HTTP/1.1 200 OK"
2025-12-27 22:25:08,259 | INFO | httpx | HTTP Request: GET https://timesofindia.indiatimes.com/travel "HTTP/1.1 301 Moved Permanently"
2025-12-27 22:25:08,808 | INFO | httpx | HTTP Request: GET https://timesofindia.indiatimes.com/travel/ "HTTP/1.1 200 OK"
2025-12-27 22:25:09,580 | INFO | httpx | HTTP Request: GET https://timesofindia.indiatimes.com/travel/ "HTTP/1.1 200 OK"
2025-12-27 22:25:10,932 | INFO | httpx | HTTP Request: GET https://timesofindia.indiatimes.com/astrology/chinese-horoscope/rat "HTTP/1.1 200 OK"
2025-12-27 22:25:12,778 | INFO | httpx | HTTP Request: GET https://timesofindia.indiatimes.com/business/bank-holidays/december "HTTP/1.1 200 OK"
2025-12-27 22:25:14,732 | INFO | httpx | HTTP Request: GET https://timesofindia.indiatimes.com/sports/nfl/schedule "HTTP/1.1 200 OK"
2025-12-27 22:25:15,225 | INFO | httpx | HTTP Request: GET https://timesofindia.indiatimes.com/technology/tech-news "HTTP/1.1 200 OK"
2025-12-27 22:25:15,849 | INFO | httpx | HTTP Request: GET https://timesofindia.indiatimes.com/sports/international-sports "HTTP/1.1 200 OK"
2025-12-27 22:25:16,504 | INFO | httpx | HTTP Request: GET https://timesofindia.indiatimes.com/india/public-holidays "HTTP/1.1 200 OK"
2025-12-27 22:25:19,111 | INFO | __main__ | ✓ [1] Silver Rate Today - Check Out Silver Price Per Gra...
2025-12-27 22:25:19,700 | INFO | httpx | HTTP Request: GET https://timesofindia.indiatimes.com/us "HTTP/1.1 200 OK"
2025-12-27 22:25:20,301 | INFO | httpx | HTTP Request: GET https://navbharattimes.indiatimes.com/ "HTTP/1.1 200 OK"
2025-12-27 22:25:21,489 | INFO | httpx | HTTP Request: GET https://timesofindia.indiatimes.com/weather "HTTP/1.1 200 OK"
2025-12-27 22:25:23,528 | INFO | httpx | HTTP Request: GET https://timesofindia.indiatimes.com/business/gold-rates-today "HTTP/1.1 200 OK"
2025-12-27 22:25:35,683 | INFO | httpx | HTTP Request: GET https://timesofindia.indiatimes.com/business/web-stories "HTTP/1.1 200 OK"
2025-12-27 22:25:36,174 | INFO | httpx | HTTP Request: GET https://timesofindia.indiatimes.com/RightToExcellence/Financial-Literacy-Summit "HTTP/1.1 200 OK"
2025-12-27 22:25:37,291 | INFO | httpx | HTTP Request: GET https://timesofindia.indiatimes.com/business/silver-rates-today/silver-price-in-noida "HTTP/1.1 200 OK"
2025-12-27 22:25:37,861 | INFO | httpx | HTTP Request: GET https://timesofindia.indiatimes.com/business/silver-rates-today/silver-price-in-mumbai "HTTP/1.1 200 OK"
2025-12-27 22:25:40,300 | INFO | httpx | HTTP Request: GET https://timesofindia.indiatimes.com/business/silver-rates-today/silver-price-in-chandigarh "HTTP/1.1 200 OK"
2025-12-27 22:25:40,974 | INFO | httpx | HTTP Request: GET https://timesofindia.indiatimes.com/business/silver-rates-today/silver-price-in-chennai "HTTP/1.1 200 OK"
2025-12-27 22:25:49,845 | INFO | httpx | HTTP Request: GET https://timesofindia.indiatimes.com/business/gold-rates-today/gold-price-in-gurgaon "HTTP/1.1 200 OK"
2025-12-27 22:25:50,537 | INFO | httpx | HTTP Request: GET https://timesofindia.indiatimes.com/business/gold-rates-today/gold-price-in-mumbai "HTTP/1.1 200 OK"
2025-12-27 22:25:51,070 | INFO | httpx | HTTP Request: GET https://timesofindia.indiatimes.com/business/gold-rates-today/gold-price-in-bangalore "HTTP/1.1 200 OK"
2025-12-27 22:25:51,635 | INFO | httpx | HTTP Request: GET https://timesofindia.indiatimes.com/business/gold-rates-today/gold-price-in-hyderabad "HTTP/1.1 200 OK"
2025-12-27 22:25:52,141 | INFO | httpx | HTTP Request: GET https://timesofindia.indiatimes.com/business/gold-rates-today/gold-price-in-chennai "HTTP/1.1 200 OK"
2025-12-27 22:25:52,632 | INFO | httpx | HTTP Request: GET https://timesofindia.indiatimes.com/business/gold-rates-today/gold-price-in-kolkata "HTTP/1.1 200 OK"
2025-12-27 22:25:53,137 | INFO | httpx | HTTP Request: GET https://timesofindia.indiatimes.com/business/gold-rates-today/gold-price-in-pune "HTTP/1.1 200 OK"
2025-12-27 22:25:55,657 | INFO | httpx | HTTP Request: GET https://timesofindia.indiatimes.com/business/platinum-rates-today/platinum-price-in-delhi "HTTP/1.1 200 OK"
2025-12-27 22:25:59,575 | INFO | httpx | HTTP Request: GET https://timesofindia.indiatimes.com/business/platinum-rates-today/platinum-price-in-chennai "HTTP/1.1 200 OK"
2025-12-27 22:26:00,101 | INFO | httpx | HTTP Request: GET https://timesofindia.indiatimes.com/business/platinum-rates-today/platinum-price-in-kolkata "HTTP/1.1 200 OK"
2025-12-27 22:26:00,697 | INFO | httpx | HTTP Request: GET https://timesofindia.indiatimes.com/business/platinum-rates-today/platinum-price-in-pune "HTTP/1.1 200 OK"
2025-12-27 22:26:02,725 | INFO | httpx | HTTP Request: GET https://timesofindia.indiatimes.com/business/platinum-rates-today/platinum-price-in-chandigarh "HTTP/1.1 200 OK"
2025-12-27 22:26:03,362 | INFO | httpx | HTTP Request: GET https://timesofindia.indiatimes.com/sports/cricket/icc-mens-t20-world-cup/schedule "HTTP/1.1 200 OK"
2025-12-27 22:26:03,966 | INFO | httpx | HTTP Request: GET https://www.indiatimes.com/termsandcondition "HTTP/1.1 200 OK"
2025-12-27 22:26:06,649 | INFO | httpx | HTTP Request: GET https://timesofindia.indiatimes.com/travel/destinations "HTTP/1.1 200 OK"
2025-12-27 22:26:08,181 | INFO | httpx | HTTP Request: GET https://gadgetsnow.indiatimes.com/?_gl=1%2Ah4drpd%2A_ga%2AMjAzNTc2Njg5OS4xNzI3MjUzODEz%2A_ga_FCN624MN68%2AMTczNzQ1MDg1OS4xMzIuMS4xNzM3NDUzMzIyLjU0LjAuMA.. "HTTP/1.1 200 OK"
2025-12-27 22:26:09,441 | INFO | httpx | HTTP Request: GET https://timesofindia.indiatimes.com/india "HTTP/1.1 200 OK"
2025-12-27 22:26:10,042 | INFO | httpx | HTTP Request: GET https://timesofindia.indiatimes.com/world "HTTP/1.1 200 OK"
2025-12-27 22:26:12,093 | INFO | httpx | HTTP Request: GET https://timesofindia.indiatimes.com/technology "HTTP/1.1 200 OK"
2025-12-27 22:26:12,650 | INFO | httpx | HTTP Request: GET https://timesofindia.indiatimes.com/travel "HTTP/1.1 301 Moved Permanently"
2025-12-27 22:26:13,130 | INFO | httpx | HTTP Request: GET https://timesofindia.indiatimes.com/travel/ "HTTP/1.1 200 OK"
2025-12-27 22:26:14,759 | INFO | httpx | HTTP Request: GET https://timesofindia.indiatimes.com/astrology/chinese-horoscope/rat "HTTP/1.1 200 OK"
2025-12-27 22:26:15,361 | INFO | httpx | HTTP Request: GET https://timesofindia.indiatimes.com/business/bank-holidays/is-bank-open-today "HTTP/1.1 200 OK"
2025-12-27 22:26:15,843 | INFO | httpx | HTTP Request: GET https://timesofindia.indiatimes.com/business/bank-holidays/is-bank-open-tomorrow "HTTP/1.1 200 OK"
2025-12-27 22:26:16,308 | INFO | httpx | HTTP Request: GET https://timesofindia.indiatimes.com/business/bank-holidays/december "HTTP/1.1 200 OK"
2025-12-27 22:26:17,485 | INFO | httpx | HTTP Request: GET https://timesofindia.indiatimes.com/business/stock-market-holidays "HTTP/1.1 200 OK"
2025-12-27 22:26:18,709 | INFO | httpx | HTTP Request: GET https://timesofindia.indiatimes.com/technology/tech-news "HTTP/1.1 200 OK"
2025-12-27 22:26:19,912 | INFO | httpx | HTTP Request: GET https://timesofindia.indiatimes.com/india/public-holidays "HTTP/1.1 200 OK"
2025-12-27 22:26:20,521 | INFO | httpx | HTTP Request: GET https://timesofindia.indiatimes.com/business/bank-holidays "HTTP/1.1 200 OK"
2025-12-27 22:26:23,527 | INFO | __main__ | ✓ [1] Sports News: Cricket Live Scores, Latest Sports Ne...
2025-12-27 22:26:24,612 | INFO | httpx | HTTP Request: GET https://navbharattimes.indiatimes.com/ "HTTP/1.1 200 OK"
2025-12-27 22:26:25,559 | INFO | httpx | HTTP Request: GET https://marathi.indiatimes.com/ "HTTP/1.1 301 Moved Permanently"
2025-12-27 22:26:26,836 | INFO | httpx | HTTP Request: GET https://bangla.indiatimes.com/ "HTTP/1.1 200 OK"
2025-12-27 22:26:29,355 | INFO | httpx | HTTP Request: GET https://timesofindia.indiatimes.com/sports/cricket/icc-mens-t20-world-cup/schedule "HTTP/1.1 200 OK"
2025-12-27 22:26:37,380 | INFO | httpx | HTTP Request: GET https://timesofindia.indiatimes.com/sports/international-sports "HTTP/1.1 200 OK"
2025-12-27 22:26:37,930 | INFO | httpx | HTTP Request: GET https://timesofindia.indiatimes.com/sports/nfl/schedule "HTTP/1.1 200 OK"
2025-12-27 22:27:02,270 | INFO | httpx | HTTP Request: GET https://timesofindia.indiatimes.com/tv/hindi "HTTP/1.1 200 OK"
2025-12-27 22:27:02,811 | INFO | httpx | HTTP Request: GET https://timesofindia.indiatimes.com/travel/destinations "HTTP/1.1 200 OK"
2025-12-27 22:27:04,071 | INFO | httpx | HTTP Request: GET https://gadgetsnow.indiatimes.com/?_gl=1%2Ah4drpd%2A_ga%2AMjAzNTc2Njg5OS4xNzI3MjUzODEz%2A_ga_FCN624MN68%2AMTczNzQ1MDg1OS4xMzIuMS4xNzM3NDUzMzIyLjU0LjAuMA.. "HTTP/1.1 200 OK"
2025-12-27 22:27:05,906 | INFO | httpx | HTTP Request: GET https://timesofindia.indiatimes.com/world "HTTP/1.1 200 OK"
2025-12-27 22:27:08,428 | INFO | httpx | HTTP Request: GET https://timesofindia.indiatimes.com/travel "HTTP/1.1 301 Moved Permanently"
2025-12-27 22:27:10,870 | INFO | httpx | HTTP Request: GET https://timesofindia.indiatimes.com/business/gold-rates-today "HTTP/1.1 200 OK"
2025-12-27 22:27:11,708 | INFO | httpx | HTTP Request: GET https://timesofindia.indiatimes.com/business/bank-holidays/is-bank-open-tomorrow "HTTP/1.1 200 OK"
2025-12-27 22:27:12,179 | INFO | httpx | HTTP Request: GET https://timesofindia.indiatimes.com/business/bank-holidays/december "HTTP/1.1 200 OK"
2025-12-27 22:27:12,648 | INFO | httpx | HTTP Request: GET https://timesofindia.indiatimes.com/india/public-holidays/december "HTTP/1.1 200 OK"
2025-12-27 22:27:13,810 | INFO | httpx | HTTP Request: GET https://timesofindia.indiatimes.com/technology/tech-news "HTTP/1.1 200 OK"
2025-12-27 22:27:14,291 | INFO | httpx | HTTP Request: GET https://timesofindia.indiatimes.com/india/public-holidays "HTTP/1.1 200 OK"
2025-12-27 22:27:14,773 | INFO | httpx | HTTP Request: GET https://timesofindia.indiatimes.com/business/bank-holidays "HTTP/1.1 200 OK"
2025-12-27 22:27:17,318 | INFO | __main__ | ✓ [2] Bengaluru News: Latest Bangalore News Headlines & ...
2025-12-27 22:27:20,121 | INFO | __main__ | ✓ [2] Delhi News:दिल्ली समाचार -Latest Delhi News Headli...
2025-12-27 22:27:21,816 | INFO | __main__ | ✓ [2] Chennai News: Latest Chennai News Headlines & Coro...
2025-12-27 22:27:23,831 | INFO | __main__ | ✓ [2] Kolkata News, Latest Kolkata News Headlines & Live...
2025-12-27 22:27:24,985 | INFO | __main__ | ✓ [2] Navi Mumbai News: Breaking City Updates, Metro Hea...
2025-12-27 22:27:26,342 | INFO | __main__ | ✓ [2] Kolkata AQI Today | Kolkata Pollution Level | Air ...
2025-12-27 22:27:28,657 | INFO | __main__ | ✓ [2] Chennai AQI Today | Chennai Pollution Level | Air ...
2025-12-27 22:27:30,553 | INFO | __main__ | ✓ [2] Cricket News Today, Latest Cricket Updates, Cricke...
2025-12-27 22:27:32,307 | INFO | __main__ | ✓ [2] T20 World Cup Schedule 2026, Fixtures, Dates&Venue...
2025-12-27 22:27:36,110 | INFO | __main__ | ✓ [2] Hyderabad AQI Today | Hyderabad Pollution Level | ...
2025-12-27 22:27:39,271 | INFO | __main__ | ✓ [2] Ahmedabad AQI Today | Ahmedabad Pollution Level | ...
2025-12-27 22:27:41,478 | INFO | __main__ | ✓ [2] Bangalore AQI Today | Bangalore Pollution Level | ...
2025-12-27 22:27:44,889 | INFO | __main__ | ✓ [2] Gold Rate in Bangalore Today – 18K, 22K & 24K Gold...
2025-12-27 22:27:47,300 | ERROR | asyncio | Task exception was never retrieved
future: <Task finished name='Task-4329' coro=<<async_generator_athrow without __name__>()> exception=ValueError("<Token var=<ContextVar name='deep_crawl_active' default=False at 0x78106a5c5580> at 0x78106856b500> was created in a different Context")>
Traceback (most recent call last):
  File "/home/pavan/miniconda3/envs/crawl4ai/lib/python3.11/site-packages/crawl4ai/deep_crawling/base_strategy.py", line 33, in result_wrapper
    yield result
GeneratorExit

During handling of the above exception, another exception occurred:

Traceback (most recent call last):
  File "/home/pavan/miniconda3/envs/crawl4ai/lib/python3.11/site-packages/crawl4ai/deep_crawling/base_strategy.py", line 35, in result_wrapper
    self.deep_crawl_active.reset(token)
ValueError: <Token var=<ContextVar name='deep_crawl_active' default=False at 0x78106a5c5580> at 0x78106856b500> was created in a different Context
2025-12-27 22:27:47,387 | ERROR | __main__ | Error in deep crawl: 'NoneType' object is not subscriptable
2025-12-27 22:27:47,387 | INFO | __main__ | Session 20251227_221319 completed: 25 successful, 0 failed, 0 duplicates, duration: 0:14:28.383523
2025-12-27 22:31:21,282 | INFO | __main__ | Started session: 20251227_223121 (mode: deep_crawl)
2025-12-27 22:31:21,282 | INFO | __main__ | Starting deep crawl from 3 seeds
2025-12-27 22:31:21,737 | INFO | __main__ | Deep crawling: https://timesofindia.indiatimes.com/
2025-12-27 22:31:21,737 | INFO | crawler.core_engine | Starting deep crawl from: https://timesofindia.indiatimes.com/
2025-12-27 22:31:24,218 | INFO | __main__ | ✓ [0] TOI - Breaking News,  Latest News, India News, Wor...
2025-12-27 22:31:24,938 | INFO | httpx | HTTP Request: GET https://timesofindia.indiatimes.com/ "HTTP/1.1 200 OK"
2025-12-27 22:31:25,459 | INFO | httpx | HTTP Request: GET https://timesofindia.indiatimes.com/us "HTTP/1.1 200 OK"
2025-12-27 22:31:28,152 | INFO | httpx | HTTP Request: GET https://timesofindia.indiatimes.com "HTTP/1.1 200 OK"
2025-12-27 22:31:29,670 | INFO | httpx | HTTP Request: GET https://timesofindia.indiatimes.com/videos "HTTP/1.1 200 OK"
2025-12-27 22:31:30,176 | INFO | httpx | HTTP Request: GET https://timesofindia.indiatimes.com/city "HTTP/1.1 200 OK"
2025-12-27 22:31:30,651 | INFO | httpx | HTTP Request: GET https://timesofindia.indiatimes.com/city/mumbai "HTTP/1.1 200 OK"
2025-12-27 22:32:19,249 | INFO | httpx | HTTP Request: GET https://timesofindia.indiatimes.com/india "HTTP/1.1 200 OK"
2025-12-27 22:32:41,010 | INFO | httpx | HTTP Request: GET https://timesofindia.indiatimes.com/world "HTTP/1.1 200 OK"
2025-12-27 22:32:46,026 | INFO | httpx | HTTP Request: GET https://timesofindia.indiatimes.com/tv/hindi "HTTP/1.1 200 OK"
2025-12-27 22:32:47,972 | INFO | httpx | HTTP Request: GET https://timesofindia.indiatimes.com/web-series/news "HTTP/1.1 200 OK"
2025-12-27 22:32:50,554 | INFO | httpx | HTTP Request: GET https://timesofindia.indiatimes.com/toi/firststepbypronamel "HTTP/1.1 200 OK"
2025-12-27 22:32:52,983 | INFO | httpx | HTTP Request: GET https://timesofindia.indiatimes.com/games/connect/today "HTTP/1.1 200 OK"
2025-12-27 22:32:53,459 | INFO | httpx | HTTP Request: GET https://timesofindia.indiatimes.com/games/loop-a-loop/today "HTTP/1.1 200 OK"
2025-12-27 22:32:53,940 | INFO | httpx | HTTP Request: GET https://timesofindia.indiatimes.com/games/location-guesser/today "HTTP/1.1 200 OK"
2025-12-27 22:33:00,574 | INFO | httpx | HTTP Request: GET https://timesofindia.indiatimes.com/topic/Donald-Trump "HTTP/1.1 200 OK"
2025-12-27 22:33:01,048 | INFO | httpx | HTTP Request: GET https://timesofindia.indiatimes.com/topic/Elon-Musk "HTTP/1.1 200 OK"
2025-12-27 22:33:06,995 | INFO | httpx | HTTP Request: GET https://timesofindia.indiatimes.com/etimes/trending "HTTP/1.1 200 OK"
2025-12-27 22:33:08,929 | INFO | httpx | HTTP Request: GET https://timesofindia.indiatimes.com/entertainment/hindi/movie-reviews "HTTP/1.1 200 OK"
2025-12-27 22:33:10,171 | INFO | httpx | HTTP Request: GET https://timesofindia.indiatimes.com/entertainment/events "HTTP/1.1 200 OK"
2025-12-27 22:33:10,806 | INFO | httpx | HTTP Request: GET https://timesofindia.indiatimes.com/entertainment/latest-new-movies "HTTP/1.1 200 OK"
2025-12-27 22:33:12,083 | INFO | httpx | HTTP Request: GET https://timesofindia.indiatimes.com/entertainment/english/hollywood/top-20-best-hollywood-movies-of-2025 "HTTP/1.1 200 OK"
2025-12-27 22:33:13,060 | INFO | httpx | HTTP Request: GET https://timesofindia.indiatimes.com/entertainment/telugu/tollywood/top-20-best-telugu-movies-of-2025 "HTTP/1.1 200 OK"
2025-12-27 22:33:13,581 | INFO | httpx | HTTP Request: GET https://timesofindia.indiatimes.com/entertainment/malayalam/mollywood/top-20-best-malayalam-movies-of-2025 "HTTP/1.1 200 OK"
2025-12-27 22:33:17,544 | INFO | httpx | HTTP Request: GET https://timesofindia.indiatimes.com/business/gold-rates-today "HTTP/1.1 200 OK"
2025-12-27 22:33:20,681 | INFO | httpx | HTTP Request: GET https://www.indiatimes.com/termsandcondition "HTTP/1.1 200 OK"
2025-12-27 22:33:21,851 | INFO | httpx | HTTP Request: GET https://timesofindia.indiatimes.com/travel/destinations "HTTP/1.1 200 OK"
2025-12-27 22:33:23,198 | INFO | httpx | HTTP Request: GET https://timesofindia.indiatimes.com/entertainment/hindi/bollywood/news "HTTP/1.1 200 OK"
2025-12-27 22:33:24,298 | INFO | httpx | HTTP Request: GET https://timesofindia.indiatimes.com/travel "HTTP/1.1 301 Moved Permanently"
2025-12-27 22:33:24,737 | INFO | httpx | HTTP Request: GET https://timesofindia.indiatimes.com/travel/ "HTTP/1.1 200 OK"
2025-12-27 22:33:25,181 | INFO | httpx | HTTP Request: GET https://timesofindia.indiatimes.com/travel/ "HTTP/1.1 200 OK"
2025-12-27 22:33:26,328 | INFO | httpx | HTTP Request: GET https://timesofindia.indiatimes.com/business/gold-rates-today/gold-price-in-delhi "HTTP/1.1 200 OK"
2025-12-27 22:33:28,277 | INFO | httpx | HTTP Request: GET https://timesofindia.indiatimes.com/business/platinum-rates-today "HTTP/1.1 200 OK"
2025-12-27 22:33:28,932 | INFO | httpx | HTTP Request: GET https://timesofindia.indiatimes.com/business/silver-rates-today "HTTP/1.1 200 OK"
2025-12-27 22:33:35,038 | INFO | __main__ | ✓ [1] TOI - Breaking News,  Latest News, India News, Wor...
2025-12-27 22:33:35,569 | INFO | httpx | HTTP Request: GET https://timesofindia.indiatimes.com/us "HTTP/1.1 200 OK"
2025-12-27 22:33:37,656 | INFO | httpx | HTTP Request: GET https://bangla.indiatimes.com/ "HTTP/1.1 200 OK"
2025-12-27 22:33:39,577 | INFO | httpx | HTTP Request: GET https://timesofindia.indiatimes.com/games "HTTP/1.1 200 OK"
2025-12-27 22:33:46,971 | INFO | httpx | HTTP Request: GET https://timesofindia.indiatimes.com/city/amaravati "HTTP/1.1 200 OK"
2025-12-27 22:33:47,495 | INFO | httpx | HTTP Request: GET https://timesofindia.indiatimes.com/city/amritsar "HTTP/1.1 200 OK"
2025-12-27 22:33:47,985 | INFO | httpx | HTTP Request: GET https://timesofindia.indiatimes.com/city/bareilly "HTTP/1.1 200 OK"
2025-12-27 22:33:49,925 | INFO | httpx | HTTP Request: GET https://timesofindia.indiatimes.com/city/chandigarh "HTTP/1.1 200 OK"
2025-12-27 22:33:51,750 | INFO | httpx | HTTP Request: GET https://timesofindia.indiatimes.com/city/cuttack "HTTP/1.1 200 OK"
2025-12-27 22:33:52,401 | INFO | httpx | HTTP Request: GET https://timesofindia.indiatimes.com/city/dehradun "HTTP/1.1 200 OK"
2025-12-27 22:33:52,876 | INFO | httpx | HTTP Request: GET https://timesofindia.indiatimes.com/city/erode "HTTP/1.1 200 OK"
2025-12-27 22:34:05,586 | INFO | httpx | HTTP Request: GET https://timesofindia.indiatimes.com/city/ludhiana "HTTP/1.1 200 OK"
2025-12-27 22:34:13,589 | INFO | httpx | HTTP Request: GET https://timesofindia.indiatimes.com/city/puducherry "HTTP/1.1 200 OK"
2025-12-27 22:34:14,084 | INFO | httpx | HTTP Request: GET https://timesofindia.indiatimes.com/city/pune "HTTP/1.1 200 OK"
2025-12-27 22:34:14,578 | INFO | httpx | HTTP Request: GET https://timesofindia.indiatimes.com/city/raipur "HTTP/1.1 200 OK"
2025-12-27 22:34:15,068 | INFO | httpx | HTTP Request: GET https://timesofindia.indiatimes.com/city/rajkot "HTTP/1.1 200 OK"
2025-12-27 22:34:16,250 | INFO | httpx | HTTP Request: GET https://timesofindia.indiatimes.com/city/thane "HTTP/1.1 200 OK"
2025-12-27 22:34:16,739 | INFO | httpx | HTTP Request: GET https://timesofindia.indiatimes.com/city/salem "HTTP/1.1 200 OK"
2025-12-27 22:34:17,908 | INFO | httpx | HTTP Request: GET https://timesofindia.indiatimes.com/city/shimla "HTTP/1.1 200 OK"
2025-12-27 22:34:18,538 | INFO | httpx | HTTP Request: GET https://timesofindia.indiatimes.com/city/srinagar "HTTP/1.1 200 OK"
2025-12-27 22:34:19,725 | INFO | httpx | HTTP Request: GET https://timesofindia.indiatimes.com/city/trichy "HTTP/1.1 200 OK"
2025-12-27 22:34:20,220 | INFO | httpx | HTTP Request: GET https://timesofindia.indiatimes.com/city/thiruvananthapuram "HTTP/1.1 200 OK"
2025-12-27 22:34:20,697 | INFO | httpx | HTTP Request: GET https://timesofindia.indiatimes.com/city/udaipur "HTTP/1.1 200 OK"
2025-12-27 22:34:21,189 | INFO | httpx | HTTP Request: GET https://timesofindia.indiatimes.com/city/vadodara "HTTP/1.1 200 OK"
2025-12-27 22:34:21,683 | INFO | httpx | HTTP Request: GET https://timesofindia.indiatimes.com/city/varanasi "HTTP/1.1 200 OK"
2025-12-27 22:34:22,837 | INFO | httpx | HTTP Request: GET https://timesofindia.indiatimes.com/city/visakhapatnam "HTTP/1.1 200 OK"
2025-12-27 22:34:23,309 | INFO | httpx | HTTP Request: GET https://timesofindia.indiatimes.com/city/photos "HTTP/1.1 200 OK"
2025-12-27 22:34:23,781 | INFO | httpx | HTTP Request: GET https://timesofindia.indiatimes.com/city/web-stories "HTTP/1.1 200 OK"
2025-12-27 22:34:24,270 | INFO | httpx | HTTP Request: GET https://timesofindia.indiatimes.com/india "HTTP/1.1 200 OK"
2025-12-27 22:34:45,468 | INFO | httpx | HTTP Request: GET https://timesofindia.indiatimes.com/world "HTTP/1.1 200 OK"
2025-12-27 22:34:48,019 | INFO | httpx | HTTP Request: GET https://timesofindia.indiatimes.com/sports "HTTP/1.1 200 OK"
2025-12-27 22:34:49,201 | INFO | httpx | HTTP Request: GET https://timesofindia.indiatimes.com/astrology "HTTP/1.1 200 OK"
2025-12-27 22:34:49,917 | INFO | httpx | HTTP Request: GET https://timesofindia.indiatimes.com/tv/hindi "HTTP/1.1 200 OK"
2025-12-27 22:34:51,981 | INFO | httpx | HTTP Request: GET https://timesofindia.indiatimes.com/web-series/news "HTTP/1.1 200 OK"
2025-12-27 22:34:53,585 | INFO | httpx | HTTP Request: GET https://timesofindia.indiatimes.com/blogs "HTTP/1.1 301 Moved Permanently"
2025-12-27 22:34:53,921 | INFO | httpx | HTTP Request: GET http://timesofindia.indiatimes.com/blogs/ "HTTP/1.1 301 Moved Permanently"
2025-12-27 22:34:55,872 | INFO | httpx | HTTP Request: GET https://timesofindia.indiatimes.com/toi/firststepbypronamel "HTTP/1.1 200 OK"
2025-12-27 22:34:58,624 | INFO | httpx | HTTP Request: GET https://timesofindia.indiatimes.com/games/connect/today "HTTP/1.1 200 OK"
2025-12-27 22:34:59,151 | INFO | httpx | HTTP Request: GET https://timesofindia.indiatimes.com/games/loop-a-loop/today "HTTP/1.1 200 OK"
2025-12-27 22:34:59,741 | INFO | httpx | HTTP Request: GET https://timesofindia.indiatimes.com/games/location-guesser/today "HTTP/1.1 200 OK"
2025-12-27 22:35:03,678 | INFO | httpx | HTTP Request: GET https://timesofindia.indiatimes.com/world/pakistan "HTTP/1.1 200 OK"
2025-12-27 22:35:04,266 | INFO | httpx | HTTP Request: GET https://timesofindia.indiatimes.com/world/middle-east "HTTP/1.1 200 OK"
2025-12-27 22:35:06,165 | INFO | httpx | HTTP Request: GET https://timesofindia.indiatimes.com/topic/Donald-Trump "HTTP/1.1 200 OK"
2025-12-27 22:35:06,705 | INFO | httpx | HTTP Request: GET https://timesofindia.indiatimes.com/topic/Elon-Musk "HTTP/1.1 200 OK"
2025-12-27 22:35:13,163 | INFO | httpx | HTTP Request: GET https://timesofindia.indiatimes.com/etimes/trending "HTTP/1.1 200 OK"
2025-12-27 22:35:13,796 | INFO | httpx | HTTP Request: GET https://timesofindia.indiatimes.com/toi/firststepbypronamel?src=homepage_slug "HTTP/1.1 200 OK"
2025-12-27 22:35:17,531 | INFO | httpx | HTTP Request: GET https://timesofindia.indiatimes.com/entertainment/hindi/bollywood/top-20-best-bollywood-movies-of-2025 "HTTP/1.1 200 OK"
2025-12-27 22:35:18,193 | INFO | httpx | HTTP Request: GET https://timesofindia.indiatimes.com/entertainment/tamil/kollywood/top-20-best-tamil-movies-of-2025 "HTTP/1.1 200 OK"
2025-12-27 22:35:23,545 | INFO | httpx | HTTP Request: GET https://timesofindia.indiatimes.com/business/gold-rates-today "HTTP/1.1 200 OK"
2025-12-27 22:35:25,409 | INFO | httpx | HTTP Request: GET https://timesofindia.indiatimes.com/voice-of-conscience "HTTP/1.1 200 OK"
2025-12-27 22:35:25,896 | INFO | httpx | HTTP Request: GET https://timesofindia.indiatimes.com/auto "HTTP/1.1 200 OK"
2025-12-27 22:35:27,119 | INFO | httpx | HTTP Request: GET https://timesofindia.indiatimes.com/travel/destinations "HTTP/1.1 200 OK"
2025-12-27 22:35:27,684 | INFO | httpx | HTTP Request: GET https://gadgetsnow.indiatimes.com/?_gl=1%2Ah4drpd%2A_ga%2AMjAzNTc2Njg5OS4xNzI3MjUzODEz%2A_ga_FCN624MN68%2AMTczNzQ1MDg1OS4xMzIuMS4xNzM3NDUzMzIyLjU0LjAuMA.. "HTTP/1.1 200 OK"
2025-12-27 22:35:28,332 | INFO | httpx | HTTP Request: GET https://timesofindia.indiatimes.com/entertainment/hindi/bollywood/news "HTTP/1.1 200 OK"
2025-12-27 22:35:29,490 | INFO | httpx | HTTP Request: GET https://timesofindia.indiatimes.com/travel "HTTP/1.1 301 Moved Permanently"
2025-12-27 22:35:31,389 | INFO | httpx | HTTP Request: GET https://timesofindia.indiatimes.com/astrology/chinese-horoscope/rat "HTTP/1.1 200 OK"
2025-12-27 22:35:34,001 | INFO | httpx | HTTP Request: GET https://timesofindia.indiatimes.com/technology/tech-news "HTTP/1.1 200 OK"
2025-12-27 22:35:34,528 | INFO | httpx | HTTP Request: GET https://timesofindia.indiatimes.com/india/public-holidays "HTTP/1.1 200 OK"
2025-12-27 22:35:35,036 | INFO | httpx | HTTP Request: GET https://timesofindia.indiatimes.com/business/bank-holidays "HTTP/1.1 200 OK"
2025-12-27 22:35:36,597 | INFO | __main__ | ✓ [1] Silver Rate Today - Check Out Silver Price Per Gra...
2025-12-27 22:35:37,105 | INFO | httpx | HTTP Request: GET https://timesofindia.indiatimes.com/us "HTTP/1.1 200 OK"
2025-12-27 22:35:37,683 | INFO | httpx | HTTP Request: GET https://navbharattimes.indiatimes.com/ "HTTP/1.1 200 OK"
2025-12-27 22:35:38,204 | INFO | httpx | HTTP Request: GET https://marathi.indiatimes.com/ "HTTP/1.1 301 Moved Permanently"
2025-12-27 22:35:38,499 | INFO | httpx | HTTP Request: GET https://maharashtratimes.com/ "HTTP/1.1 200 OK"
2025-12-27 22:35:39,867 | INFO | httpx | HTTP Request: GET https://timesofindia.indiatimes.com/weather "HTTP/1.1 200 OK"
2025-12-27 22:35:40,351 | INFO | httpx | HTTP Request: GET https://timesofindia.indiatimes.com/business "HTTP/1.1 200 OK"
2025-12-27 22:35:40,848 | INFO | httpx | HTTP Request: GET https://timesofindia.indiatimes.com/business/markets "HTTP/1.1 200 OK"
2025-12-27 22:35:42,735 | INFO | httpx | HTTP Request: GET https://timesofindia.indiatimes.com/business/gold-rates-today "HTTP/1.1 200 OK"
2025-12-27 22:35:53,286 | INFO | httpx | HTTP Request: GET https://timesofindia.indiatimes.com/videos/business "HTTP/1.1 200 OK"
2025-12-27 22:35:55,095 | INFO | httpx | HTTP Request: GET https://timesofindia.indiatimes.com/RightToExcellence/Financial-Literacy-Summit "HTTP/1.1 200 OK"
2025-12-27 22:35:55,535 | INFO | httpx | HTTP Request: GET https://timesofindia.indiatimes.com/business/silver-rates-today/silver-price-in-delhi "HTTP/1.1 200 OK"
2025-12-27 22:35:56,034 | INFO | httpx | HTTP Request: GET https://timesofindia.indiatimes.com/business/silver-rates-today/silver-price-in-noida "HTTP/1.1 200 OK"
2025-12-27 22:35:56,521 | INFO | httpx | HTTP Request: GET https://timesofindia.indiatimes.com/business/silver-rates-today/silver-price-in-mumbai "HTTP/1.1 200 OK"
2025-12-27 22:35:57,692 | INFO | httpx | HTTP Request: GET https://timesofindia.indiatimes.com/business/silver-rates-today/silver-price-in-pune "HTTP/1.1 200 OK"
2025-12-27 22:35:58,889 | INFO | httpx | HTTP Request: GET https://timesofindia.indiatimes.com/business/silver-rates-today/silver-price-in-chandigarh "HTTP/1.1 200 OK"
2025-12-27 22:35:59,370 | INFO | httpx | HTTP Request: GET https://timesofindia.indiatimes.com/business/silver-rates-today/silver-price-in-chennai "HTTP/1.1 200 OK"
2025-12-27 22:35:59,908 | INFO | httpx | HTTP Request: GET https://timesofindia.indiatimes.com/business/silver-rates-today/silver-price-in-hyderabad "HTTP/1.1 200 OK"
2025-12-27 22:36:00,343 | INFO | httpx | HTTP Request: GET https://timesofindia.indiatimes.com/business/silver-rates-today/silver-price-in-kerala "HTTP/1.1 200 OK"
2025-12-27 22:36:00,823 | INFO | httpx | HTTP Request: GET https://timesofindia.indiatimes.com/business/silver-rates-today/silver-price-in-agra "HTTP/1.1 200 OK"
2025-12-27 22:36:01,305 | INFO | httpx | HTTP Request: GET https://timesofindia.indiatimes.com/business/silver-rates-today/silver-price-in-ahmedabad "HTTP/1.1 200 OK"
2025-12-27 22:36:02,463 | INFO | httpx | HTTP Request: GET https://timesofindia.indiatimes.com/business/silver-rates-today/silver-price-in-amaravati "HTTP/1.1 200 OK"
2025-12-27 22:36:02,936 | INFO | httpx | HTTP Request: GET https://timesofindia.indiatimes.com/business/silver-rates-today/silver-price-in-ambur "HTTP/1.1 200 OK"
2025-12-27 22:36:03,431 | INFO | httpx | HTTP Request: GET https://timesofindia.indiatimes.com/business/silver-rates-today/silver-price-in-amravati "HTTP/1.1 200 OK"
2025-12-27 22:36:03,918 | INFO | httpx | HTTP Request: GET https://timesofindia.indiatimes.com/business/silver-rates-today/silver-price-in-amritsar "HTTP/1.1 200 OK"
2025-12-27 22:36:04,410 | INFO | httpx | HTTP Request: GET https://timesofindia.indiatimes.com/business/silver-rates-today/silver-price-in-anantapur "HTTP/1.1 200 OK"
2025-12-27 22:36:04,915 | INFO | httpx | HTTP Request: GET https://timesofindia.indiatimes.com/business/silver-rates-today/silver-price-in-arcot "HTTP/1.1 200 OK"
2025-12-27 22:36:06,042 | INFO | httpx | HTTP Request: GET https://timesofindia.indiatimes.com/business/gold-rates-today/gold-price-in-noida "HTTP/1.1 200 OK"
2025-12-27 22:36:06,519 | INFO | httpx | HTTP Request: GET https://timesofindia.indiatimes.com/business/gold-rates-today/gold-price-in-gurgaon "HTTP/1.1 200 OK"
2025-12-27 22:36:07,007 | INFO | httpx | HTTP Request: GET https://timesofindia.indiatimes.com/business/gold-rates-today/gold-price-in-mumbai "HTTP/1.1 200 OK"
2025-12-27 22:36:07,500 | INFO | httpx | HTTP Request: GET https://timesofindia.indiatimes.com/business/gold-rates-today/gold-price-in-bangalore "HTTP/1.1 200 OK"
2025-12-27 22:36:07,989 | INFO | httpx | HTTP Request: GET https://timesofindia.indiatimes.com/business/gold-rates-today/gold-price-in-hyderabad "HTTP/1.1 200 OK"
2025-12-27 22:36:08,462 | INFO | httpx | HTTP Request: GET https://timesofindia.indiatimes.com/business/gold-rates-today/gold-price-in-chennai "HTTP/1.1 200 OK"
2025-12-27 22:36:08,931 | INFO | httpx | HTTP Request: GET https://timesofindia.indiatimes.com/business/gold-rates-today/gold-price-in-kolkata "HTTP/1.1 200 OK"
2025-12-27 22:36:09,411 | INFO | httpx | HTTP Request: GET https://timesofindia.indiatimes.com/business/gold-rates-today/gold-price-in-pune "HTTP/1.1 200 OK"
2025-12-27 22:36:10,647 | INFO | httpx | HTTP Request: GET https://timesofindia.indiatimes.com/business/gold-rates-today/gold-price-in-lucknow "HTTP/1.1 200 OK"
2025-12-27 22:36:11,127 | INFO | httpx | HTTP Request: GET https://timesofindia.indiatimes.com/business/gold-rates-today/gold-price-in-chandigarh "HTTP/1.1 200 OK"
2025-12-27 22:36:11,679 | INFO | httpx | HTTP Request: GET https://timesofindia.indiatimes.com/business/platinum-rates-today/platinum-price-in-delhi "HTTP/1.1 200 OK"
2025-12-27 22:36:12,165 | INFO | httpx | HTTP Request: GET https://timesofindia.indiatimes.com/business/platinum-rates-today/platinum-price-in-noida "HTTP/1.1 200 OK"
2025-12-27 22:36:12,657 | INFO | httpx | HTTP Request: GET https://timesofindia.indiatimes.com/business/platinum-rates-today/platinum-price-in-gurgaon "HTTP/1.1 200 OK"
2025-12-27 22:36:13,808 | INFO | httpx | HTTP Request: GET https://timesofindia.indiatimes.com/business/platinum-rates-today/platinum-price-in-bangalore "HTTP/1.1 200 OK"
2025-12-27 22:36:14,288 | INFO | httpx | HTTP Request: GET https://timesofindia.indiatimes.com/business/platinum-rates-today/platinum-price-in-hyderabad "HTTP/1.1 200 OK"
2025-12-27 22:36:14,753 | INFO | httpx | HTTP Request: GET https://timesofindia.indiatimes.com/business/platinum-rates-today/platinum-price-in-chennai "HTTP/1.1 200 OK"
2025-12-27 22:36:17,938 | INFO | httpx | HTTP Request: GET https://timesofindia.indiatimes.com/business/platinum-rates-today/platinum-price-in-chandigarh "HTTP/1.1 200 OK"
2025-12-27 22:36:18,416 | INFO | httpx | HTTP Request: GET https://timesofindia.indiatimes.com/sports/cricket/icc-mens-t20-world-cup/schedule "HTTP/1.1 200 OK"
2025-12-27 22:36:19,121 | INFO | httpx | HTTP Request: GET https://timesofindia.indiatimes.com/life-style "HTTP/1.1 200 OK"
2025-12-27 22:36:20,453 | INFO | httpx | HTTP Request: GET https://timesofindia.indiatimes.com/tv/hindi "HTTP/1.1 200 OK"
2025-12-27 22:36:20,925 | INFO | httpx | HTTP Request: GET https://timesofindia.indiatimes.com/travel/destinations "HTTP/1.1 200 OK"
2025-12-27 22:36:23,474 | INFO | httpx | HTTP Request: GET https://timesofindia.indiatimes.com/sports "HTTP/1.1 200 OK"
2025-12-27 22:36:24,005 | INFO | httpx | HTTP Request: GET https://timesofindia.indiatimes.com/india "HTTP/1.1 200 OK"
2025-12-27 22:36:26,498 | INFO | httpx | HTTP Request: GET https://timesofindia.indiatimes.com/tv "HTTP/1.1 200 OK"
2025-12-27 22:36:26,952 | INFO | httpx | HTTP Request: GET https://timesofindia.indiatimes.com/technology "HTTP/1.1 200 OK"
2025-12-27 22:36:27,464 | INFO | httpx | HTTP Request: GET https://timesofindia.indiatimes.com/travel "HTTP/1.1 301 Moved Permanently"
2025-12-27 22:36:30,032 | INFO | httpx | HTTP Request: GET https://timesofindia.indiatimes.com/astrology "HTTP/1.1 200 OK"
2025-12-27 22:36:30,557 | INFO | httpx | HTTP Request: GET https://timesofindia.indiatimes.com/business/bank-holidays/is-bank-open-today "HTTP/1.1 200 OK"
2025-12-27 22:36:31,111 | INFO | httpx | HTTP Request: GET https://timesofindia.indiatimes.com/business/bank-holidays/is-bank-open-tomorrow "HTTP/1.1 200 OK"
2025-12-27 22:36:31,629 | INFO | httpx | HTTP Request: GET https://timesofindia.indiatimes.com/business/bank-holidays/december "HTTP/1.1 200 OK"
2025-12-27 22:36:32,919 | INFO | httpx | HTTP Request: GET https://timesofindia.indiatimes.com/business/stock-market-holidays "HTTP/1.1 200 OK"
2025-12-27 22:36:34,881 | INFO | httpx | HTTP Request: GET https://timesofindia.indiatimes.com/sports/international-sports "HTTP/1.1 200 OK"
2025-12-27 22:36:35,525 | INFO | httpx | HTTP Request: GET https://timesofindia.indiatimes.com/india/public-holidays "HTTP/1.1 200 OK"
2025-12-27 22:36:36,084 | INFO | httpx | HTTP Request: GET https://timesofindia.indiatimes.com/business/bank-holidays "HTTP/1.1 200 OK"
2025-12-27 22:36:38,865 | INFO | __main__ | ✓ [1] Top 20  Hollywood Movies of 2025 | Best  Hollywood...
2025-12-27 22:36:41,529 | INFO | httpx | HTTP Request: GET https://timesofindia.indiatimes.com/entertainment "HTTP/1.1 200 OK"
2025-12-27 22:36:43,083 | INFO | httpx | HTTP Request: GET https://timesofindia.indiatimes.com/web-series/news "HTTP/1.1 200 OK"
2025-12-27 22:36:45,072 | INFO | httpx | HTTP Request: GET https://timesofindia.indiatimes.com/entertainment/music "HTTP/1.1 200 OK"
2025-12-27 22:36:46,499 | INFO | httpx | HTTP Request: GET https://timesofindia.indiatimes.com/entertainment/hindi/theatre "HTTP/1.1 200 OK"
2025-12-27 22:36:47,478 | INFO | httpx | HTTP Request: GET https://timesofindia.indiatimes.com/etimes/gaming "HTTP/1.1 200 OK"
2025-12-27 22:36:50,149 | INFO | httpx | HTTP Request: GET https://timesofindia.indiatimes.com/entertainment/tamil/movies/news "HTTP/1.1 200 OK"
2025-12-27 22:36:50,691 | INFO | httpx | HTTP Request: GET https://timesofindia.indiatimes.com/entertainment/telugu/movies/news "HTTP/1.1 200 OK"
2025-12-27 22:36:51,380 | INFO | httpx | HTTP Request: GET https://timesofindia.indiatimes.com/entertainment/malayalam/movies/news "HTTP/1.1 200 OK"
2025-12-27 22:36:55,990 | INFO | httpx | HTTP Request: GET https://timesofindia.indiatimes.com/entertainment/movie-reviews "HTTP/1.1 200 OK"
2025-12-27 22:36:56,602 | INFO | httpx | HTTP Request: GET https://timesofindia.indiatimes.com/entertainment/hindi/movie-reviews "HTTP/1.1 200 OK"
2025-12-27 22:36:57,110 | INFO | httpx | HTTP Request: GET https://timesofindia.indiatimes.com/entertainment/english/movie-reviews "HTTP/1.1 200 OK"
2025-12-27 22:36:57,673 | INFO | httpx | HTTP Request: GET https://timesofindia.indiatimes.com/entertainment/tamil/movie-reviews "HTTP/1.1 200 OK"
2025-12-27 22:36:58,232 | INFO | httpx | HTTP Request: GET https://timesofindia.indiatimes.com/entertainment/telugu/movie-reviews "HTTP/1.1 200 OK"
2025-12-27 22:36:58,794 | INFO | httpx | HTTP Request: GET https://timesofindia.indiatimes.com/entertainment/malayalam/movie-reviews "HTTP/1.1 200 OK"
2025-12-27 22:37:02,843 | INFO | httpx | HTTP Request: GET https://timesofindia.indiatimes.com/entertainment/latest-new-movies/hindi-movies "HTTP/1.1 200 OK"
2025-12-27 22:37:03,405 | INFO | httpx | HTTP Request: GET https://timesofindia.indiatimes.com/entertainment/latest-new-movies/english-movies "HTTP/1.1 200 OK"
2025-12-27 22:37:03,969 | INFO | httpx | HTTP Request: GET https://timesofindia.indiatimes.com/entertainment/latest-new-movies/tamil-movies "HTTP/1.1 200 OK"
2025-12-27 22:37:04,472 | INFO | httpx | HTTP Request: GET https://timesofindia.indiatimes.com/entertainment/latest-new-movies/telugu-movies "HTTP/1.1 200 OK"
2025-12-27 22:37:04,977 | INFO | httpx | HTTP Request: GET https://timesofindia.indiatimes.com/entertainment/latest-new-movies/malayalam-movies "HTTP/1.1 200 OK"
2025-12-27 22:37:05,714 | INFO | httpx | HTTP Request: GET https://timesofindia.indiatimes.com/entertainment/latest-new-movies/kannada-movies "HTTP/1.1 200 OK"
2025-12-27 22:37:06,249 | INFO | httpx | HTTP Request: GET https://timesofindia.indiatimes.com/entertainment/latest-new-movies/bengali-movies "HTTP/1.1 200 OK"
2025-12-27 22:37:06,833 | INFO | httpx | HTTP Request: GET https://timesofindia.indiatimes.com/entertainment/latest-new-movies/punjabi-movies "HTTP/1.1 200 OK"
2025-12-27 22:37:07,331 | INFO | httpx | HTTP Request: GET https://timesofindia.indiatimes.com/entertainment/latest-new-movies/marathi-movies "HTTP/1.1 200 OK"
2025-12-27 22:37:07,937 | INFO | httpx | HTTP Request: GET https://timesofindia.indiatimes.com/entertainment/latest-new-movies/bhojpuri-movies "HTTP/1.1 200 OK"
2025-12-27 22:37:08,582 | INFO | httpx | HTTP Request: GET https://timesofindia.indiatimes.com/entertainment/latest-new-movies/gujarati-movies "HTTP/1.1 200 OK"
2025-12-27 22:37:09,755 | INFO | httpx | HTTP Request: GET https://timesofindia.indiatimes.com/entertainment/latest-new-movies/urdu-movies "HTTP/1.1 200 OK"
2025-12-27 22:37:10,382 | INFO | httpx | HTTP Request: GET https://timesofindia.indiatimes.com/entertainment/latest-new-movies/tulu-movies "HTTP/1.1 200 OK"
2025-12-27 22:37:10,938 | INFO | httpx | HTTP Request: GET https://timesofindia.indiatimes.com/entertainment/latest-new-movies/assamese-movies "HTTP/1.1 200 OK"
2025-12-27 22:37:13,522 | INFO | httpx | HTTP Request: GET https://timesofindia.indiatimes.com/entertainment/hindi/bollywood/box-office "HTTP/1.1 200 OK"
2025-12-27 22:37:14,079 | INFO | httpx | HTTP Request: GET https://timesofindia.indiatimes.com/entertainment/anime "HTTP/1.1 200 OK"
2025-12-27 22:37:15,243 | INFO | httpx | HTTP Request: GET https://timesofindia.indiatimes.com/videos/entertainment "HTTP/1.1 200 OK"
2025-12-27 22:37:15,743 | INFO | httpx | HTTP Request: GET https://timesofindia.indiatimes.com/topic/Jesse-Eisenberg "HTTP/1.1 200 OK"
2025-12-27 22:37:16,231 | INFO | httpx | HTTP Request: GET https://timesofindia.indiatimes.com/topic/Kieran-Culkin "HTTP/1.1 200 OK"
2025-12-27 22:37:18,040 | INFO | httpx | HTTP Request: GET https://timesofindia.indiatimes.com/topic/Einar-Haraldsson "HTTP/1.1 301 Moved Permanently"
2025-12-27 22:37:18,509 | INFO | httpx | HTTP Request: GET https://timesofindia.indiatimes.com/topic/einar-haraldsson "HTTP/1.1 200 OK"
2025-12-27 22:37:18,979 | INFO | httpx | HTTP Request: GET https://timesofindia.indiatimes.com/topic/einar-haraldsson "HTTP/1.1 200 OK"
2025-12-27 22:37:20,815 | INFO | httpx | HTTP Request: GET https://timesofindia.indiatimes.com/topic/Clifton-Collins-Jr. "HTTP/1.1 200 OK"
2025-12-27 22:37:21,635 | INFO | httpx | HTTP Request: GET https://timesofindia.indiatimes.com/topic/Alfred-Hsing "HTTP/1.1 301 Moved Permanently"
2025-12-27 22:37:22,085 | INFO | httpx | HTTP Request: GET https://timesofindia.indiatimes.com/topic/alfred-hsing "HTTP/1.1 200 OK"
2025-12-27 22:37:22,550 | INFO | httpx | HTTP Request: GET https://timesofindia.indiatimes.com/topic/alfred-hsing "HTTP/1.1 200 OK"
2025-12-27 22:37:23,062 | INFO | httpx | HTTP Request: GET https://timesofindia.indiatimes.com/topic/Oscar-Isaac "HTTP/1.1 200 OK"
2025-12-27 22:37:24,262 | INFO | httpx | HTTP Request: GET https://timesofindia.indiatimes.com/topic/Christoph-Waltz "HTTP/1.1 200 OK"
2025-12-27 22:37:24,780 | INFO | httpx | HTTP Request: GET https://timesofindia.indiatimes.com/topic/Mia-Goth "HTTP/1.1 200 OK"
2025-12-27 22:37:25,281 | INFO | httpx | HTTP Request: GET https://timesofindia.indiatimes.com/topic/Rami-Malek "HTTP/1.1 200 OK"
2025-12-27 22:37:25,809 | INFO | httpx | HTTP Request: GET https://timesofindia.indiatimes.com/topic/Russell-Crowe "HTTP/1.1 200 OK"
2025-12-27 22:37:26,643 | INFO | httpx | HTTP Request: GET https://timesofindia.indiatimes.com/topic/Leo-Woodall "HTTP/1.1 301 Moved Permanently"
2025-12-27 22:37:27,079 | INFO | httpx | HTTP Request: GET https://timesofindia.indiatimes.com/topic/leo-woodall "HTTP/1.1 200 OK"
2025-12-27 22:37:27,522 | INFO | httpx | HTTP Request: GET https://timesofindia.indiatimes.com/topic/leo-woodall "HTTP/1.1 200 OK"
2025-12-27 22:37:28,065 | INFO | httpx | HTTP Request: GET https://timesofindia.indiatimes.com/topic/Ethan-Hawke "HTTP/1.1 200 OK"
2025-12-27 22:37:28,585 | INFO | httpx | HTTP Request: GET https://timesofindia.indiatimes.com/topic/Margaret-Qualley "HTTP/1.1 200 OK"
2025-12-27 22:37:29,129 | INFO | httpx | HTTP Request: GET https://timesofindia.indiatimes.com/topic/Bobby-Cannavale "HTTP/1.1 200 OK"
2025-12-27 22:37:29,686 | INFO | httpx | HTTP Request: GET https://timesofindia.indiatimes.com/topic/Andrew-Scott "HTTP/1.1 200 OK"
2025-12-27 22:37:30,261 | INFO | httpx | HTTP Request: GET https://timesofindia.indiatimes.com/topic/Matthew-McConaughey "HTTP/1.1 200 OK"
2025-12-27 22:37:30,777 | INFO | httpx | HTTP Request: GET https://timesofindia.indiatimes.com/topic/America-Ferrera "HTTP/1.1 200 OK"
2025-12-27 22:37:31,346 | INFO | httpx | HTTP Request: GET https://timesofindia.indiatimes.com/topic/Ashlie-Atkinson "HTTP/1.1 200 OK"
2025-12-27 22:37:31,875 | INFO | httpx | HTTP Request: GET https://timesofindia.indiatimes.com/topic/Yul-Vazquez "HTTP/1.1 301 Moved Permanently"
2025-12-27 22:37:32,290 | INFO | httpx | HTTP Request: GET https://timesofindia.indiatimes.com/topic/yul-vazquez "HTTP/1.1 200 OK"
2025-12-27 22:37:32,718 | INFO | httpx | HTTP Request: GET https://timesofindia.indiatimes.com/topic/yul-vazquez "HTTP/1.1 200 OK"
2025-12-27 22:37:33,195 | INFO | httpx | HTTP Request: GET https://timesofindia.indiatimes.com/topic/Kusunoki-Tomori "HTTP/1.1 301 Moved Permanently"
2025-12-27 22:37:33,659 | INFO | httpx | HTTP Request: GET https://timesofindia.indiatimes.com/topic/kusunoki-tomori "HTTP/1.1 200 OK"
2025-12-27 22:37:34,180 | INFO | httpx | HTTP Request: GET https://timesofindia.indiatimes.com/topic/kusunoki-tomori "HTTP/1.1 200 OK"
2025-12-27 22:37:34,706 | INFO | httpx | HTTP Request: GET https://timesofindia.indiatimes.com/topic/Kikunosuke-Toya "HTTP/1.1 301 Moved Permanently"
2025-12-27 22:37:35,226 | INFO | httpx | HTTP Request: GET https://timesofindia.indiatimes.com/topic/kikunosuke-toya "HTTP/1.1 200 OK"
2025-12-27 22:37:35,681 | INFO | httpx | HTTP Request: GET https://timesofindia.indiatimes.com/topic/kikunosuke-toya "HTTP/1.1 200 OK"
2025-12-27 22:37:36,205 | INFO | httpx | HTTP Request: GET https://timesofindia.indiatimes.com/topic/Shogo-Sakata "HTTP/1.1 301 Moved Permanently"
2025-12-27 22:37:36,713 | INFO | httpx | HTTP Request: GET https://timesofindia.indiatimes.com/topic/shogo-sakata "HTTP/1.1 200 OK"
2025-12-27 22:37:37,205 | INFO | httpx | HTTP Request: GET https://timesofindia.indiatimes.com/topic/shogo-sakata "HTTP/1.1 200 OK"
2025-12-27 22:37:37,752 | INFO | httpx | HTTP Request: GET https://timesofindia.indiatimes.com/topic/Leonardo-DiCaprio "HTTP/1.1 200 OK"
2025-12-27 22:37:38,275 | INFO | httpx | HTTP Request: GET https://timesofindia.indiatimes.com/topic/Benicio-Del-Toro "HTTP/1.1 200 OK"
2025-12-27 22:37:38,825 | INFO | httpx | HTTP Request: GET https://timesofindia.indiatimes.com/topic/Sean-Penn "HTTP/1.1 200 OK"
2025-12-27 22:37:39,370 | INFO | httpx | HTTP Request: GET https://timesofindia.indiatimes.com/topic/Regina-Hall "HTTP/1.1 200 OK"
2025-12-27 22:37:39,878 | INFO | httpx | HTTP Request: GET https://timesofindia.indiatimes.com/topic/Wood-Harris "HTTP/1.1 200 OK"
2025-12-27 22:37:40,430 | INFO | httpx | HTTP Request: GET https://timesofindia.indiatimes.com/topic/Denzel-Washington "HTTP/1.1 200 OK"
2025-12-27 22:37:40,924 | INFO | httpx | HTTP Request: GET https://timesofindia.indiatimes.com/topic/Jeffrey-Wright "HTTP/1.1 200 OK"
2025-12-27 22:37:41,480 | INFO | httpx | HTTP Request: GET https://timesofindia.indiatimes.com/topic/Ilfenesh-Hadera "HTTP/1.1 200 OK"
2025-12-27 22:37:42,050 | INFO | httpx | HTTP Request: GET https://timesofindia.indiatimes.com/topic/Dean-Winters "HTTP/1.1 200 OK"
2025-12-27 22:37:42,684 | INFO | httpx | HTTP Request: GET https://timesofindia.indiatimes.com/topic/Michael-Potts "HTTP/1.1 200 OK"
2025-12-27 22:37:43,217 | INFO | httpx | HTTP Request: GET https://timesofindia.indiatimes.com/topic/Sally-Hawkins "HTTP/1.1 200 OK"
2025-12-27 22:37:43,708 | INFO | httpx | HTTP Request: GET https://timesofindia.indiatimes.com/topic/Billy-Barratt "HTTP/1.1 301 Moved Permanently"
2025-12-27 22:37:44,162 | INFO | httpx | HTTP Request: GET https://timesofindia.indiatimes.com/topic/billy-barratt "HTTP/1.1 200 OK"
2025-12-27 22:37:44,629 | INFO | httpx | HTTP Request: GET https://timesofindia.indiatimes.com/topic/billy-barratt "HTTP/1.1 200 OK"
2025-12-27 22:37:45,223 | INFO | httpx | HTTP Request: GET https://timesofindia.indiatimes.com/topic/Olga-Miller "HTTP/1.1 301 Moved Permanently"
2025-12-27 22:37:45,714 | INFO | httpx | HTTP Request: GET https://timesofindia.indiatimes.com/topic/olga-miller "HTTP/1.1 200 OK"
2025-12-27 22:37:46,232 | INFO | httpx | HTTP Request: GET https://timesofindia.indiatimes.com/topic/olga-miller "HTTP/1.1 200 OK"
2025-12-27 22:37:46,778 | INFO | httpx | HTTP Request: GET https://timesofindia.indiatimes.com/topic/Jonah-Wren-Phillips "HTTP/1.1 301 Moved Permanently"
2025-12-27 22:37:47,240 | INFO | httpx | HTTP Request: GET https://timesofindia.indiatimes.com/topic/jonah-wren-phillips "HTTP/1.1 200 OK"
2025-12-27 22:37:47,754 | INFO | httpx | HTTP Request: GET https://timesofindia.indiatimes.com/topic/jonah-wren-phillips "HTTP/1.1 200 OK"
2025-12-27 22:37:48,361 | INFO | httpx | HTTP Request: GET https://timesofindia.indiatimes.com/topic/Julia-Garner "HTTP/1.1 200 OK"
2025-12-27 22:37:49,027 | INFO | httpx | HTTP Request: GET https://timesofindia.indiatimes.com/topic/Josh-Brolin "HTTP/1.1 200 OK"
2025-12-27 22:37:49,667 | INFO | httpx | HTTP Request: GET https://timesofindia.indiatimes.com/topic/June-Diane-Raphael "HTTP/1.1 200 OK"
2025-12-27 22:37:50,252 | INFO | httpx | HTTP Request: GET https://timesofindia.indiatimes.com/topic/Benedict-Wong "HTTP/1.1 200 OK"
2025-12-27 22:37:50,826 | INFO | httpx | HTTP Request: GET https://timesofindia.indiatimes.com/topic/Sam-Rockwell "HTTP/1.1 200 OK"
2025-12-27 22:37:51,367 | INFO | httpx | HTTP Request: GET https://timesofindia.indiatimes.com/topic/Marc-Maron "HTTP/1.1 200 OK"
2025-12-27 22:37:51,888 | INFO | httpx | HTTP Request: GET https://timesofindia.indiatimes.com/topic/Craig-Robinson "HTTP/1.1 200 OK"
2025-12-27 22:37:52,397 | INFO | httpx | HTTP Request: GET https://timesofindia.indiatimes.com/topic/Anthony-Ramos "HTTP/1.1 200 OK"
2025-12-27 22:37:52,903 | INFO | httpx | HTTP Request: GET https://timesofindia.indiatimes.com/topic/john-cena "HTTP/1.1 200 OK"
2025-12-27 22:37:53,498 | INFO | httpx | HTTP Request: GET https://timesofindia.indiatimes.com/topic/Idris-Elba "HTTP/1.1 200 OK"
2025-12-27 22:37:54,100 | INFO | httpx | HTTP Request: GET https://timesofindia.indiatimes.com/topic/Priyanka-Chopra "HTTP/1.1 200 OK"
2025-12-27 22:37:54,622 | INFO | httpx | HTTP Request: GET https://timesofindia.indiatimes.com/topic/Carla-Gugino "HTTP/1.1 200 OK"
2025-12-27 22:37:55,161 | INFO | httpx | HTTP Request: GET https://timesofindia.indiatimes.com/topic/Jack-Quaid "HTTP/1.1 200 OK"
2025-12-27 22:37:55,601 | INFO | httpx | HTTP Request: GET https://timesofindia.indiatimes.com/topic/Paddy-Considine "HTTP/1.1 200 OK"
2025-12-27 22:37:56,114 | INFO | httpx | HTTP Request: GET https://timesofindia.indiatimes.com/topic/Brad-Garrett "HTTP/1.1 200 OK"
2025-12-27 22:37:56,587 | INFO | httpx | HTTP Request: GET https://timesofindia.indiatimes.com/topic/Yonas-Kibreab "HTTP/1.1 301 Moved Permanently"
2025-12-27 22:37:57,027 | INFO | httpx | HTTP Request: GET https://timesofindia.indiatimes.com/topic/yonas-kibreab "HTTP/1.1 200 OK"
2025-12-27 22:37:57,462 | INFO | httpx | HTTP Request: GET https://timesofindia.indiatimes.com/topic/yonas-kibreab "HTTP/1.1 200 OK"
2025-12-27 22:37:57,961 | INFO | httpx | HTTP Request: GET https://timesofindia.indiatimes.com/topic/Zoe-Saldana "HTTP/1.1 200 OK"
2025-12-27 22:37:58,443 | INFO | httpx | HTTP Request: GET https://timesofindia.indiatimes.com/topic/Jameela-Alia-Jamil "HTTP/1.1 301 Moved Permanently"
2025-12-27 22:37:58,874 | INFO | httpx | HTTP Request: GET https://timesofindia.indiatimes.com/topic/jameela-alia-jamil "HTTP/1.1 200 OK"
2025-12-27 22:37:59,328 | INFO | httpx | HTTP Request: GET https://timesofindia.indiatimes.com/topic/jameela-alia-jamil "HTTP/1.1 200 OK"
2025-12-27 22:37:59,824 | INFO | httpx | HTTP Request: GET https://timesofindia.indiatimes.com/topic/Chiwetel-Ejiofor "HTTP/1.1 200 OK"
2025-12-27 22:38:00,321 | INFO | httpx | HTTP Request: GET https://timesofindia.indiatimes.com/topic/Harvey-Guillen "HTTP/1.1 301 Moved Permanently"
2025-12-27 22:38:00,784 | INFO | httpx | HTTP Request: GET https://timesofindia.indiatimes.com/topic/harvey-guillen "HTTP/1.1 200 OK"
2025-12-27 22:38:01,216 | INFO | httpx | HTTP Request: GET https://timesofindia.indiatimes.com/topic/harvey-guillen "HTTP/1.1 200 OK"
2025-12-27 22:38:01,722 | INFO | httpx | HTTP Request: GET https://timesofindia.indiatimes.com/topic/Karen-Gillan "HTTP/1.1 200 OK"
2025-12-27 22:38:02,240 | INFO | httpx | HTTP Request: GET https://timesofindia.indiatimes.com/topic/Tony-Todd "HTTP/1.1 200 OK"
2025-12-27 22:38:02,745 | INFO | httpx | HTTP Request: GET https://timesofindia.indiatimes.com/topic/Richard-Harmon "HTTP/1.1 200 OK"
2025-12-27 22:38:03,273 | INFO | httpx | HTTP Request: GET https://timesofindia.indiatimes.com/topic/Brec-Bassinger "HTTP/1.1 200 OK"
2025-12-27 22:38:03,767 | INFO | httpx | HTTP Request: GET https://timesofindia.indiatimes.com/topic/Gabrielle-Rose "HTTP/1.1 200 OK"
2025-12-27 22:38:04,319 | INFO | httpx | HTTP Request: GET https://timesofindia.indiatimes.com/topic/Florence-Pugh "HTTP/1.1 200 OK"
2025-12-27 22:38:04,858 | INFO | httpx | HTTP Request: GET https://timesofindia.indiatimes.com/topic/Harrison-Ford "HTTP/1.1 200 OK"
2025-12-27 22:38:05,375 | INFO | httpx | HTTP Request: GET https://timesofindia.indiatimes.com/topic/Steven-Yeun "HTTP/1.1 200 OK"
2025-12-27 22:38:05,872 | INFO | httpx | HTTP Request: GET https://timesofindia.indiatimes.com/topic/Olga-Kurylenko "HTTP/1.1 200 OK"
2025-12-27 22:38:06,363 | INFO | httpx | HTTP Request: GET https://timesofindia.indiatimes.com/topic/Sebastian-Stan "HTTP/1.1 200 OK"
2025-12-27 22:38:06,855 | INFO | httpx | HTTP Request: GET https://timesofindia.indiatimes.com/topic/Hannah-John-Kamen "HTTP/1.1 200 OK"
2025-12-27 22:38:07,330 | INFO | httpx | HTTP Request: GET https://timesofindia.indiatimes.com/topic/Varun-Dhawan "HTTP/1.1 200 OK"
2025-12-27 22:38:07,837 | INFO | httpx | HTTP Request: GET https://timesofindia.indiatimes.com/topic/Janhvi-Kapoor "HTTP/1.1 200 OK"
2025-12-27 22:38:08,401 | INFO | httpx | HTTP Request: GET https://timesofindia.indiatimes.com/topic/Sanya-Malhotra "HTTP/1.1 200 OK"
2025-12-27 22:38:08,926 | INFO | httpx | HTTP Request: GET https://timesofindia.indiatimes.com/topic/Rohit-Saraf "HTTP/1.1 200 OK"
2025-12-27 22:38:09,452 | INFO | httpx | HTTP Request: GET https://timesofindia.indiatimes.com/topic/Mark-Wahlberg "HTTP/1.1 200 OK"
2025-12-27 22:38:10,124 | INFO | httpx | HTTP Request: GET https://timesofindia.indiatimes.com/topic/Lakeith-Stanfield "HTTP/1.1 200 OK"
2025-12-27 22:38:10,671 | INFO | httpx | HTTP Request: GET https://timesofindia.indiatimes.com/topic/Rosa-Salazar "HTTP/1.1 200 OK"
2025-12-27 22:38:11,169 | INFO | httpx | HTTP Request: GET https://timesofindia.indiatimes.com/topic/Keegan-Michael-Key "HTTP/1.1 200 OK"
2025-12-27 22:38:11,695 | INFO | httpx | HTTP Request: GET https://timesofindia.indiatimes.com/topic/Rajinikanth "HTTP/1.1 200 OK"
2025-12-27 22:38:12,185 | INFO | httpx | HTTP Request: GET https://timesofindia.indiatimes.com/topic/Aamir-Khan "HTTP/1.1 200 OK"
2025-12-27 22:38:12,773 | INFO | httpx | HTTP Request: GET https://timesofindia.indiatimes.com/topic/Nagarjuna-Akkineni "HTTP/1.1 200 OK"
2025-12-27 22:38:13,297 | INFO | httpx | HTTP Request: GET https://timesofindia.indiatimes.com/topic/Soubin-Shahir "HTTP/1.1 200 OK"
2025-12-27 22:38:13,857 | INFO | httpx | HTTP Request: GET https://timesofindia.indiatimes.com/topic/Shruti-Haasan "HTTP/1.1 200 OK"
2025-12-27 22:38:14,341 | INFO | httpx | HTTP Request: GET https://timesofindia.indiatimes.com/topic/Pooja-Hegde "HTTP/1.1 200 OK"
2025-12-27 22:38:14,888 | INFO | httpx | HTTP Request: GET https://timesofindia.indiatimes.com/topic/Upendra "HTTP/1.1 200 OK"
2025-12-27 22:38:15,351 | INFO | httpx | HTTP Request: GET https://timesofindia.indiatimes.com/topic/Sathyaraj "HTTP/1.1 200 OK"
2025-12-27 22:38:15,920 | INFO | httpx | HTTP Request: GET https://timesofindia.indiatimes.com/topic/Hrithik-Roshan "HTTP/1.1 200 OK"
2025-12-27 22:38:16,490 | INFO | httpx | HTTP Request: GET https://timesofindia.indiatimes.com/topic/Jr-Ntr "HTTP/1.1 200 OK"
2025-12-27 22:38:17,044 | INFO | httpx | HTTP Request: GET https://timesofindia.indiatimes.com/topic/Kiara-Advani "HTTP/1.1 200 OK"
2025-12-27 22:38:17,581 | INFO | httpx | HTTP Request: GET https://timesofindia.indiatimes.com/topic/Ashutosh-Rana "HTTP/1.1 200 OK"
2025-12-27 22:38:18,070 | INFO | httpx | HTTP Request: GET https://timesofindia.indiatimes.com/topic/Anil-Kapoor "HTTP/1.1 200 OK"
2025-12-27 22:38:18,612 | INFO | httpx | HTTP Request: GET https://timesofindia.indiatimes.com/entertainment/hindi/bollywood/top-20-best-bollywood-movies-of-2025 "HTTP/1.1 200 OK"
2025-12-27 22:38:19,289 | INFO | httpx | HTTP Request: GET https://timesofindia.indiatimes.com/entertainment/tamil/kollywood/top-20-best-tamil-movies-of-2025 "HTTP/1.1 200 OK"
2025-12-27 22:38:19,962 | INFO | httpx | HTTP Request: GET https://timesofindia.indiatimes.com/entertainment/telugu/tollywood/top-20-best-telugu-movies-of-2025 "HTTP/1.1 200 OK"
2025-12-27 22:38:20,487 | INFO | httpx | HTTP Request: GET https://timesofindia.indiatimes.com/entertainment/malayalam/mollywood/top-20-best-malayalam-movies-of-2025 "HTTP/1.1 200 OK"
2025-12-27 22:38:21,036 | INFO | httpx | HTTP Request: GET https://timesofindia.indiatimes.com/entertainment/kannada/movies/top-20-best-kannada-movies-of-2025 "HTTP/1.1 200 OK"
2025-12-27 22:38:21,695 | INFO | httpx | HTTP Request: GET https://timesofindia.indiatimes.com/entertainment/bengali/movies/top-20-best-bengali-movies-of-2025 "HTTP/1.1 200 OK"
2025-12-27 22:38:22,310 | INFO | httpx | HTTP Request: GET https://timesofindia.indiatimes.com/entertainment/marathi/movies/top-20-best-marathi-movies-of-2025 "HTTP/1.1 200 OK"
2025-12-27 22:38:23,027 | INFO | httpx | HTTP Request: GET https://timesofindia.indiatimes.com/entertainment/latest-new-movies/comedy-movies "HTTP/1.1 200 OK"
2025-12-27 22:38:27,227 | INFO | httpx | HTTP Request: GET https://timesofindia.indiatimes.com/entertainment/latest-new-movies/hindi/romance/61017241 "HTTP/1.1 200 OK"
2025-12-27 22:38:28,666 | INFO | httpx | HTTP Request: GET https://timesofindia.indiatimes.com/entertainment/latest-new-movies/animation-movies "HTTP/1.1 200 OK"
2025-12-27 22:38:30,810 | INFO | httpx | HTTP Request: GET https://timesofindia.indiatimes.com/entertainment/top-rated-movies "HTTP/1.1 200 OK"
2025-12-27 22:38:33,475 | INFO | httpx | HTTP Request: GET https://timesofindia.indiatimes.com/entertainment/top-rated-movies/tamil/best-movies/2025/2742916 "HTTP/1.1 200 OK"
2025-12-27 22:38:34,086 | INFO | httpx | HTTP Request: GET https://timesofindia.indiatimes.com/entertainment/top-rated-movies/malayalam/best-movies/2025/12198692 "HTTP/1.1 200 OK"
2025-12-27 22:38:35,819 | INFO | httpx | HTTP Request: GET https://timesofindia.indiatimes.com/entertainment/upcoming-movies/upcoming-hindi-movies "HTTP/1.1 200 OK"
2025-12-27 22:38:36,543 | INFO | httpx | HTTP Request: GET https://timesofindia.indiatimes.com/entertainment/top-rated-movies/best-movies-of-all-time "HTTP/1.1 200 OK"
2025-12-27 22:38:37,846 | INFO | httpx | HTTP Request: GET https://timesofindia.indiatimes.com/tv/english "HTTP/1.1 200 OK"
2025-12-27 22:38:38,450 | INFO | httpx | HTTP Request: GET https://timesofindia.indiatimes.com/tv/tamil "HTTP/1.1 200 OK"
2025-12-27 22:38:39,820 | INFO | httpx | HTTP Request: GET https://timesofindia.indiatimes.com/tv/malayalam "HTTP/1.1 200 OK"
2025-12-27 22:38:41,154 | INFO | httpx | HTTP Request: GET https://timesofindia.indiatimes.com/etimes/trending "HTTP/1.1 200 OK"
2025-12-27 22:38:43,216 | INFO | httpx | HTTP Request: GET https://timesofindia.indiatimes.com/entertainment/upcoming-movies/upcoming-tamil-movies "HTTP/1.1 200 OK"
2025-12-27 22:38:51,500 | INFO | httpx | HTTP Request: GET https://timesofindia.indiatimes.com/videos/entertainment/hindi "HTTP/1.1 200 OK"
2025-12-27 22:38:53,139 | INFO | httpx | HTTP Request: GET https://timesofindia.indiatimes.com/tv/news/hindi "HTTP/1.1 200 OK"
2025-12-27 22:38:54,751 | INFO | __main__ | ✓ [1] Gold Rate in Delhi Today – 18K, 22K & 24K Gold Pri...
2025-12-27 22:38:55,388 | INFO | httpx | HTTP Request: GET https://timesofindia.indiatimes.com/us "HTTP/1.1 200 OK"
2025-12-27 22:38:55,842 | INFO | httpx | HTTP Request: GET https://navbharattimes.indiatimes.com/ "HTTP/1.1 200 OK"
2025-12-27 22:38:56,348 | INFO | httpx | HTTP Request: GET https://marathi.indiatimes.com/ "HTTP/1.1 301 Moved Permanently"
2025-12-27 22:38:59,415 | INFO | httpx | HTTP Request: GET https://timesofindia.indiatimes.com/business/gold-rates-today "HTTP/1.1 200 OK"
2025-12-27 22:38:59,968 | INFO | httpx | HTTP Request: GET https://timesofindia.indiatimes.com/business/markets "HTTP/1.1 200 OK"
2025-12-27 22:39:01,173 | INFO | httpx | HTTP Request: GET https://timesofindia.indiatimes.com/business/infrastructure "HTTP/1.1 200 OK"
2025-12-27 22:39:01,625 | INFO | httpx | HTTP Request: GET https://timesofindia.indiatimes.com/business/financial-literacy "HTTP/1.1 200 OK"
2025-12-27 22:39:02,133 | INFO | httpx | HTTP Request: GET https://timesofindia.indiatimes.com/business/dontgetscammed "HTTP/1.1 200 OK"
2025-12-27 22:39:03,428 | INFO | httpx | HTTP Request: GET https://timesofindia.indiatimes.com/business/financial-calculators "HTTP/1.1 200 OK"
2025-12-27 22:39:04,723 | INFO | httpx | HTTP Request: GET https://timesofindia.indiatimes.com/business/cybersecurity "HTTP/1.1 200 OK"
2025-12-27 22:39:05,356 | INFO | httpx | HTTP Request: GET https://timesofindia.indiatimes.com/business/ifsc-code "HTTP/1.1 200 OK"
2025-12-27 22:39:05,902 | INFO | httpx | HTTP Request: GET https://timesofindia.indiatimes.com/business/budget "HTTP/1.1 200 OK"
2025-12-27 22:39:10,912 | INFO | httpx | HTTP Request: GET https://timesofindia.indiatimes.com/videos/business "HTTP/1.1 200 OK"
2025-12-27 22:39:12,075 | INFO | httpx | HTTP Request: GET https://timesofindia.indiatimes.com/business/web-stories "HTTP/1.1 200 OK"
2025-12-27 22:39:12,544 | INFO | httpx | HTTP Request: GET https://timesofindia.indiatimes.com/RightToExcellence/Financial-Literacy-Summit "HTTP/1.1 200 OK"
2025-12-27 22:39:12,952 | INFO | httpx | HTTP Request: GET https://timesofindia.indiatimes.com/business/gold-rates-today/gold-price-in-mumbai "HTTP/1.1 200 OK"
2025-12-27 22:39:13,442 | INFO | httpx | HTTP Request: GET https://timesofindia.indiatimes.com/business/gold-rates-today/gold-price-in-chandigarh "HTTP/1.1 200 OK"
2025-12-27 22:39:14,610 | INFO | httpx | HTTP Request: GET https://timesofindia.indiatimes.com/business/gold-rates-today/gold-price-in-pune "HTTP/1.1 200 OK"
2025-12-27 22:39:15,085 | INFO | httpx | HTTP Request: GET https://timesofindia.indiatimes.com/business/gold-rates-today/gold-price-in-gurgaon "HTTP/1.1 200 OK"
2025-12-27 22:39:16,223 | INFO | httpx | HTTP Request: GET https://timesofindia.indiatimes.com/business/gold-rates-today/gold-price-in-chennai "HTTP/1.1 200 OK"
2025-12-27 22:39:16,695 | INFO | httpx | HTTP Request: GET https://timesofindia.indiatimes.com/business/gold-rates-today/gold-price-in-kolkata "HTTP/1.1 200 OK"
2025-12-27 22:39:17,180 | INFO | httpx | HTTP Request: GET https://timesofindia.indiatimes.com/business/gold-rates-today/gold-price-in-hyderabad "HTTP/1.1 200 OK"
2025-12-27 22:39:18,334 | INFO | httpx | HTTP Request: GET https://timesofindia.indiatimes.com/business/gold-rates-today/gold-price-in-ahmedabad "HTTP/1.1 200 OK"
2025-12-27 22:39:20,871 | INFO | httpx | HTTP Request: GET https://timesofindia.indiatimes.com/business/gold-rates-today/gold-price-in-amravati "HTTP/1.1 200 OK"
2025-12-27 22:39:21,354 | INFO | httpx | HTTP Request: GET https://timesofindia.indiatimes.com/business/gold-rates-today/gold-price-in-amritsar "HTTP/1.1 200 OK"
2025-12-27 22:39:23,859 | INFO | httpx | HTTP Request: GET https://timesofindia.indiatimes.com/business/silver-rates-today/silver-price-in-delhi "HTTP/1.1 200 OK"
2025-12-27 22:39:24,346 | INFO | httpx | HTTP Request: GET https://timesofindia.indiatimes.com/business/silver-rates-today/silver-price-in-noida "HTTP/1.1 200 OK"
2025-12-27 22:39:24,833 | INFO | httpx | HTTP Request: GET https://timesofindia.indiatimes.com/business/silver-rates-today/silver-price-in-gurgaon "HTTP/1.1 200 OK"
2025-12-27 22:39:25,354 | INFO | httpx | HTTP Request: GET https://timesofindia.indiatimes.com/business/silver-rates-today/silver-price-in-mumbai "HTTP/1.1 200 OK"
2025-12-27 22:39:26,513 | INFO | httpx | HTTP Request: GET https://timesofindia.indiatimes.com/business/silver-rates-today/silver-price-in-hyderabad "HTTP/1.1 200 OK"
2025-12-27 22:39:26,992 | INFO | httpx | HTTP Request: GET https://timesofindia.indiatimes.com/business/silver-rates-today/silver-price-in-chennai "HTTP/1.1 200 OK"
2025-12-27 22:39:27,472 | INFO | httpx | HTTP Request: GET https://timesofindia.indiatimes.com/business/silver-rates-today/silver-price-in-kolkata "HTTP/1.1 200 OK"
2025-12-27 22:39:27,932 | INFO | httpx | HTTP Request: GET https://timesofindia.indiatimes.com/business/silver-rates-today/silver-price-in-pune "HTTP/1.1 200 OK"
2025-12-27 22:39:29,762 | INFO | httpx | HTTP Request: GET https://timesofindia.indiatimes.com/business/silver-rates-today/silver-price-in-chandigarh "HTTP/1.1 200 OK"
2025-12-27 22:39:30,242 | INFO | httpx | HTTP Request: GET https://timesofindia.indiatimes.com/business/platinum-rates-today/platinum-price-in-delhi "HTTP/1.1 200 OK"
2025-12-27 22:39:30,713 | INFO | httpx | HTTP Request: GET https://timesofindia.indiatimes.com/business/platinum-rates-today/platinum-price-in-noida "HTTP/1.1 200 OK"
2025-12-27 22:39:31,177 | INFO | httpx | HTTP Request: GET https://timesofindia.indiatimes.com/business/platinum-rates-today/platinum-price-in-gurgaon "HTTP/1.1 200 OK"
2025-12-27 22:39:31,676 | INFO | httpx | HTTP Request: GET https://timesofindia.indiatimes.com/business/platinum-rates-today/platinum-price-in-mumbai "HTTP/1.1 200 OK"
2025-12-27 22:39:32,159 | INFO | httpx | HTTP Request: GET https://timesofindia.indiatimes.com/business/platinum-rates-today/platinum-price-in-bangalore "HTTP/1.1 200 OK"
2025-12-27 22:39:32,712 | INFO | httpx | HTTP Request: GET https://timesofindia.indiatimes.com/business/platinum-rates-today/platinum-price-in-hyderabad "HTTP/1.1 200 OK"
2025-12-27 22:39:34,632 | INFO | httpx | HTTP Request: GET https://timesofindia.indiatimes.com/business/platinum-rates-today/platinum-price-in-pune "HTTP/1.1 200 OK"
2025-12-27 22:39:35,793 | INFO | httpx | HTTP Request: GET https://timesofindia.indiatimes.com/business/platinum-rates-today/platinum-price-in-lucknow "HTTP/1.1 200 OK"
2025-12-27 22:39:36,294 | INFO | httpx | HTTP Request: GET https://timesofindia.indiatimes.com/business/platinum-rates-today/platinum-price-in-chandigarh "HTTP/1.1 200 OK"
2025-12-27 22:39:38,354 | INFO | httpx | HTTP Request: GET https://timesofindia.indiatimes.com/life-style/food-news "HTTP/1.1 200 OK"
2025-12-27 22:39:40,880 | INFO | httpx | HTTP Request: GET https://gadgetsnow.indiatimes.com/?_gl=1%2Ah4drpd%2A_ga%2AMjAzNTc2Njg5OS4xNzI3MjUzODEz%2A_ga_FCN624MN68%2AMTczNzQ1MDg1OS4xMzIuMS4xNzM3NDUzMzIyLjU0LjAuMA.. "HTTP/1.1 200 OK"
2025-12-27 22:39:43,411 | INFO | httpx | HTTP Request: GET https://timesofindia.indiatimes.com/world "HTTP/1.1 200 OK"
2025-12-27 22:39:44,026 | INFO | httpx | HTTP Request: GET https://timesofindia.indiatimes.com/entertainment/hindi/bollywood/news "HTTP/1.1 200 OK"
2025-12-27 22:39:45,801 | INFO | httpx | HTTP Request: GET https://timesofindia.indiatimes.com/technology "HTTP/1.1 200 OK"
2025-12-27 22:39:46,291 | INFO | httpx | HTTP Request: GET https://timesofindia.indiatimes.com/travel "HTTP/1.1 301 Moved Permanently"
2025-12-27 22:39:46,732 | INFO | httpx | HTTP Request: GET https://timesofindia.indiatimes.com/travel/ "HTTP/1.1 200 OK"
2025-12-27 22:39:47,166 | INFO | httpx | HTTP Request: GET https://timesofindia.indiatimes.com/travel/ "HTTP/1.1 200 OK"
2025-12-27 22:39:49,015 | INFO | httpx | HTTP Request: GET https://timesofindia.indiatimes.com/astrology "HTTP/1.1 200 OK"
2025-12-27 22:39:53,014 | INFO | httpx | HTTP Request: GET https://timesofindia.indiatimes.com/sports/nfl/schedule "HTTP/1.1 200 OK"
2025-12-27 22:39:53,565 | INFO | httpx | HTTP Request: GET https://timesofindia.indiatimes.com/technology/tech-news "HTTP/1.1 200 OK"
2025-12-27 22:39:54,808 | INFO | httpx | HTTP Request: GET https://timesofindia.indiatimes.com/india/public-holidays "HTTP/1.1 200 OK"
2025-12-27 22:39:55,326 | INFO | httpx | HTTP Request: GET https://timesofindia.indiatimes.com/business/bank-holidays "HTTP/1.1 200 OK"
2025-12-27 22:39:57,553 | INFO | __main__ | ✓ [1] India City News, Indian Cities | Cities News - Tim...
2025-12-27 22:39:58,104 | INFO | httpx | HTTP Request: GET https://timesofindia.indiatimes.com/us "HTTP/1.1 200 OK"
2025-12-27 22:39:59,848 | INFO | httpx | HTTP Request: GET https://bangla.indiatimes.com/ "HTTP/1.1 200 OK"
2025-12-27 22:40:00,389 | INFO | httpx | HTTP Request: GET https://timesofindia.indiatimes.com/weather "HTTP/1.1 200 OK"
2025-12-27 22:40:47,217 | INFO | httpx | HTTP Request: GET https://timesofindia.indiatimes.com/city/photos "HTTP/1.1 200 OK"
2025-12-27 22:40:47,682 | INFO | httpx | HTTP Request: GET https://timesofindia.indiatimes.com/city/web-stories "HTTP/1.1 200 OK"
2025-12-27 22:40:58,510 | INFO | httpx | HTTP Request: GET https://timesofindia.indiatimes.com/sports/cricket/icc-mens-t20-world-cup/schedule "HTTP/1.1 200 OK"
2025-12-27 22:41:01,201 | INFO | httpx | HTTP Request: GET https://timesofindia.indiatimes.com/travel/destinations "HTTP/1.1 200 OK"
2025-12-27 22:41:02,512 | INFO | httpx | HTTP Request: GET https://gadgetsnow.indiatimes.com/?_gl=1%2Ah4drpd%2A_ga%2AMjAzNTc2Njg5OS4xNzI3MjUzODEz%2A_ga_FCN624MN68%2AMTczNzQ1MDg1OS4xMzIuMS4xNzM3NDUzMzIyLjU0LjAuMA.. "HTTP/1.1 200 OK"
2025-12-27 22:41:03,719 | INFO | httpx | HTTP Request: GET https://timesofindia.indiatimes.com/sports "HTTP/1.1 200 OK"
2025-12-27 22:41:04,230 | INFO | httpx | HTTP Request: GET https://timesofindia.indiatimes.com/business "HTTP/1.1 200 OK"
2025-12-27 22:41:04,739 | INFO | httpx | HTTP Request: GET https://timesofindia.indiatimes.com/india "HTTP/1.1 200 OK"
2025-12-27 22:41:05,217 | INFO | httpx | HTTP Request: GET https://timesofindia.indiatimes.com/world "HTTP/1.1 200 OK"
2025-12-27 22:41:07,404 | INFO | httpx | HTTP Request: GET https://timesofindia.indiatimes.com/technology "HTTP/1.1 200 OK"
2025-12-27 22:41:07,895 | INFO | httpx | HTTP Request: GET https://timesofindia.indiatimes.com/travel "HTTP/1.1 301 Moved Permanently"
2025-12-27 22:41:08,518 | INFO | httpx | HTTP Request: GET https://timesofindia.indiatimes.com/travel/ "HTTP/1.1 200 OK"
2025-12-27 22:41:08,917 | INFO | httpx | HTTP Request: GET https://timesofindia.indiatimes.com/travel/ "HTTP/1.1 200 OK"
2025-12-27 22:41:10,053 | INFO | httpx | HTTP Request: GET https://timesofindia.indiatimes.com/astrology/chinese-horoscope/rat "HTTP/1.1 200 OK"
2025-12-27 22:41:11,206 | INFO | httpx | HTTP Request: GET https://timesofindia.indiatimes.com/astrology "HTTP/1.1 200 OK"
2025-12-27 22:41:11,683 | INFO | httpx | HTTP Request: GET https://timesofindia.indiatimes.com/business/gold-rates-today "HTTP/1.1 200 OK"
2025-12-27 22:41:12,163 | INFO | httpx | HTTP Request: GET https://timesofindia.indiatimes.com/business/bank-holidays/is-bank-open-today "HTTP/1.1 200 OK"
2025-12-27 22:41:12,619 | INFO | httpx | HTTP Request: GET https://timesofindia.indiatimes.com/business/bank-holidays/is-bank-open-tomorrow "HTTP/1.1 200 OK"
2025-12-27 22:41:13,084 | INFO | httpx | HTTP Request: GET https://timesofindia.indiatimes.com/business/bank-holidays/december "HTTP/1.1 200 OK"
2025-12-27 22:41:13,567 | INFO | httpx | HTTP Request: GET https://timesofindia.indiatimes.com/india/public-holidays/december "HTTP/1.1 200 OK"
2025-12-27 22:41:19,055 | INFO | __main__ | ✓ [1] Hottest Parties, Celebrities, Events in Cities, Pa...
2025-12-27 22:41:19,459 | INFO | httpx | HTTP Request: GET https://jsso.indiatimes.com/sso/identity/profile/edit?channel=toi "HTTP/1.1 302 Moved Temporarily"
2025-12-27 22:41:19,933 | INFO | httpx | HTTP Request: GET https://jsso.indiatimes.com/sso/identity/login?channel=toi "HTTP/1.1 200 OK"
2025-12-27 22:41:20,437 | INFO | httpx | HTTP Request: GET https://jsso.indiatimes.com/sso/identity/login?channel=toi "HTTP/1.1 200 OK"
2025-12-27 22:41:25,710 | INFO | httpx | HTTP Request: GET https://timesofindia.indiatimes.com/entertainment/hindi/music "HTTP/1.1 200 OK"
2025-12-27 22:41:26,324 | INFO | httpx | HTTP Request: GET https://timesofindia.indiatimes.com/entertainment/events/delhi "HTTP/1.1 200 OK"
2025-12-27 22:41:27,655 | INFO | httpx | HTTP Request: GET https://timesofindia.indiatimes.com/entertainment/hindi/theatre "HTTP/1.1 200 OK"
2025-12-27 22:41:29,206 | INFO | httpx | HTTP Request: GET https://timesofindia.indiatimes.com/entertainment/events/mumbai "HTTP/1.1 200 OK"
2025-12-27 22:41:30,386 | INFO | httpx | HTTP Request: GET https://timesofindia.indiatimes.com/entertainment/events/kolkata "HTTP/1.1 200 OK"
2025-12-27 22:41:31,037 | INFO | httpx | HTTP Request: GET https://timesofindia.indiatimes.com/entertainment/events/chennai "HTTP/1.1 200 OK"
2025-12-27 22:41:32,927 | INFO | httpx | HTTP Request: GET https://timesofindia.indiatimes.com/entertainment/events/bhopal "HTTP/1.1 200 OK"
2025-12-27 22:41:33,478 | INFO | httpx | HTTP Request: GET https://timesofindia.indiatimes.com/entertainment/events/bhubaneshwar "HTTP/1.1 200 OK"
2025-12-27 22:41:36,819 | INFO | httpx | HTTP Request: GET https://timesofindia.indiatimes.com/entertainment/events/jaipur "HTTP/1.1 200 OK"
2025-12-27 22:41:38,775 | INFO | httpx | HTTP Request: GET https://timesofindia.indiatimes.com/entertainment/events/kolhapur "HTTP/1.1 200 OK"
2025-12-27 22:41:41,379 | INFO | httpx | HTTP Request: GET https://timesofindia.indiatimes.com/entertainment/events/patna "HTTP/1.1 200 OK"
2025-12-27 22:41:43,957 | INFO | httpx | HTTP Request: GET https://timesofindia.indiatimes.com/entertainment/events/varanasi "HTTP/1.1 200 OK"
2025-12-27 22:41:45,207 | INFO | httpx | HTTP Request: GET https://timesofindia.indiatimes.com/entertainment/events/noida "HTTP/1.1 200 OK"
2025-12-27 22:41:46,364 | INFO | httpx | HTTP Request: GET http://timesofindia.indiatimes.com/videos/entertainment "HTTP/1.1 301 Moved Permanently"
2025-12-27 22:41:46,750 | INFO | httpx | HTTP Request: GET https://timesofindia.indiatimes.com/videos/entertainment "HTTP/1.1 200 OK"
2025-12-27 22:41:47,187 | INFO | httpx | HTTP Request: GET https://timesofindia.indiatimes.com/videos/entertainment "HTTP/1.1 200 OK"
2025-12-27 22:41:47,661 | INFO | httpx | HTTP Request: GET https://timesofindia.indiatimes.com/videos/entertainment "HTTP/1.1 200 OK"
2025-12-27 22:41:48,136 | INFO | httpx | HTTP Request: GET https://timesofindia.indiatimes.com/videos/entertainment/hindi "HTTP/1.1 200 OK"
2025-12-27 22:41:49,275 | INFO | httpx | HTTP Request: GET https://timesofindia.indiatimes.com/videos/entertainment/hollywood "HTTP/1.1 200 OK"
2025-12-27 22:41:49,789 | INFO | httpx | HTTP Request: GET https://timesofindia.indiatimes.com/videos/entertainment/regional/tamil "HTTP/1.1 200 OK"
2025-12-27 22:41:50,263 | INFO | httpx | HTTP Request: GET https://timesofindia.indiatimes.com/videos/entertainment/regional/telugu "HTTP/1.1 200 OK"
2025-12-27 22:41:50,767 | INFO | httpx | HTTP Request: GET https://timesofindia.indiatimes.com/videos/entertainment/regional/malayalam "HTTP/1.1 200 OK"
2025-12-27 22:41:51,237 | INFO | httpx | HTTP Request: GET https://timesofindia.indiatimes.com/videos/entertainment/regional/kannada "HTTP/1.1 200 OK"
2025-12-27 22:41:52,376 | INFO | httpx | HTTP Request: GET https://timesofindia.indiatimes.com/videos/entertainment/regional/marathi "HTTP/1.1 200 OK"
2025-12-27 22:41:52,845 | INFO | httpx | HTTP Request: GET https://timesofindia.indiatimes.com/videos/entertainment/regional/gujarati "HTTP/1.1 200 OK"
2025-12-27 22:41:54,052 | INFO | httpx | HTTP Request: GET https://timesofindia.indiatimes.com/videos/entertainment/music "HTTP/1.1 200 OK"
2025-12-27 22:41:57,318 | INFO | httpx | HTTP Request: GET https://timesofindia.indiatimes.com/videos/entertainment/trailers/malayalam "HTTP/1.1 200 OK"
2025-12-27 22:41:58,460 | INFO | httpx | HTTP Request: GET https://timesofindia.indiatimes.com/videos/entertainment/trailers/bangla "HTTP/1.1 200 OK"
2025-12-27 22:41:58,931 | INFO | httpx | HTTP Request: GET https://timesofindia.indiatimes.com/videos/entertainment/trailers/marathi "HTTP/1.1 200 OK"
2025-12-27 22:41:59,391 | INFO | httpx | HTTP Request: GET https://timesofindia.indiatimes.com/videos/entertainment/trailers/gujarati "HTTP/1.1 200 OK"
2025-12-27 22:41:59,848 | INFO | httpx | HTTP Request: GET https://timesofindia.indiatimes.com/videos/entertainment/music/hindi "HTTP/1.1 200 OK"
2025-12-27 22:42:00,340 | INFO | httpx | HTTP Request: GET https://timesofindia.indiatimes.com/videos/entertainment/music/english "HTTP/1.1 200 OK"
2025-12-27 22:42:01,846 | INFO | httpx | HTTP Request: GET https://timesofindia.indiatimes.com/videos/entertainment/music/malayalam "HTTP/1.1 200 OK"
2025-12-27 22:42:02,300 | INFO | httpx | HTTP Request: GET https://timesofindia.indiatimes.com/videos/entertainment/music/kannada "HTTP/1.1 200 OK"
2025-12-27 22:42:04,140 | INFO | httpx | HTTP Request: GET https://timesofindia.indiatimes.com/videos/entertainment/music/marathi "HTTP/1.1 200 OK"
2025-12-27 22:42:04,739 | INFO | httpx | HTTP Request: GET https://timesofindia.indiatimes.com/videos/entertainment/music/gujarati "HTTP/1.1 200 OK"
2025-12-27 22:42:05,935 | INFO | httpx | HTTP Request: GET https://timesofindia.indiatimes.com/videos/entertainment/music/haryanvi "HTTP/1.1 200 OK"
2025-12-27 22:42:12,397 | INFO | httpx | HTTP Request: GET https://timesofindia.indiatimes.com/entertainment/upcoming-movies/upcoming-hindi-movies "HTTP/1.1 200 OK"
2025-12-27 22:42:13,467 | INFO | httpx | HTTP Request: GET https://timesofindia.indiatimes.com/entertainment/top-rated-movies/best-hindi-movies-of-all-time "HTTP/1.1 200 OK"
2025-12-27 22:42:14,095 | INFO | httpx | HTTP Request: GET https://timesofindia.indiatimes.com/entertainment/latest-new-movies/english-movies "HTTP/1.1 200 OK"
2025-12-27 22:42:14,877 | INFO | httpx | HTTP Request: GET https://timesofindia.indiatimes.com/entertainment/latest-new-movies/malayalam-movies "HTTP/1.1 200 OK"
2025-12-27 22:42:15,518 | INFO | httpx | HTTP Request: GET https://timesofindia.indiatimes.com/tv/english "HTTP/1.1 200 OK"
2025-12-27 22:42:22,757 | INFO | httpx | HTTP Request: GET https://timesofindia.indiatimes.com/entertainment/upcoming-movies/upcoming-kannada-movies "HTTP/1.1 200 OK"
2025-12-27 22:42:28,307 | INFO | httpx | HTTP Request: GET https://timesofindia.indiatimes.com/entertainment/latest-new-movies/tamil-movies "HTTP/1.1 200 OK"
2025-12-27 22:42:32,448 | INFO | __main__ | ✓ [1] Platinum Rate Today - Check Platinum Price Per Gra...
2025-12-27 22:42:32,933 | INFO | httpx | HTTP Request: GET https://timesofindia.indiatimes.com/us "HTTP/1.1 200 OK"
2025-12-27 22:42:33,559 | INFO | httpx | HTTP Request: GET https://navbharattimes.indiatimes.com/ "HTTP/1.1 200 OK"
2025-12-27 22:42:35,669 | INFO | httpx | HTTP Request: GET https://timesofindia.indiatimes.com/business "HTTP/1.1 200 OK"
2025-12-27 22:42:36,185 | INFO | httpx | HTTP Request: GET https://timesofindia.indiatimes.com/business/markets "HTTP/1.1 200 OK"
2025-12-27 22:42:38,043 | INFO | httpx | HTTP Request: GET https://timesofindia.indiatimes.com/business/gold-rates-today "HTTP/1.1 200 OK"
2025-12-27 22:42:46,368 | INFO | httpx | HTTP Request: GET https://timesofindia.indiatimes.com/business/india-business/sensex "HTTP/1.1 200 OK"
2025-12-27 22:42:47,891 | INFO | httpx | HTTP Request: GET https://timesofindia.indiatimes.com/videos/business "HTTP/1.1 200 OK"
2025-12-27 22:42:49,081 | INFO | httpx | HTTP Request: GET https://timesofindia.indiatimes.com/business/web-stories "HTTP/1.1 200 OK"
2025-12-27 22:42:49,553 | INFO | httpx | HTTP Request: GET https://timesofindia.indiatimes.com/RightToExcellence/Financial-Literacy-Summit "HTTP/1.1 200 OK"
2025-12-27 22:42:49,997 | INFO | httpx | HTTP Request: GET https://timesofindia.indiatimes.com/business/platinum-rates-today/platinum-price-in-delhi "HTTP/1.1 200 OK"
2025-12-27 22:42:50,487 | INFO | httpx | HTTP Request: GET https://timesofindia.indiatimes.com/business/platinum-rates-today/platinum-price-in-pune "HTTP/1.1 200 OK"
2025-12-27 22:42:50,980 | INFO | httpx | HTTP Request: GET https://timesofindia.indiatimes.com/business/platinum-rates-today/platinum-price-in-noida "HTTP/1.1 200 OK"
2025-12-27 22:42:51,464 | INFO | httpx | HTTP Request: GET https://timesofindia.indiatimes.com/business/platinum-rates-today/platinum-price-in-chennai "HTTP/1.1 200 OK"
2025-12-27 22:42:51,955 | INFO | httpx | HTTP Request: GET https://timesofindia.indiatimes.com/business/platinum-rates-today/platinum-price-in-gurgaon "HTTP/1.1 200 OK"
2025-12-27 22:42:52,439 | INFO | httpx | HTTP Request: GET https://timesofindia.indiatimes.com/business/platinum-rates-today/platinum-price-in-chandigarh "HTTP/1.1 200 OK"
2025-12-27 22:42:52,922 | INFO | httpx | HTTP Request: GET https://timesofindia.indiatimes.com/business/platinum-rates-today/platinum-price-in-mumbai "HTTP/1.1 200 OK"
2025-12-27 22:42:53,405 | INFO | httpx | HTTP Request: GET https://timesofindia.indiatimes.com/business/platinum-rates-today/platinum-price-in-kolkata "HTTP/1.1 200 OK"
2025-12-27 22:42:54,595 | INFO | httpx | HTTP Request: GET https://timesofindia.indiatimes.com/business/platinum-rates-today/platinum-price-in-hyderabad "HTTP/1.1 200 OK"
2025-12-27 22:43:02,017 | INFO | httpx | HTTP Request: GET https://timesofindia.indiatimes.com/business/gold-rates-today/gold-price-in-noida "HTTP/1.1 200 OK"
2025-12-27 22:43:02,502 | INFO | httpx | HTTP Request: GET https://timesofindia.indiatimes.com/business/gold-rates-today/gold-price-in-gurgaon "HTTP/1.1 200 OK"
2025-12-27 22:43:02,995 | INFO | httpx | HTTP Request: GET https://timesofindia.indiatimes.com/business/gold-rates-today/gold-price-in-mumbai "HTTP/1.1 200 OK"
2025-12-27 22:43:03,520 | INFO | httpx | HTTP Request: GET https://timesofindia.indiatimes.com/business/gold-rates-today/gold-price-in-bangalore "HTTP/1.1 200 OK"
2025-12-27 22:43:04,008 | INFO | httpx | HTTP Request: GET https://timesofindia.indiatimes.com/business/gold-rates-today/gold-price-in-hyderabad "HTTP/1.1 200 OK"
2025-12-27 22:43:04,493 | INFO | httpx | HTTP Request: GET https://timesofindia.indiatimes.com/business/gold-rates-today/gold-price-in-chennai "HTTP/1.1 200 OK"
2025-12-27 22:43:04,980 | INFO | httpx | HTTP Request: GET https://timesofindia.indiatimes.com/business/gold-rates-today/gold-price-in-kolkata "HTTP/1.1 200 OK"
2025-12-27 22:43:05,457 | INFO | httpx | HTTP Request: GET https://timesofindia.indiatimes.com/business/gold-rates-today/gold-price-in-pune "HTTP/1.1 200 OK"
2025-12-27 22:43:07,291 | INFO | httpx | HTTP Request: GET https://timesofindia.indiatimes.com/business/gold-rates-today/gold-price-in-chandigarh "HTTP/1.1 200 OK"
2025-12-27 22:43:07,762 | INFO | httpx | HTTP Request: GET https://timesofindia.indiatimes.com/business/silver-rates-today/silver-price-in-delhi "HTTP/1.1 200 OK"
2025-12-27 22:43:08,272 | INFO | httpx | HTTP Request: GET https://timesofindia.indiatimes.com/business/silver-rates-today/silver-price-in-noida "HTTP/1.1 200 OK"
2025-12-27 22:43:08,788 | INFO | httpx | HTTP Request: GET https://timesofindia.indiatimes.com/business/silver-rates-today/silver-price-in-gurgaon "HTTP/1.1 200 OK"
2025-12-27 22:43:09,298 | INFO | httpx | HTTP Request: GET https://timesofindia.indiatimes.com/business/silver-rates-today/silver-price-in-mumbai "HTTP/1.1 200 OK"
2025-12-27 22:43:09,803 | INFO | httpx | HTTP Request: GET https://timesofindia.indiatimes.com/business/silver-rates-today/silver-price-in-bangalore "HTTP/1.1 200 OK"
2025-12-27 22:43:10,292 | INFO | httpx | HTTP Request: GET https://timesofindia.indiatimes.com/business/silver-rates-today/silver-price-in-hyderabad "HTTP/1.1 200 OK"
2025-12-27 22:43:10,769 | INFO | httpx | HTTP Request: GET https://timesofindia.indiatimes.com/business/silver-rates-today/silver-price-in-chennai "HTTP/1.1 200 OK"
2025-12-27 22:43:11,308 | INFO | httpx | HTTP Request: GET https://timesofindia.indiatimes.com/business/silver-rates-today/silver-price-in-kolkata "HTTP/1.1 200 OK"
2025-12-27 22:43:11,821 | INFO | httpx | HTTP Request: GET https://timesofindia.indiatimes.com/business/silver-rates-today/silver-price-in-pune "HTTP/1.1 200 OK"
2025-12-27 22:43:13,026 | INFO | httpx | HTTP Request: GET https://timesofindia.indiatimes.com/business/silver-rates-today/silver-price-in-lucknow "HTTP/1.1 200 OK"
2025-12-27 22:43:13,594 | INFO | httpx | HTTP Request: GET https://timesofindia.indiatimes.com/business/silver-rates-today/silver-price-in-chandigarh "HTTP/1.1 200 OK"
2025-12-27 22:43:14,148 | INFO | httpx | HTTP Request: GET https://timesofindia.indiatimes.com/sports/cricket/icc-mens-t20-world-cup/schedule "HTTP/1.1 200 OK"
2025-12-27 22:43:16,373 | INFO | httpx | HTTP Request: GET https://timesofindia.indiatimes.com/travel/destinations "HTTP/1.1 200 OK"
2025-12-27 22:43:18,600 | INFO | httpx | HTTP Request: GET https://timesofindia.indiatimes.com/sports "HTTP/1.1 200 OK"
2025-12-27 22:43:19,109 | INFO | httpx | HTTP Request: GET https://timesofindia.indiatimes.com/india "HTTP/1.1 200 OK"
2025-12-27 22:43:19,608 | INFO | httpx | HTTP Request: GET https://timesofindia.indiatimes.com/world "HTTP/1.1 200 OK"
2025-12-27 22:43:20,157 | INFO | httpx | HTTP Request: GET https://timesofindia.indiatimes.com/entertainment/hindi/bollywood/news "HTTP/1.1 200 OK"
2025-12-27 22:43:21,975 | INFO | httpx | HTTP Request: GET https://timesofindia.indiatimes.com/technology "HTTP/1.1 200 OK"
2025-12-27 22:43:22,469 | INFO | httpx | HTTP Request: GET https://timesofindia.indiatimes.com/travel "HTTP/1.1 301 Moved Permanently"
2025-12-27 22:43:22,891 | INFO | httpx | HTTP Request: GET https://timesofindia.indiatimes.com/travel/ "HTTP/1.1 200 OK"
2025-12-27 22:43:23,344 | INFO | httpx | HTTP Request: GET https://timesofindia.indiatimes.com/travel/ "HTTP/1.1 200 OK"
2025-12-27 22:43:23,950 | INFO | httpx | HTTP Request: GET https://timesofindia.indiatimes.com/life-style/health-fitness/health-news "HTTP/1.1 200 OK"
2025-12-27 22:43:24,446 | INFO | httpx | HTTP Request: GET https://timesofindia.indiatimes.com/astrology/chinese-horoscope/rat "HTTP/1.1 200 OK"
2025-12-27 22:43:24,937 | INFO | httpx | HTTP Request: GET https://timesofindia.indiatimes.com/astrology "HTTP/1.1 200 OK"
2025-12-27 22:43:25,410 | INFO | httpx | HTTP Request: GET https://timesofindia.indiatimes.com/business/bank-holidays/is-bank-open-today "HTTP/1.1 200 OK"
2025-12-27 22:43:25,927 | INFO | httpx | HTTP Request: GET https://timesofindia.indiatimes.com/business/bank-holidays/is-bank-open-tomorrow "HTTP/1.1 200 OK"
2025-12-27 22:43:26,381 | INFO | httpx | HTTP Request: GET https://timesofindia.indiatimes.com/business/bank-holidays/december "HTTP/1.1 200 OK"
2025-12-27 22:43:26,953 | INFO | httpx | HTTP Request: GET https://timesofindia.indiatimes.com/india/public-holidays/december "HTTP/1.1 200 OK"
2025-12-27 22:43:27,396 | INFO | httpx | HTTP Request: GET https://timesofindia.indiatimes.com/business/stock-market-holidays "HTTP/1.1 200 OK"
2025-12-27 22:43:28,536 | INFO | httpx | HTTP Request: GET https://timesofindia.indiatimes.com/technology/tech-news "HTTP/1.1 200 OK"
2025-12-27 22:43:29,053 | INFO | httpx | HTTP Request: GET https://timesofindia.indiatimes.com/sports/international-sports "HTTP/1.1 200 OK"
2025-12-27 22:43:29,565 | INFO | httpx | HTTP Request: GET https://timesofindia.indiatimes.com/india/public-holidays "HTTP/1.1 200 OK"
2025-12-27 22:43:32,817 | INFO | __main__ | ✓ [1] Mumbai News Live: Check the latest Mumbai news, Al...
2025-12-27 22:43:33,342 | INFO | httpx | HTTP Request: GET https://timesofindia.indiatimes.com/weather "HTTP/1.1 200 OK"
2025-12-27 22:43:45,384 | INFO | httpx | HTTP Request: GET https://timesofindia.indiatimes.com/entertainment/hindi/movie-reviews "HTTP/1.1 200 OK"
2025-12-27 22:43:47,432 | INFO | httpx | HTTP Request: GET https://timesofindia.indiatimes.com/tv/hindi "HTTP/1.1 200 OK"
2025-12-27 22:43:53,362 | INFO | httpx | HTTP Request: GET https://timesofindia.indiatimes.com/weather/noida-aqi-level-air-quality-index-today/3319 "HTTP/1.1 200 OK"
2025-12-27 22:43:53,847 | INFO | httpx | HTTP Request: GET https://timesofindia.indiatimes.com/weather/ahmedabad-aqi-level-air-quality-index-today/3252 "HTTP/1.1 200 OK"
2025-12-27 22:43:54,322 | INFO | httpx | HTTP Request: GET https://timesofindia.indiatimes.com/weather/pune-aqi-level-air-quality-index-today/3325 "HTTP/1.1 200 OK"
2025-12-27 22:43:54,844 | INFO | httpx | HTTP Request: GET https://timesofindia.indiatimes.com/weather/jaipur-aqi-level-air-quality-index-today/3302 "HTTP/1.1 200 OK"
2025-12-27 22:43:55,370 | INFO | httpx | HTTP Request: GET https://timesofindia.indiatimes.com/weather/lucknow-aqi-level-air-quality-index-today/3267 "HTTP/1.1 200 OK"
2025-12-27 22:43:55,996 | INFO | httpx | HTTP Request: GET https://timesofindia.indiatimes.com/weather/patna-aqi-level-air-quality-index-today/3234 "HTTP/1.1 301 Moved Permanently"
2025-12-27 22:43:57,064 | INFO | httpx | HTTP Request: GET https://timesofindia.indiatimes.com/weather/agra-aqi-level-air-quality-index-today/3229 "HTTP/1.1 200 OK"
2025-12-27 22:43:57,570 | INFO | httpx | HTTP Request: GET https://timesofindia.indiatimes.com/weather/chandigarh-aqi-level-air-quality-index-today/3259 "HTTP/1.1 200 OK"
2025-12-27 22:43:59,039 | INFO | __main__ | ✓ [1] Trending stories on Indian Lifestyle, Culture, Rel...
2025-12-27 22:43:59,039 | INFO | __main__ | Max pages reached
2025-12-27 22:43:59,039 | INFO | __main__ | Deep crawling: https://www.hindustantimes.com/
2025-12-27 22:43:59,039 | INFO | crawler.core_engine | Starting deep crawl from: https://www.hindustantimes.com/
2025-12-27 22:43:59,051 | ERROR | asyncio | Task exception was never retrieved
future: <Task finished name='Task-4096' coro=<<async_generator_athrow without __name__>()> exception=ValueError("<Token var=<ContextVar name='deep_crawl_active' default=False at 0x79c33fa9bec0> at 0x79c33da48380> was created in a different Context")>
Traceback (most recent call last):
  File "/home/pavan/miniconda3/envs/crawl4ai/lib/python3.11/site-packages/crawl4ai/deep_crawling/base_strategy.py", line 33, in result_wrapper
    yield result
GeneratorExit

During handling of the above exception, another exception occurred:

Traceback (most recent call last):
  File "/home/pavan/miniconda3/envs/crawl4ai/lib/python3.11/site-packages/crawl4ai/deep_crawling/base_strategy.py", line 35, in result_wrapper
    self.deep_crawl_active.reset(token)
ValueError: <Token var=<ContextVar name='deep_crawl_active' default=False at 0x79c33fa9bec0> at 0x79c33da48380> was created in a different Context
2025-12-27 22:43:59,950 | ERROR | crawler.core_engine | Crawl error: 'async for' requires an object with __aiter__ method, got CrawlResultContainer
2025-12-27 22:43:59,950 | INFO | __main__ | Max pages reached
2025-12-27 22:43:59,950 | INFO | __main__ | Deep crawling: https://indianexpress.com/
2025-12-27 22:43:59,950 | INFO | crawler.core_engine | Starting deep crawl from: https://indianexpress.com/
2025-12-27 22:44:03,035 | ERROR | crawler.core_engine | Crawl error: 'async for' requires an object with __aiter__ method, got CrawlResultContainer
2025-12-27 22:44:03,035 | INFO | __main__ | Max pages reached
2025-12-27 22:44:03,093 | INFO | __main__ | Session 20251227_223121 completed: 10 successful, 2 failed, 0 duplicates, duration: 0:12:41.810852
2025-12-27 22:46:25,481 | INFO | __main__ | Started session: 20251227_224625 (mode: deep_crawl)
2025-12-27 22:46:25,481 | INFO | __main__ | Starting deep crawl from 3 seeds
2025-12-27 22:46:25,947 | INFO | __main__ | Deep crawling: https://timesofindia.indiatimes.com/
2025-12-27 22:46:25,947 | INFO | crawler.core_engine | Starting deep crawl from: https://timesofindia.indiatimes.com/
2025-12-27 22:46:28,182 | INFO | __main__ | ✓ [0] TOI - Breaking News,  Latest News, India News, Wor...
2025-12-27 22:46:28,791 | INFO | __main__ | Shutdown requested...
2025-12-27 22:46:29,098 | INFO | httpx | HTTP Request: GET https://timesofindia.indiatimes.com/us "HTTP/1.1 200 OK"
2025-12-27 22:46:29,142 | INFO | __main__ | Shutdown requested...
2025-12-27 22:46:29,346 | INFO | __main__ | Shutdown requested...
2025-12-27 22:46:29,557 | INFO | __main__ | Shutdown requested...
2025-12-27 22:46:29,940 | INFO | httpx | HTTP Request: GET https://navbharattimes.indiatimes.com/ "HTTP/1.1 200 OK"
2025-12-27 22:46:30,062 | INFO | __main__ | Shutdown requested...
2025-12-27 22:46:30,092 | INFO | __main__ | Shutdown requested...
2025-12-27 22:46:30,119 | INFO | __main__ | Shutdown requested...
2025-12-27 22:46:30,151 | INFO | __main__ | Shutdown requested...
2025-12-27 22:46:30,182 | INFO | __main__ | Shutdown requested...
2025-12-27 22:46:30,212 | INFO | __main__ | Shutdown requested...
2025-12-27 22:46:30,244 | INFO | __main__ | Shutdown requested...
2025-12-27 22:46:30,275 | INFO | __main__ | Shutdown requested...
2025-12-27 22:46:30,306 | INFO | __main__ | Shutdown requested...
2025-12-27 22:46:30,338 | INFO | __main__ | Shutdown requested...
2025-12-27 22:46:30,369 | INFO | __main__ | Shutdown requested...
2025-12-27 22:46:30,400 | INFO | __main__ | Shutdown requested...
2025-12-27 22:46:30,432 | INFO | __main__ | Shutdown requested...
2025-12-27 22:46:30,463 | INFO | __main__ | Shutdown requested...
2025-12-27 22:46:30,494 | INFO | __main__ | Shutdown requested...
2025-12-27 22:46:30,525 | INFO | __main__ | Shutdown requested...
2025-12-27 22:46:30,556 | INFO | __main__ | Shutdown requested...
2025-12-27 22:46:30,596 | INFO | httpx | HTTP Request: GET https://marathi.indiatimes.com/ "HTTP/1.1 301 Moved Permanently"
2025-12-27 22:46:30,603 | INFO | __main__ | Shutdown requested...
2025-12-27 22:46:30,619 | INFO | __main__ | Shutdown requested...
2025-12-27 22:46:30,650 | INFO | __main__ | Shutdown requested...
2025-12-27 22:46:30,682 | INFO | __main__ | Shutdown requested...
2025-12-27 22:46:30,712 | INFO | __main__ | Shutdown requested...
2025-12-27 22:46:30,744 | INFO | __main__ | Shutdown requested...
2025-12-27 22:46:30,775 | INFO | __main__ | Shutdown requested...
2025-12-27 22:46:30,806 | INFO | __main__ | Shutdown requested...
2025-12-27 22:46:30,838 | INFO | __main__ | Shutdown requested...
2025-12-27 22:46:30,869 | INFO | __main__ | Shutdown requested...
2025-12-27 22:46:30,900 | INFO | __main__ | Shutdown requested...
2025-12-27 22:46:30,907 | INFO | httpx | HTTP Request: GET https://maharashtratimes.com/ "HTTP/1.1 200 OK"
2025-12-27 22:46:30,931 | INFO | __main__ | Shutdown requested...
2025-12-27 22:46:30,962 | INFO | __main__ | Shutdown requested...
2025-12-27 22:46:30,993 | INFO | __main__ | Shutdown requested...
2025-12-27 22:46:31,025 | INFO | __main__ | Shutdown requested...
2025-12-27 22:46:31,056 | INFO | __main__ | Shutdown requested...
2025-12-27 22:46:31,088 | INFO | __main__ | Shutdown requested...
2025-12-27 22:46:31,119 | INFO | __main__ | Shutdown requested...
2025-12-27 22:46:31,150 | INFO | __main__ | Shutdown requested...
2025-12-27 22:46:31,181 | INFO | __main__ | Shutdown requested...
2025-12-27 22:46:31,213 | INFO | __main__ | Shutdown requested...
2025-12-27 22:46:31,244 | INFO | __main__ | Shutdown requested...
2025-12-27 22:46:31,275 | INFO | __main__ | Shutdown requested...
2025-12-27 22:46:31,306 | INFO | __main__ | Shutdown requested...
2025-12-27 22:46:31,356 | INFO | httpx | HTTP Request: GET https://maharashtratimes.com/ "HTTP/1.1 200 OK"
2025-12-27 22:46:32,934 | INFO | httpx | HTTP Request: GET https://timesofindia.indiatimes.com "HTTP/1.1 200 OK"
2025-12-27 22:46:34,285 | INFO | httpx | HTTP Request: GET https://timesofindia.indiatimes.com/games "HTTP/1.1 200 OK"
2025-12-27 22:46:37,179 | INFO | httpx | HTTP Request: GET https://timesofindia.indiatimes.com/city/delhi "HTTP/1.1 200 OK"
2025-12-27 22:46:52,275 | INFO | __main__ | Shutdown requested...
2025-12-27 22:46:52,495 | INFO | __main__ | Shutdown requested...
2025-12-27 22:46:52,708 | INFO | __main__ | Shutdown requested...
2025-12-27 22:46:52,907 | INFO | __main__ | Shutdown requested...
2025-12-27 22:46:53,407 | INFO | __main__ | Shutdown requested...
2025-12-27 22:46:53,438 | INFO | __main__ | Shutdown requested...
2025-12-27 22:46:53,469 | INFO | __main__ | Shutdown requested...
2025-12-27 22:46:53,500 | INFO | __main__ | Shutdown requested...
2025-12-27 22:46:53,531 | INFO | __main__ | Shutdown requested...
2025-12-27 22:46:53,575 | INFO | __main__ | Shutdown requested...
2025-12-27 22:46:53,594 | INFO | __main__ | Shutdown requested...
2025-12-27 22:46:53,632 | INFO | __main__ | Shutdown requested...
2025-12-27 22:46:53,661 | INFO | __main__ | Shutdown requested...
2025-12-27 22:47:06,765 | INFO | httpx | HTTP Request: GET https://timesofindia.indiatimes.com/city/nagpur "HTTP/1.1 200 OK"
2025-12-27 22:47:07,989 | INFO | httpx | HTTP Request: GET https://timesofindia.indiatimes.com/city/navi-mumbai "HTTP/1.1 200 OK"
2025-12-27 22:47:12,028 | INFO | httpx | HTTP Request: GET https://timesofindia.indiatimes.com/city/raipur "HTTP/1.1 200 OK"
2025-12-27 22:47:14,062 | INFO | httpx | HTTP Request: GET https://timesofindia.indiatimes.com/city/thane "HTTP/1.1 200 OK"
2025-12-27 22:47:15,250 | INFO | httpx | HTTP Request: GET https://timesofindia.indiatimes.com/city/shillong "HTTP/1.1 200 OK"
2025-12-27 22:47:15,758 | INFO | httpx | HTTP Request: GET https://timesofindia.indiatimes.com/city/shimla "HTTP/1.1 200 OK"
2025-12-27 22:47:17,080 | INFO | httpx | HTTP Request: GET https://timesofindia.indiatimes.com/city/surat "HTTP/1.1 200 OK"
2025-12-27 22:47:18,565 | INFO | __main__ | Shutdown requested...
2025-12-27 22:47:19,064 | INFO | httpx | HTTP Request: GET https://timesofindia.indiatimes.com/city/udaipur "HTTP/1.1 200 OK"
2025-12-27 22:47:19,066 | INFO | __main__ | Shutdown requested...
2025-12-27 22:47:19,097 | INFO | __main__ | Shutdown requested...
2025-12-27 22:47:19,128 | INFO | __main__ | Shutdown requested...
2025-12-27 22:47:19,159 | INFO | __main__ | Shutdown requested...
2025-12-27 22:47:19,190 | INFO | __main__ | Shutdown requested...
2025-12-27 22:47:19,222 | INFO | __main__ | Shutdown requested...
2025-12-27 22:47:19,253 | INFO | __main__ | Shutdown requested...
2025-12-27 22:47:19,284 | INFO | __main__ | Shutdown requested...
2025-12-27 22:47:19,315 | INFO | __main__ | Shutdown requested...
2025-12-27 22:47:19,347 | INFO | __main__ | Shutdown requested...
2025-12-27 22:47:19,378 | INFO | __main__ | Shutdown requested...
2025-12-27 22:47:19,410 | INFO | __main__ | Shutdown requested...
2025-12-27 22:47:19,441 | INFO | __main__ | Shutdown requested...
2025-12-27 22:47:19,473 | INFO | __main__ | Shutdown requested...
2025-12-27 22:47:19,504 | INFO | __main__ | Shutdown requested...
2025-12-27 22:47:19,535 | INFO | __main__ | Shutdown requested...
2025-12-27 22:47:19,566 | INFO | __main__ | Shutdown requested...
2025-12-27 22:47:19,598 | INFO | __main__ | Shutdown requested...
2025-12-27 22:47:19,621 | INFO | httpx | HTTP Request: GET https://timesofindia.indiatimes.com/city/vadodara "HTTP/1.1 200 OK"
2025-12-27 22:47:19,629 | INFO | __main__ | Shutdown requested...
2025-12-27 22:47:19,660 | INFO | __main__ | Shutdown requested...
2025-12-27 22:47:19,703 | INFO | __main__ | Shutdown requested...
2025-12-27 22:47:19,723 | INFO | __main__ | Shutdown requested...
2025-12-27 22:47:19,754 | INFO | __main__ | Shutdown requested...
2025-12-27 22:47:19,785 | INFO | __main__ | Shutdown requested...
2025-12-27 22:47:19,816 | INFO | __main__ | Shutdown requested...
2025-12-27 22:47:19,847 | INFO | __main__ | Shutdown requested...
2025-12-27 22:47:19,878 | INFO | __main__ | Shutdown requested...
2025-12-27 22:47:19,909 | INFO | __main__ | Shutdown requested...
2025-12-27 22:47:19,941 | INFO | __main__ | Shutdown requested...
2025-12-27 22:47:19,973 | INFO | __main__ | Shutdown requested...
2025-12-27 22:47:20,004 | INFO | __main__ | Shutdown requested...
2025-12-27 22:47:20,035 | INFO | __main__ | Shutdown requested...
2025-12-27 22:47:20,066 | INFO | __main__ | Shutdown requested...
2025-12-27 22:47:20,098 | INFO | __main__ | Shutdown requested...
2025-12-27 22:47:20,129 | INFO | __main__ | Shutdown requested...
2025-12-27 22:47:20,160 | INFO | __main__ | Shutdown requested...
2025-12-27 22:47:20,192 | INFO | __main__ | Shutdown requested...
2025-12-27 22:47:20,223 | INFO | __main__ | Shutdown requested...
2025-12-27 22:47:20,254 | INFO | __main__ | Shutdown requested...
2025-12-27 22:47:20,287 | INFO | __main__ | Shutdown requested...
2025-12-27 22:47:20,319 | INFO | __main__ | Shutdown requested...
2025-12-27 22:47:20,349 | INFO | __main__ | Shutdown requested...
2025-12-27 22:47:20,381 | INFO | __main__ | Shutdown requested...
2025-12-27 22:47:20,411 | INFO | __main__ | Shutdown requested...
2025-12-27 22:47:20,443 | INFO | __main__ | Shutdown requested...
2025-12-27 22:47:20,474 | INFO | __main__ | Shutdown requested...
2025-12-27 22:47:20,506 | INFO | __main__ | Shutdown requested...
2025-12-27 22:47:20,537 | INFO | __main__ | Shutdown requested...
2025-12-27 22:47:20,568 | INFO | __main__ | Shutdown requested...
2025-12-27 22:47:20,600 | INFO | __main__ | Shutdown requested...
2025-12-27 22:47:20,631 | INFO | __main__ | Shutdown requested...
2025-12-27 22:47:20,662 | INFO | __main__ | Shutdown requested...
2025-12-27 22:47:20,693 | INFO | __main__ | Shutdown requested...
2025-12-27 22:47:20,724 | INFO | __main__ | Shutdown requested...
2025-12-27 22:47:20,756 | INFO | __main__ | Shutdown requested...
2025-12-27 22:47:20,787 | INFO | __main__ | Shutdown requested...
2025-12-27 22:47:20,819 | INFO | __main__ | Shutdown requested...
2025-12-27 22:47:20,850 | INFO | __main__ | Shutdown requested...
2025-12-27 22:47:20,881 | INFO | __main__ | Shutdown requested...
2025-12-27 22:47:20,912 | INFO | __main__ | Shutdown requested...
2025-12-27 22:47:20,943 | INFO | __main__ | Shutdown requested...
2025-12-27 22:47:20,974 | INFO | __main__ | Shutdown requested...
2025-12-27 22:47:21,006 | INFO | __main__ | Shutdown requested...
2025-12-27 22:47:21,038 | INFO | __main__ | Shutdown requested...
2025-12-27 22:47:21,069 | INFO | __main__ | Shutdown requested...
2025-12-27 22:47:21,100 | INFO | __main__ | Shutdown requested...
2025-12-27 22:47:21,131 | INFO | __main__ | Shutdown requested...
2025-12-27 22:47:21,162 | INFO | __main__ | Shutdown requested...
2025-12-27 22:47:21,193 | INFO | __main__ | Shutdown requested...
2025-12-27 22:47:21,224 | INFO | __main__ | Shutdown requested...
2025-12-27 22:47:21,256 | INFO | __main__ | Shutdown requested...
2025-12-27 22:47:21,288 | INFO | __main__ | Shutdown requested...
2025-12-27 22:47:21,319 | INFO | __main__ | Shutdown requested...
2025-12-27 22:47:21,350 | INFO | __main__ | Shutdown requested...
2025-12-27 22:47:21,381 | INFO | __main__ | Shutdown requested...
2025-12-27 22:47:21,412 | INFO | __main__ | Shutdown requested...
2025-12-27 22:47:21,443 | INFO | __main__ | Shutdown requested...
2025-12-27 22:47:21,474 | INFO | __main__ | Shutdown requested...
2025-12-27 22:47:21,505 | INFO | __main__ | Shutdown requested...
2025-12-27 22:47:21,537 | INFO | __main__ | Shutdown requested...
2025-12-27 22:47:21,568 | INFO | __main__ | Shutdown requested...
2025-12-27 22:47:21,599 | INFO | __main__ | Shutdown requested...
2025-12-27 22:47:21,630 | INFO | __main__ | Shutdown requested...
2025-12-27 22:47:21,661 | INFO | __main__ | Shutdown requested...
2025-12-27 22:47:21,693 | INFO | __main__ | Shutdown requested...
2025-12-27 22:47:21,724 | INFO | __main__ | Shutdown requested...
2025-12-27 22:47:21,755 | INFO | __main__ | Shutdown requested...
2025-12-27 22:47:21,786 | INFO | __main__ | Shutdown requested...
2025-12-27 22:47:21,818 | INFO | __main__ | Shutdown requested...
2025-12-27 22:47:21,849 | INFO | __main__ | Shutdown requested...
2025-12-27 22:47:21,880 | INFO | __main__ | Shutdown requested...
2025-12-27 22:47:21,911 | INFO | __main__ | Shutdown requested...
2025-12-27 22:47:21,942 | INFO | __main__ | Shutdown requested...
2025-12-27 22:47:21,973 | INFO | __main__ | Shutdown requested...
2025-12-27 22:47:22,004 | INFO | __main__ | Shutdown requested...
2025-12-27 22:47:22,035 | INFO | __main__ | Shutdown requested...
2025-12-27 22:47:22,067 | INFO | __main__ | Shutdown requested...
2025-12-27 22:47:22,098 | INFO | __main__ | Shutdown requested...
2025-12-27 22:47:22,130 | INFO | __main__ | Shutdown requested...
2025-12-27 22:47:22,161 | INFO | __main__ | Shutdown requested...
2025-12-27 22:47:22,192 | INFO | __main__ | Shutdown requested...
2025-12-27 22:47:22,193 | INFO | httpx | HTTP Request: GET https://timesofindia.indiatimes.com/city/photos "HTTP/1.1 200 OK"
2025-12-27 22:47:22,224 | INFO | __main__ | Shutdown requested...
2025-12-27 22:47:22,274 | INFO | __main__ | Shutdown requested...
2025-12-27 22:47:22,290 | INFO | __main__ | Shutdown requested...
2025-12-27 22:47:22,318 | INFO | __main__ | Shutdown requested...
2025-12-27 22:47:22,349 | INFO | __main__ | Shutdown requested...
2025-12-27 22:47:22,380 | INFO | __main__ | Shutdown requested...
2025-12-27 22:47:22,411 | INFO | __main__ | Shutdown requested...
2025-12-27 22:47:22,443 | INFO | __main__ | Shutdown requested...
2025-12-27 22:47:22,474 | INFO | __main__ | Shutdown requested...
2025-12-27 22:47:22,505 | INFO | __main__ | Shutdown requested...
2025-12-27 22:47:22,536 | INFO | __main__ | Shutdown requested...
2025-12-27 22:47:22,572 | INFO | __main__ | Shutdown requested...
2025-12-27 22:47:22,602 | INFO | __main__ | Shutdown requested...
2025-12-27 22:47:22,633 | INFO | __main__ | Shutdown requested...
2025-12-27 22:47:22,664 | INFO | __main__ | Shutdown requested...
2025-12-27 22:47:22,695 | INFO | __main__ | Shutdown requested...
2025-12-27 22:47:22,706 | INFO | httpx | HTTP Request: GET https://timesofindia.indiatimes.com/city/web-stories "HTTP/1.1 200 OK"
2025-12-27 22:47:23,184 | INFO | httpx | HTTP Request: GET https://timesofindia.indiatimes.com/india "HTTP/1.1 200 OK"
2025-12-27 22:47:23,660 | INFO | httpx | HTTP Request: GET https://timesofindia.indiatimes.com/elections/assembly-elections/bihar "HTTP/1.1 200 OK"
2025-12-27 22:47:24,922 | INFO | __main__ | Shutdown requested...
2025-12-27 22:47:25,424 | INFO | __main__ | Shutdown requested...
2025-12-27 22:47:25,455 | INFO | __main__ | Shutdown requested...
2025-12-27 22:47:25,487 | INFO | __main__ | Shutdown requested...
2025-12-27 22:47:25,518 | INFO | __main__ | Shutdown requested...
2025-12-27 22:47:25,551 | INFO | __main__ | Shutdown requested...
2025-12-27 22:47:25,580 | INFO | __main__ | Shutdown requested...
2025-12-27 22:47:25,611 | INFO | __main__ | Shutdown requested...
2025-12-27 22:47:25,643 | INFO | __main__ | Shutdown requested...
2025-12-27 22:47:25,674 | INFO | __main__ | Shutdown requested...
2025-12-27 22:47:25,705 | INFO | __main__ | Shutdown requested...
2025-12-27 22:47:25,736 | INFO | __main__ | Shutdown requested...
2025-12-27 22:47:25,767 | INFO | __main__ | Shutdown requested...
2025-12-27 22:47:25,799 | INFO | __main__ | Shutdown requested...
2025-12-27 22:47:25,830 | INFO | __main__ | Shutdown requested...
2025-12-27 22:47:25,861 | INFO | __main__ | Shutdown requested...
2025-12-27 22:47:25,893 | INFO | __main__ | Shutdown requested...
2025-12-27 22:47:25,924 | INFO | __main__ | Shutdown requested...
2025-12-27 22:47:25,955 | INFO | __main__ | Shutdown requested...
2025-12-27 22:47:25,986 | INFO | __main__ | Shutdown requested...
2025-12-27 22:47:26,017 | INFO | __main__ | Shutdown requested...
2025-12-27 22:47:26,060 | INFO | __main__ | Shutdown requested...
2025-12-27 22:47:26,083 | INFO | __main__ | Shutdown requested...
2025-12-27 22:47:26,111 | INFO | __main__ | Shutdown requested...
2025-12-27 22:47:26,142 | INFO | __main__ | Shutdown requested...
2025-12-27 22:47:26,173 | INFO | __main__ | Shutdown requested...
2025-12-27 22:47:26,206 | INFO | __main__ | Shutdown requested...
2025-12-27 22:47:26,237 | INFO | __main__ | Shutdown requested...
2025-12-27 22:47:26,268 | INFO | __main__ | Shutdown requested...
2025-12-27 22:47:26,300 | INFO | __main__ | Shutdown requested...
2025-12-27 22:47:26,331 | INFO | __main__ | Shutdown requested...
2025-12-27 22:47:26,361 | INFO | __main__ | Shutdown requested...
2025-12-27 22:47:26,393 | INFO | __main__ | Shutdown requested...
2025-12-27 22:47:26,424 | INFO | __main__ | Shutdown requested...
2025-12-27 22:47:26,456 | INFO | __main__ | Shutdown requested...
2025-12-27 22:47:26,487 | INFO | __main__ | Shutdown requested...
2025-12-27 22:47:26,518 | INFO | __main__ | Shutdown requested...
2025-12-27 22:47:26,553 | INFO | __main__ | Shutdown requested...
2025-12-27 22:47:26,581 | INFO | __main__ | Shutdown requested...
2025-12-27 22:47:26,614 | INFO | __main__ | Shutdown requested...
2025-12-27 22:47:26,643 | INFO | __main__ | Shutdown requested...
2025-12-27 22:47:26,673 | INFO | __main__ | Shutdown requested...
2025-12-27 22:47:26,705 | INFO | __main__ | Shutdown requested...
2025-12-27 22:47:26,735 | INFO | __main__ | Shutdown requested...
2025-12-27 22:47:26,766 | INFO | __main__ | Shutdown requested...
2025-12-27 22:47:26,797 | INFO | __main__ | Shutdown requested...
2025-12-27 22:47:26,828 | INFO | __main__ | Shutdown requested...
2025-12-27 22:47:26,858 | INFO | __main__ | Shutdown requested...
2025-12-27 22:47:26,890 | INFO | __main__ | Shutdown requested...
2025-12-27 22:47:26,922 | INFO | __main__ | Shutdown requested...
2025-12-27 22:47:26,952 | INFO | __main__ | Shutdown requested...
2025-12-27 22:47:26,984 | INFO | __main__ | Shutdown requested...
2025-12-27 22:47:27,015 | INFO | __main__ | Shutdown requested...
2025-12-27 22:47:27,046 | INFO | __main__ | Shutdown requested...
2025-12-27 22:47:27,078 | INFO | __main__ | Shutdown requested...
2025-12-27 22:47:27,108 | INFO | __main__ | Shutdown requested...
2025-12-27 22:47:27,140 | INFO | __main__ | Shutdown requested...
2025-12-27 22:47:27,171 | INFO | __main__ | Shutdown requested...
2025-12-27 22:47:27,202 | INFO | __main__ | Shutdown requested...
2025-12-27 22:47:27,234 | INFO | __main__ | Shutdown requested...
2025-12-27 22:47:27,265 | INFO | __main__ | Shutdown requested...
2025-12-27 22:47:27,297 | INFO | __main__ | Shutdown requested...
2025-12-27 22:47:27,328 | INFO | __main__ | Shutdown requested...
2025-12-27 22:47:27,359 | INFO | __main__ | Shutdown requested...
2025-12-27 22:47:27,390 | INFO | __main__ | Shutdown requested...
2025-12-27 22:47:27,421 | INFO | __main__ | Shutdown requested...
2025-12-27 22:47:27,469 | INFO | __main__ | Shutdown requested...
2025-12-27 22:47:27,484 | INFO | __main__ | Shutdown requested...
2025-12-27 22:47:27,515 | INFO | __main__ | Shutdown requested...
2025-12-27 22:47:27,547 | INFO | __main__ | Shutdown requested...
2025-12-27 22:47:27,578 | INFO | __main__ | Shutdown requested...
2025-12-27 22:47:27,609 | INFO | __main__ | Shutdown requested...
2025-12-27 22:47:27,640 | INFO | __main__ | Shutdown requested...
2025-12-27 22:47:27,671 | INFO | __main__ | Shutdown requested...
2025-12-27 22:47:27,702 | INFO | __main__ | Shutdown requested...
2025-12-27 22:47:27,734 | INFO | __main__ | Shutdown requested...
2025-12-27 22:47:27,765 | INFO | __main__ | Shutdown requested...
2025-12-27 22:47:27,796 | INFO | __main__ | Shutdown requested...
2025-12-27 22:47:27,827 | INFO | __main__ | Shutdown requested...
2025-12-27 22:47:27,858 | INFO | __main__ | Shutdown requested...
2025-12-27 22:47:27,889 | INFO | __main__ | Shutdown requested...
2025-12-27 22:47:27,920 | INFO | __main__ | Shutdown requested...
2025-12-27 22:47:27,951 | INFO | __main__ | Shutdown requested...
2025-12-27 22:47:27,983 | INFO | __main__ | Shutdown requested...
2025-12-27 22:47:28,014 | INFO | __main__ | Shutdown requested...
2025-12-27 22:47:28,045 | INFO | __main__ | Shutdown requested...
2025-12-27 22:47:28,075 | INFO | __main__ | Shutdown requested...
2025-12-27 22:47:28,107 | INFO | __main__ | Shutdown requested...
2025-12-27 22:47:28,147 | INFO | __main__ | Shutdown requested...
2025-12-27 22:47:28,169 | INFO | __main__ | Shutdown requested...
2025-12-27 22:47:28,200 | INFO | __main__ | Shutdown requested...
2025-12-27 22:47:28,231 | INFO | __main__ | Shutdown requested...
2025-12-27 22:47:28,263 | INFO | __main__ | Shutdown requested...
2025-12-27 22:47:28,294 | INFO | __main__ | Shutdown requested...
2025-12-27 22:47:28,325 | INFO | __main__ | Shutdown requested...
2025-12-27 22:47:28,357 | INFO | __main__ | Shutdown requested...
2025-12-27 22:47:28,388 | INFO | __main__ | Shutdown requested...
2025-12-27 22:47:28,419 | INFO | __main__ | Shutdown requested...
2025-12-27 22:47:28,450 | INFO | __main__ | Shutdown requested...
2025-12-27 22:47:28,482 | INFO | __main__ | Shutdown requested...
2025-12-27 22:47:28,513 | INFO | __main__ | Shutdown requested...
2025-12-27 22:47:28,544 | INFO | __main__ | Shutdown requested...
2025-12-27 22:47:28,575 | INFO | __main__ | Shutdown requested...
2025-12-27 22:47:28,606 | INFO | __main__ | Shutdown requested...
2025-12-27 22:47:28,638 | INFO | __main__ | Shutdown requested...
2025-12-27 22:47:28,669 | INFO | __main__ | Shutdown requested...
2025-12-27 22:47:28,708 | INFO | __main__ | Shutdown requested...
2025-12-27 22:47:28,733 | INFO | __main__ | Shutdown requested...
2025-12-27 22:47:28,763 | INFO | __main__ | Shutdown requested...
2025-12-27 22:47:28,793 | INFO | __main__ | Shutdown requested...
2025-12-27 22:47:28,825 | INFO | __main__ | Shutdown requested...
2025-12-27 22:47:28,856 | INFO | __main__ | Shutdown requested...
2025-12-27 22:47:28,888 | INFO | __main__ | Shutdown requested...
2025-12-27 22:47:28,919 | INFO | __main__ | Shutdown requested...
2025-12-27 22:47:28,950 | INFO | __main__ | Shutdown requested...
2025-12-27 22:47:28,982 | INFO | __main__ | Shutdown requested...
2025-12-27 22:47:29,013 | INFO | __main__ | Shutdown requested...
2025-12-27 22:47:29,044 | INFO | __main__ | Shutdown requested...
2025-12-27 22:47:29,076 | INFO | __main__ | Shutdown requested...
2025-12-27 22:47:29,106 | INFO | __main__ | Shutdown requested...
2025-12-27 22:47:29,137 | INFO | __main__ | Shutdown requested...
2025-12-27 22:47:29,168 | INFO | __main__ | Shutdown requested...
2025-12-27 22:47:29,201 | INFO | __main__ | Shutdown requested...
2025-12-27 22:47:29,231 | INFO | __main__ | Shutdown requested...
2025-12-27 22:47:29,262 | INFO | __main__ | Shutdown requested...
2025-12-27 22:47:29,294 | INFO | __main__ | Shutdown requested...
2025-12-27 22:47:29,325 | INFO | __main__ | Shutdown requested...
2025-12-27 22:47:29,356 | INFO | __main__ | Shutdown requested...
2025-12-27 22:47:29,388 | INFO | __main__ | Shutdown requested...
2025-12-27 22:47:29,419 | INFO | __main__ | Shutdown requested...
2025-12-27 22:47:29,450 | INFO | __main__ | Shutdown requested...
2025-12-27 22:47:29,491 | INFO | __main__ | Shutdown requested...
2025-12-27 22:47:29,514 | INFO | __main__ | Shutdown requested...
2025-12-27 22:47:29,544 | INFO | __main__ | Shutdown requested...
2025-12-27 22:47:29,576 | INFO | __main__ | Shutdown requested...
2025-12-27 22:47:29,606 | INFO | __main__ | Shutdown requested...
2025-12-27 22:47:29,637 | INFO | __main__ | Shutdown requested...
2025-12-27 22:47:29,668 | INFO | __main__ | Shutdown requested...
2025-12-27 22:47:29,699 | INFO | __main__ | Shutdown requested...
2025-12-27 22:47:29,733 | INFO | __main__ | Shutdown requested...
2025-12-27 22:47:29,761 | INFO | __main__ | Shutdown requested...
2025-12-27 22:47:29,792 | INFO | __main__ | Shutdown requested...
2025-12-27 22:47:29,823 | INFO | __main__ | Shutdown requested...
2025-12-27 22:47:29,854 | INFO | __main__ | Shutdown requested...
2025-12-27 22:47:29,885 | INFO | __main__ | Shutdown requested...
2025-12-27 22:47:29,917 | INFO | __main__ | Shutdown requested...
2025-12-27 22:47:29,948 | INFO | __main__ | Shutdown requested...
2025-12-27 22:47:29,979 | INFO | __main__ | Shutdown requested...
2025-12-27 22:47:30,010 | INFO | __main__ | Shutdown requested...
2025-12-27 22:47:30,042 | INFO | __main__ | Shutdown requested...
2025-12-27 22:47:30,073 | INFO | __main__ | Shutdown requested...
2025-12-27 22:47:30,105 | INFO | __main__ | Shutdown requested...
2025-12-27 22:47:30,137 | INFO | __main__ | Shutdown requested...
2025-12-27 22:47:30,168 | INFO | __main__ | Shutdown requested...
2025-12-27 22:47:30,212 | INFO | __main__ | Shutdown requested...
2025-12-27 22:47:30,230 | INFO | __main__ | Shutdown requested...
2025-12-27 22:47:30,262 | INFO | __main__ | Shutdown requested...
2025-12-27 22:47:30,293 | INFO | __main__ | Shutdown requested...
2025-12-27 22:47:30,324 | INFO | __main__ | Shutdown requested...
2025-12-27 22:47:30,355 | INFO | __main__ | Shutdown requested...
2025-12-27 22:47:30,386 | INFO | __main__ | Shutdown requested...
2025-12-27 22:47:30,418 | INFO | __main__ | Shutdown requested...
2025-12-27 22:47:30,449 | INFO | __main__ | Shutdown requested...
2025-12-27 22:47:30,480 | INFO | __main__ | Shutdown requested...
2025-12-27 22:47:30,511 | INFO | __main__ | Shutdown requested...
2025-12-27 22:47:30,542 | INFO | __main__ | Shutdown requested...
2025-12-27 22:47:30,573 | INFO | __main__ | Shutdown requested...
2025-12-27 22:47:30,605 | INFO | __main__ | Shutdown requested...
2025-12-27 22:47:30,636 | INFO | __main__ | Shutdown requested...
2025-12-27 22:47:30,667 | INFO | __main__ | Shutdown requested...
2025-12-27 22:47:30,698 | INFO | __main__ | Shutdown requested...
2025-12-27 22:47:30,729 | INFO | __main__ | Shutdown requested...
2025-12-27 22:47:30,760 | INFO | __main__ | Shutdown requested...
2025-12-27 22:47:30,799 | INFO | __main__ | Shutdown requested...
2025-12-27 22:47:30,825 | INFO | __main__ | Shutdown requested...
2025-12-27 22:47:30,856 | INFO | __main__ | Shutdown requested...
2025-12-27 22:47:30,888 | INFO | __main__ | Shutdown requested...
2025-12-27 22:47:30,919 | INFO | __main__ | Shutdown requested...
2025-12-27 22:47:30,960 | INFO | __main__ | Shutdown requested...
2025-12-27 22:47:30,981 | INFO | __main__ | Shutdown requested...
2025-12-27 22:47:31,012 | INFO | __main__ | Shutdown requested...
2025-12-27 22:47:31,043 | INFO | __main__ | Shutdown requested...
2025-12-27 22:47:31,075 | INFO | __main__ | Shutdown requested...
2025-12-27 22:47:31,106 | INFO | __main__ | Shutdown requested...
2025-12-27 22:47:31,137 | INFO | __main__ | Shutdown requested...
2025-12-27 22:47:31,169 | INFO | __main__ | Shutdown requested...
2025-12-27 22:48:37,924 | INFO | __main__ | Started session: 20251227_224837 (mode: deep_crawl)
2025-12-27 22:48:37,924 | INFO | __main__ | Starting deep crawl from 3 seeds
2025-12-27 22:48:38,380 | INFO | __main__ | Deep crawling: https://timesofindia.indiatimes.com/
2025-12-27 22:48:38,380 | INFO | crawler.core_engine | Starting deep crawl from: https://timesofindia.indiatimes.com/
2025-12-27 22:48:39,618 | INFO | __main__ | ✓ [0] TOI - Breaking News,  Latest News, India News, Wor...
2025-12-27 22:48:40,137 | INFO | httpx | HTTP Request: GET https://timesofindia.indiatimes.com/ "HTTP/1.1 200 OK"
2025-12-27 22:48:40,685 | INFO | httpx | HTTP Request: GET https://timesofindia.indiatimes.com/us "HTTP/1.1 200 OK"
2025-12-27 22:48:41,829 | INFO | httpx | HTTP Request: GET https://marathi.indiatimes.com/ "HTTP/1.1 301 Moved Permanently"
2025-12-27 22:48:42,151 | INFO | httpx | HTTP Request: GET https://maharashtratimes.com/ "HTTP/1.1 200 OK"
2025-12-27 22:48:42,525 | INFO | httpx | HTTP Request: GET https://maharashtratimes.com/ "HTTP/1.1 200 OK"
2025-12-27 22:48:43,252 | INFO | httpx | HTTP Request: GET https://bangla.indiatimes.com/ "HTTP/1.1 200 OK"
2025-12-27 22:48:43,792 | INFO | httpx | HTTP Request: GET https://timesofindia.indiatimes.com/weather "HTTP/1.1 200 OK"
2025-12-27 22:48:44,369 | INFO | httpx | HTTP Request: GET https://timesofindia.indiatimes.com "HTTP/1.1 200 OK"
2025-12-27 22:48:44,934 | INFO | httpx | HTTP Request: GET https://timesofindia.indiatimes.com/toi-plus "HTTP/1.1 200 OK"
2025-12-27 22:48:45,413 | INFO | httpx | HTTP Request: GET https://timesofindia.indiatimes.com/games "HTTP/1.1 200 OK"
2025-12-27 22:48:45,929 | INFO | httpx | HTTP Request: GET https://timesofindia.indiatimes.com/videos "HTTP/1.1 200 OK"
2025-12-27 22:48:46,448 | INFO | httpx | HTTP Request: GET https://timesofindia.indiatimes.com/city "HTTP/1.1 200 OK"
2025-12-27 22:48:46,964 | INFO | httpx | HTTP Request: GET https://timesofindia.indiatimes.com/city/mumbai "HTTP/1.1 200 OK"
2025-12-27 22:48:47,482 | INFO | httpx | HTTP Request: GET https://timesofindia.indiatimes.com/city/delhi "HTTP/1.1 200 OK"
2025-12-27 22:48:47,966 | INFO | httpx | HTTP Request: GET https://timesofindia.indiatimes.com/city/bangalore "HTTP/1.1 200 OK"
2025-12-27 22:48:48,510 | INFO | httpx | HTTP Request: GET https://timesofindia.indiatimes.com/city/hyderabad "HTTP/1.1 200 OK"
2025-12-27 22:48:49,803 | INFO | httpx | HTTP Request: GET https://timesofindia.indiatimes.com/city/chennai "HTTP/1.1 200 OK"
2025-12-27 22:48:50,357 | INFO | httpx | HTTP Request: GET https://timesofindia.indiatimes.com/city/agra "HTTP/1.1 200 OK"
2025-12-27 22:48:50,916 | INFO | httpx | HTTP Request: GET https://timesofindia.indiatimes.com/city/agartala "HTTP/1.1 200 OK"
2025-12-27 22:48:51,451 | INFO | httpx | HTTP Request: GET https://timesofindia.indiatimes.com/city/ahmedabad "HTTP/1.1 200 OK"
2025-12-27 22:48:51,988 | INFO | httpx | HTTP Request: GET https://timesofindia.indiatimes.com/city/ajmer "HTTP/1.1 200 OK"
2025-12-27 22:48:52,557 | INFO | httpx | HTTP Request: GET https://timesofindia.indiatimes.com/city/amaravati "HTTP/1.1 200 OK"
2025-12-27 22:48:54,575 | INFO | httpx | HTTP Request: GET https://timesofindia.indiatimes.com/city/bhubaneswar "HTTP/1.1 200 OK"
2025-12-27 22:48:55,752 | INFO | httpx | HTTP Request: GET https://timesofindia.indiatimes.com/city/chandigarh "HTTP/1.1 200 OK"
2025-12-27 22:48:56,244 | INFO | httpx | HTTP Request: GET https://timesofindia.indiatimes.com/city/aurangabad "HTTP/1.1 200 OK"
2025-12-27 22:48:56,828 | INFO | httpx | HTTP Request: GET https://timesofindia.indiatimes.com/city/coimbatore "HTTP/1.1 200 OK"
2025-12-27 22:48:57,335 | INFO | httpx | HTTP Request: GET https://timesofindia.indiatimes.com/city/cuttack "HTTP/1.1 200 OK"
2025-12-27 22:48:57,821 | INFO | httpx | HTTP Request: GET https://timesofindia.indiatimes.com/city/dehradun "HTTP/1.1 200 OK"
2025-12-27 22:48:59,639 | INFO | httpx | HTTP Request: GET https://timesofindia.indiatimes.com/city/ghaziabad "HTTP/1.1 200 OK"
2025-12-27 22:49:01,479 | INFO | httpx | HTTP Request: GET https://timesofindia.indiatimes.com/city/guwahati "HTTP/1.1 200 OK"
2025-12-27 22:49:15,185 | INFO | httpx | HTTP Request: GET https://timesofindia.indiatimes.com/city/nashik "HTTP/1.1 200 OK"
2025-12-27 22:49:15,712 | INFO | httpx | HTTP Request: GET https://timesofindia.indiatimes.com/city/navi-mumbai "HTTP/1.1 200 OK"
2025-12-27 22:49:17,585 | INFO | httpx | HTTP Request: GET https://timesofindia.indiatimes.com/city/allahabad "HTTP/1.1 200 OK"
2025-12-27 22:49:18,111 | INFO | httpx | HTTP Request: GET https://timesofindia.indiatimes.com/city/puducherry "HTTP/1.1 200 OK"
2025-12-27 22:49:18,592 | INFO | httpx | HTTP Request: GET https://timesofindia.indiatimes.com/city/pune "HTTP/1.1 200 OK"
2025-12-27 22:49:19,752 | INFO | httpx | HTTP Request: GET https://timesofindia.indiatimes.com/city/rajkot "HTTP/1.1 200 OK"
2025-12-27 22:49:20,264 | INFO | httpx | HTTP Request: GET https://timesofindia.indiatimes.com/city/ranchi "HTTP/1.1 200 OK"
2025-12-27 22:49:20,747 | INFO | httpx | HTTP Request: GET https://timesofindia.indiatimes.com/city/thane "HTTP/1.1 200 OK"
2025-12-27 22:49:21,919 | INFO | httpx | HTTP Request: GET https://timesofindia.indiatimes.com/city/shillong "HTTP/1.1 200 OK"
2025-12-27 22:49:23,152 | INFO | httpx | HTTP Request: GET https://timesofindia.indiatimes.com/city/srinagar "HTTP/1.1 200 OK"
2025-12-27 22:49:26,356 | INFO | httpx | HTTP Request: GET https://timesofindia.indiatimes.com/city/vadodara "HTTP/1.1 200 OK"
2025-12-27 22:49:26,891 | INFO | httpx | HTTP Request: GET https://timesofindia.indiatimes.com/city/varanasi "HTTP/1.1 200 OK"
2025-12-27 22:49:27,400 | INFO | httpx | HTTP Request: GET https://timesofindia.indiatimes.com/city/vijayawada "HTTP/1.1 200 OK"
2025-12-27 22:49:27,894 | INFO | httpx | HTTP Request: GET https://timesofindia.indiatimes.com/city/visakhapatnam "HTTP/1.1 200 OK"
2025-12-27 22:49:28,387 | INFO | httpx | HTTP Request: GET https://timesofindia.indiatimes.com/city/photos "HTTP/1.1 200 OK"
2025-12-27 22:49:28,906 | INFO | httpx | HTTP Request: GET https://timesofindia.indiatimes.com/city/web-stories "HTTP/1.1 200 OK"
2025-12-27 22:49:29,409 | INFO | httpx | HTTP Request: GET https://timesofindia.indiatimes.com/india "HTTP/1.1 200 OK"
2025-12-27 22:49:41,169 | INFO | __main__ | Started session: 20251227_224941 (mode: deep_crawl)
2025-12-27 22:49:41,169 | INFO | __main__ | Starting deep crawl from 3 seeds
2025-12-27 22:49:41,520 | INFO | __main__ | Deep crawling: https://timesofindia.indiatimes.com/
2025-12-27 22:49:41,521 | INFO | crawler.core_engine | Starting deep crawl from: https://timesofindia.indiatimes.com/
2025-12-27 22:49:44,141 | INFO | __main__ | ✓ [0] TOI - Breaking News,  Latest News, India News, Wor...
2025-12-27 22:49:44,676 | INFO | httpx | HTTP Request: GET https://timesofindia.indiatimes.com/ "HTTP/1.1 200 OK"
2025-12-27 22:49:46,265 | INFO | httpx | HTTP Request: GET https://navbharattimes.indiatimes.com/ "HTTP/1.1 200 OK"
2025-12-27 22:49:46,857 | INFO | httpx | HTTP Request: GET https://marathi.indiatimes.com/ "HTTP/1.1 301 Moved Permanently"
2025-12-27 22:49:47,156 | INFO | httpx | HTTP Request: GET https://maharashtratimes.com/ "HTTP/1.1 200 OK"
2025-12-27 22:49:47,569 | INFO | httpx | HTTP Request: GET https://maharashtratimes.com/ "HTTP/1.1 200 OK"
2025-12-27 22:49:49,138 | INFO | httpx | HTTP Request: GET https://timesofindia.indiatimes.com "HTTP/1.1 200 OK"
2025-12-27 22:49:49,670 | INFO | httpx | HTTP Request: GET https://timesofindia.indiatimes.com/toi-plus "HTTP/1.1 200 OK"
2025-12-27 22:49:50,140 | INFO | httpx | HTTP Request: GET https://timesofindia.indiatimes.com/games "HTTP/1.1 200 OK"
2025-12-27 22:49:50,617 | INFO | httpx | HTTP Request: GET https://timesofindia.indiatimes.com/videos "HTTP/1.1 200 OK"
2025-12-27 22:49:55,191 | INFO | httpx | HTTP Request: GET https://timesofindia.indiatimes.com/city/chennai "HTTP/1.1 200 OK"
2025-12-27 22:50:01,833 | INFO | httpx | HTTP Request: GET https://timesofindia.indiatimes.com/city/chandigarh "HTTP/1.1 200 OK"
2025-12-27 22:50:03,684 | INFO | httpx | HTTP Request: GET https://timesofindia.indiatimes.com/city/cuttack "HTTP/1.1 200 OK"
2025-12-27 22:50:04,923 | INFO | httpx | HTTP Request: GET https://timesofindia.indiatimes.com/city/erode "HTTP/1.1 200 OK"
2025-12-27 22:50:07,471 | INFO | httpx | HTTP Request: GET https://timesofindia.indiatimes.com/city/gurgaon "HTTP/1.1 200 OK"
2025-12-27 22:50:07,970 | INFO | httpx | HTTP Request: GET https://timesofindia.indiatimes.com/city/guwahati "HTTP/1.1 200 OK"
2025-12-27 22:50:08,475 | INFO | httpx | HTTP Request: GET https://timesofindia.indiatimes.com/city/hubli "HTTP/1.1 200 OK"
2025-12-27 22:50:09,020 | INFO | httpx | HTTP Request: GET https://timesofindia.indiatimes.com/city/imphal "HTTP/1.1 200 OK"
2025-12-27 22:50:09,513 | INFO | httpx | HTTP Request: GET https://timesofindia.indiatimes.com/city/indore "HTTP/1.1 200 OK"
2025-12-27 22:50:09,995 | INFO | httpx | HTTP Request: GET https://timesofindia.indiatimes.com/city/itanagar "HTTP/1.1 200 OK"
2025-12-27 22:50:10,491 | INFO | httpx | HTTP Request: GET https://timesofindia.indiatimes.com/city/jaipur "HTTP/1.1 200 OK"
2025-12-27 22:50:10,958 | INFO | httpx | HTTP Request: GET https://timesofindia.indiatimes.com/city/jammu "HTTP/1.1 200 OK"
2025-12-27 22:50:12,113 | INFO | httpx | HTTP Request: GET https://timesofindia.indiatimes.com/city/jodhpur "HTTP/1.1 200 OK"
2025-12-27 22:50:13,338 | INFO | httpx | HTTP Request: GET https://timesofindia.indiatimes.com/city/kochi "HTTP/1.1 200 OK"
2025-12-27 22:50:14,123 | INFO | httpx | HTTP Request: GET https://timesofindia.indiatimes.com/city/kohima "HTTP/1.1 200 OK"
2025-12-27 22:50:14,605 | INFO | httpx | HTTP Request: GET https://timesofindia.indiatimes.com/city/kolhapur "HTTP/1.1 200 OK"
2025-12-27 22:50:15,086 | INFO | httpx | HTTP Request: GET https://timesofindia.indiatimes.com/city/kozhikode "HTTP/1.1 200 OK"
2025-12-27 22:50:15,575 | INFO | httpx | HTTP Request: GET https://timesofindia.indiatimes.com/city/ludhiana "HTTP/1.1 200 OK"
2025-12-27 22:50:16,057 | INFO | httpx | HTTP Request: GET https://timesofindia.indiatimes.com/city/lucknow "HTTP/1.1 200 OK"
2025-12-27 22:50:17,222 | INFO | httpx | HTTP Request: GET https://timesofindia.indiatimes.com/city/mangalore "HTTP/1.1 200 OK"
2025-12-27 22:50:17,700 | INFO | httpx | HTTP Request: GET https://timesofindia.indiatimes.com/city/meerut "HTTP/1.1 200 OK"
2025-12-27 22:50:18,185 | INFO | httpx | HTTP Request: GET https://timesofindia.indiatimes.com/city/mysore "HTTP/1.1 200 OK"
2025-12-27 22:50:18,665 | INFO | httpx | HTTP Request: GET https://timesofindia.indiatimes.com/city/nagpur "HTTP/1.1 200 OK"
2025-12-27 22:50:19,807 | INFO | httpx | HTTP Request: GET https://timesofindia.indiatimes.com/city/navi-mumbai "HTTP/1.1 200 OK"
2025-12-27 22:50:20,316 | INFO | httpx | HTTP Request: GET https://timesofindia.indiatimes.com/city/noida "HTTP/1.1 200 OK"
2025-12-27 22:50:20,801 | INFO | httpx | HTTP Request: GET https://timesofindia.indiatimes.com/city/patna "HTTP/1.1 200 OK"
2025-12-27 22:50:21,308 | INFO | httpx | HTTP Request: GET https://timesofindia.indiatimes.com/city/allahabad "HTTP/1.1 200 OK"
2025-12-27 22:50:21,831 | INFO | httpx | HTTP Request: GET https://timesofindia.indiatimes.com/city/puducherry "HTTP/1.1 200 OK"
2025-12-27 22:50:22,284 | INFO | httpx | HTTP Request: GET https://timesofindia.indiatimes.com/city/pune "HTTP/1.1 200 OK"
2025-12-27 22:50:22,763 | INFO | httpx | HTTP Request: GET https://timesofindia.indiatimes.com/city/raipur "HTTP/1.1 200 OK"
2025-12-27 22:50:23,225 | INFO | httpx | HTTP Request: GET https://timesofindia.indiatimes.com/city/rajkot "HTTP/1.1 200 OK"
2025-12-27 22:50:23,718 | INFO | httpx | HTTP Request: GET https://timesofindia.indiatimes.com/city/ranchi "HTTP/1.1 200 OK"
2025-12-27 22:50:24,198 | INFO | httpx | HTTP Request: GET https://timesofindia.indiatimes.com/city/thane "HTTP/1.1 200 OK"
2025-12-27 22:50:24,696 | INFO | httpx | HTTP Request: GET https://timesofindia.indiatimes.com/city/salem "HTTP/1.1 200 OK"
2025-12-27 22:50:25,180 | INFO | httpx | HTTP Request: GET https://timesofindia.indiatimes.com/city/shillong "HTTP/1.1 200 OK"
2025-12-27 22:50:25,671 | INFO | httpx | HTTP Request: GET https://timesofindia.indiatimes.com/city/shimla "HTTP/1.1 200 OK"
2025-12-27 22:50:26,146 | INFO | httpx | HTTP Request: GET https://timesofindia.indiatimes.com/city/srinagar "HTTP/1.1 200 OK"
2025-12-27 22:50:26,626 | INFO | httpx | HTTP Request: GET https://timesofindia.indiatimes.com/city/surat "HTTP/1.1 200 OK"
2025-12-27 22:50:27,105 | INFO | httpx | HTTP Request: GET https://timesofindia.indiatimes.com/city/trichy "HTTP/1.1 200 OK"
2025-12-27 22:50:27,583 | INFO | httpx | HTTP Request: GET https://timesofindia.indiatimes.com/city/thiruvananthapuram "HTTP/1.1 200 OK"
2025-12-27 22:50:28,052 | INFO | httpx | HTTP Request: GET https://timesofindia.indiatimes.com/city/udaipur "HTTP/1.1 200 OK"
2025-12-27 22:50:28,534 | INFO | httpx | HTTP Request: GET https://timesofindia.indiatimes.com/city/vadodara "HTTP/1.1 200 OK"
2025-12-27 22:50:29,010 | INFO | httpx | HTTP Request: GET https://timesofindia.indiatimes.com/city/varanasi "HTTP/1.1 200 OK"
2025-12-27 22:50:29,493 | INFO | httpx | HTTP Request: GET https://timesofindia.indiatimes.com/city/vijayawada "HTTP/1.1 200 OK"
2025-12-27 22:50:30,018 | INFO | httpx | HTTP Request: GET https://timesofindia.indiatimes.com/city/visakhapatnam "HTTP/1.1 200 OK"
2025-12-27 22:50:30,510 | INFO | httpx | HTTP Request: GET https://timesofindia.indiatimes.com/city/photos "HTTP/1.1 200 OK"
2025-12-27 22:50:30,992 | INFO | httpx | HTTP Request: GET https://timesofindia.indiatimes.com/city/web-stories "HTTP/1.1 200 OK"
2025-12-27 22:50:31,502 | INFO | httpx | HTTP Request: GET https://timesofindia.indiatimes.com/india "HTTP/1.1 200 OK"
2025-12-27 22:50:32,016 | INFO | httpx | HTTP Request: GET https://timesofindia.indiatimes.com/elections/assembly-elections/bihar "HTTP/1.1 200 OK"
2025-12-27 22:51:02,749 | INFO | httpx | HTTP Request: GET https://timesofindia.indiatimes.com/toi/firststepbypronamel "HTTP/1.1 200 OK"
2025-12-27 22:51:04,947 | INFO | httpx | HTTP Request: GET https://timesofindia.indiatimes.com/games/connect/today "HTTP/1.1 200 OK"
2025-12-27 22:51:05,490 | INFO | httpx | HTTP Request: GET https://timesofindia.indiatimes.com/games/loop-a-loop/today "HTTP/1.1 200 OK"
2025-12-27 22:51:05,984 | INFO | httpx | HTTP Request: GET https://timesofindia.indiatimes.com/games/location-guesser/today "HTTP/1.1 200 OK"
2025-12-27 22:51:12,776 | INFO | httpx | HTTP Request: GET https://timesofindia.indiatimes.com/topic/Donald-Trump "HTTP/1.1 200 OK"
2025-12-27 22:51:13,322 | INFO | httpx | HTTP Request: GET https://timesofindia.indiatimes.com/topic/Elon-Musk "HTTP/1.1 200 OK"
2025-12-27 22:51:19,126 | INFO | httpx | HTTP Request: GET https://timesofindia.indiatimes.com/etimes/trending "HTTP/1.1 200 OK"
2025-12-27 22:51:19,667 | INFO | httpx | HTTP Request: GET https://timesofindia.indiatimes.com/toi/firststepbypronamel?src=homepage_slug "HTTP/1.1 200 OK"
2025-12-27 22:51:21,784 | INFO | httpx | HTTP Request: GET https://timesofindia.indiatimes.com/entertainment/music "HTTP/1.1 200 OK"
2025-12-27 22:51:22,501 | INFO | httpx | HTTP Request: GET https://timesofindia.indiatimes.com/entertainment/events "HTTP/1.1 200 OK"
2025-12-27 22:51:24,652 | INFO | httpx | HTTP Request: GET https://timesofindia.indiatimes.com/entertainment/english/hollywood/top-20-best-hollywood-movies-of-2025 "HTTP/1.1 200 OK"
2025-12-27 22:51:26,581 | INFO | httpx | HTTP Request: GET https://timesofindia.indiatimes.com/entertainment/malayalam/mollywood/top-20-best-malayalam-movies-of-2025 "HTTP/1.1 200 OK"
2025-12-27 22:51:27,145 | INFO | httpx | HTTP Request: GET https://timesofindia.indiatimes.com/entertainment/kannada/movies/top-20-best-kannada-movies-of-2025 "HTTP/1.1 200 OK"
2025-12-27 22:51:30,442 | INFO | httpx | HTTP Request: GET https://timesofindia.indiatimes.com/business/gold-rates-today "HTTP/1.1 200 OK"
2025-12-27 22:51:33,441 | INFO | httpx | HTTP Request: GET https://www.indiatimes.com/termsandcondition "HTTP/1.1 200 OK"
2025-12-27 22:51:36,942 | INFO | httpx | HTTP Request: GET https://timesofindia.indiatimes.com/travel "HTTP/1.1 301 Moved Permanently"
2025-12-27 22:51:37,426 | INFO | httpx | HTTP Request: GET https://timesofindia.indiatimes.com/travel/ "HTTP/1.1 200 OK"
2025-12-27 22:51:39,105 | INFO | httpx | HTTP Request: GET https://timesofindia.indiatimes.com/business/gold-rates-today/gold-price-in-delhi "HTTP/1.1 200 OK"
2025-12-27 22:51:40,402 | INFO | httpx | HTTP Request: GET https://timesofindia.indiatimes.com/business/markets "HTTP/1.1 200 OK"
2025-12-27 22:51:40,902 | INFO | httpx | HTTP Request: GET https://timesofindia.indiatimes.com/business/platinum-rates-today "HTTP/1.1 200 OK"
2025-12-27 22:51:41,394 | INFO | httpx | HTTP Request: GET https://timesofindia.indiatimes.com/business/silver-rates-today "HTTP/1.1 200 OK"
2025-12-27 22:51:43,392 | INFO | httpx | HTTP Request: GET https://timesofindia.indiatimes.com/technology/tech-news "HTTP/1.1 200 OK"
2025-12-27 22:51:44,835 | INFO | httpx | HTTP Request: GET https://timesofindia.indiatimes.com/business/bank-holidays "HTTP/1.1 200 OK"
2025-12-27 22:51:47,478 | INFO | __main__ | ✓ [1] Gold Rate in Delhi Today – 18K, 22K & 24K Gold Pri...
2025-12-27 22:51:47,478 | INFO | __main__ | Max pages reached
2025-12-27 22:51:47,478 | INFO | __main__ | Deep crawling: https://www.hindustantimes.com/
2025-12-27 22:51:47,478 | INFO | crawler.core_engine | Starting deep crawl from: https://www.hindustantimes.com/
2025-12-27 22:51:47,492 | ERROR | asyncio | Task exception was never retrieved
future: <Task finished name='Task-685' coro=<<async_generator_athrow without __name__>()> exception=ValueError("<Token var=<ContextVar name='deep_crawl_active' default=False at 0x7f1bda59fec0> at 0x7f1bd856c680> was created in a different Context")>
Traceback (most recent call last):
  File "/home/pavan/miniconda3/envs/crawl4ai/lib/python3.11/site-packages/crawl4ai/deep_crawling/base_strategy.py", line 33, in result_wrapper
    yield result
GeneratorExit

During handling of the above exception, another exception occurred:

Traceback (most recent call last):
  File "/home/pavan/miniconda3/envs/crawl4ai/lib/python3.11/site-packages/crawl4ai/deep_crawling/base_strategy.py", line 35, in result_wrapper
    self.deep_crawl_active.reset(token)
ValueError: <Token var=<ContextVar name='deep_crawl_active' default=False at 0x7f1bda59fec0> at 0x7f1bd856c680> was created in a different Context
2025-12-27 22:51:47,497 | ERROR | crawler.core_engine | Crawl error: 'async for' requires an object with __aiter__ method, got CrawlResultContainer
2025-12-27 22:51:47,497 | INFO | __main__ | Max pages reached
2025-12-27 22:51:47,497 | INFO | __main__ | Deep crawling: https://indianexpress.com/
2025-12-27 22:51:47,498 | INFO | crawler.core_engine | Starting deep crawl from: https://indianexpress.com/
2025-12-27 22:51:47,533 | ERROR | crawler.core_engine | Crawl error: 'async for' requires an object with __aiter__ method, got CrawlResultContainer
2025-12-27 22:51:47,534 | INFO | __main__ | Max pages reached
2025-12-27 22:51:47,605 | INFO | __main__ | Session 20251227_224941 completed: 2 successful, 2 failed, 0 duplicates, duration: 0:02:06.435902
2025-12-27 22:57:13,026 | INFO | __main__ | Started session: 20251227_225713 (mode: deep_crawl)
2025-12-27 22:57:13,026 | INFO | __main__ | Starting deep crawl from 3 seeds
2025-12-27 22:57:13,401 | INFO | __main__ | Deep crawling: https://timesofindia.indiatimes.com/
2025-12-27 22:57:13,401 | INFO | crawler.core_engine | Starting deep crawl from: https://timesofindia.indiatimes.com/
2025-12-27 22:57:15,654 | INFO | __main__ | ✓ [0] TOI - Breaking News,  Latest News, India News, Wor...
2025-12-27 22:57:16,446 | INFO | httpx | HTTP Request: GET https://timesofindia.indiatimes.com/us "HTTP/1.1 200 OK"
2025-12-27 22:57:20,318 | INFO | httpx | HTTP Request: GET https://timesofindia.indiatimes.com/games "HTTP/1.1 200 OK"
2025-12-27 22:57:20,803 | INFO | httpx | HTTP Request: GET https://timesofindia.indiatimes.com/videos "HTTP/1.1 200 OK"
2025-12-27 22:57:46,547 | INFO | httpx | HTTP Request: GET https://timesofindia.indiatimes.com/city/kolhapur "HTTP/1.1 200 OK"
2025-12-27 22:58:04,752 | INFO | httpx | HTTP Request: GET https://timesofindia.indiatimes.com/city/vadodara "HTTP/1.1 200 OK"
2025-12-27 22:58:07,585 | INFO | httpx | HTTP Request: GET https://timesofindia.indiatimes.com/city/photos "HTTP/1.1 200 OK"
2025-12-27 22:58:08,141 | INFO | httpx | HTTP Request: GET https://timesofindia.indiatimes.com/city/web-stories "HTTP/1.1 200 OK"
2025-12-27 22:58:28,545 | INFO | httpx | HTTP Request: GET https://timesofindia.indiatimes.com/world "HTTP/1.1 200 OK"
2025-12-27 22:58:29,051 | INFO | httpx | HTTP Request: GET https://timesofindia.indiatimes.com/business "HTTP/1.1 200 OK"
2025-12-27 22:58:30,243 | INFO | httpx | HTTP Request: GET https://timesofindia.indiatimes.com/sports/cricket "HTTP/1.1 200 OK"
2025-12-27 22:58:32,899 | INFO | httpx | HTTP Request: GET https://timesofindia.indiatimes.com/tv/hindi "HTTP/1.1 200 OK"
2025-12-27 22:58:34,805 | INFO | httpx | HTTP Request: GET https://timesofindia.indiatimes.com/web-series/news "HTTP/1.1 200 OK"
2025-12-27 22:58:36,386 | INFO | httpx | HTTP Request: GET https://timesofindia.indiatimes.com/blogs "HTTP/1.1 301 Moved Permanently"
2025-12-27 22:58:36,715 | INFO | httpx | HTTP Request: GET http://timesofindia.indiatimes.com/blogs/ "HTTP/1.1 301 Moved Permanently"
2025-12-27 22:58:37,107 | INFO | httpx | HTTP Request: GET https://timesofindia.indiatimes.com/blogs/ "HTTP/1.1 200 OK"
2025-12-27 22:58:37,556 | INFO | httpx | HTTP Request: GET https://timesofindia.indiatimes.com/blogs/ "HTTP/1.1 200 OK"
2025-12-27 22:58:38,721 | INFO | httpx | HTTP Request: GET https://timesofindia.indiatimes.com/toi/firststepbypronamel "HTTP/1.1 200 OK"
2025-12-27 22:58:41,181 | INFO | httpx | HTTP Request: GET https://timesofindia.indiatimes.com/games/connect/today "HTTP/1.1 200 OK"
2025-12-27 22:58:41,662 | INFO | httpx | HTTP Request: GET https://timesofindia.indiatimes.com/games/loop-a-loop/today "HTTP/1.1 200 OK"
2025-12-27 22:58:42,135 | INFO | httpx | HTTP Request: GET https://timesofindia.indiatimes.com/games/location-guesser/today "HTTP/1.1 200 OK"
2025-12-27 22:58:48,393 | INFO | httpx | HTTP Request: GET https://timesofindia.indiatimes.com/topic/Donald-Trump "HTTP/1.1 200 OK"
2025-12-27 22:58:48,897 | INFO | httpx | HTTP Request: GET https://timesofindia.indiatimes.com/topic/Elon-Musk "HTTP/1.1 200 OK"
2025-12-27 22:58:53,039 | INFO | httpx | HTTP Request: GET https://timesofindia.indiatimes.com/life-style/beauty "HTTP/1.1 200 OK"
2025-12-27 22:58:54,959 | INFO | httpx | HTTP Request: GET https://timesofindia.indiatimes.com/etimes/trending "HTTP/1.1 200 OK"
2025-12-27 22:58:55,420 | INFO | httpx | HTTP Request: GET https://timesofindia.indiatimes.com/toi/firststepbypronamel?src=homepage_slug "HTTP/1.1 200 OK"
2025-12-27 22:58:56,646 | INFO | httpx | HTTP Request: GET https://timesofindia.indiatimes.com/entertainment/hindi/movie-reviews "HTTP/1.1 200 OK"
2025-12-27 22:58:57,232 | INFO | httpx | HTTP Request: GET https://timesofindia.indiatimes.com/entertainment/music "HTTP/1.1 200 OK"
2025-12-27 22:58:57,808 | INFO | httpx | HTTP Request: GET https://timesofindia.indiatimes.com/entertainment/events "HTTP/1.1 200 OK"
2025-12-27 22:58:58,389 | INFO | httpx | HTTP Request: GET https://timesofindia.indiatimes.com/entertainment/latest-new-movies "HTTP/1.1 200 OK"
2025-12-27 22:59:01,052 | INFO | httpx | HTTP Request: GET https://timesofindia.indiatimes.com/entertainment/telugu/tollywood/top-20-best-telugu-movies-of-2025 "HTTP/1.1 200 OK"
2025-12-27 22:59:01,535 | INFO | httpx | HTTP Request: GET https://timesofindia.indiatimes.com/entertainment/malayalam/mollywood/top-20-best-malayalam-movies-of-2025 "HTTP/1.1 200 OK"
2025-12-27 22:59:02,041 | INFO | httpx | HTTP Request: GET https://timesofindia.indiatimes.com/entertainment/kannada/movies/top-20-best-kannada-movies-of-2025 "HTTP/1.1 200 OK"
2025-12-27 22:59:02,493 | INFO | httpx | HTTP Request: GET https://timesofindia.indiatimes.com/business/stock-market-holidays "HTTP/1.1 200 OK"
2025-12-27 22:59:05,018 | INFO | httpx | HTTP Request: GET https://timesofindia.indiatimes.com/business/gold-rates-today "HTTP/1.1 200 OK"
2025-12-27 22:59:07,620 | INFO | httpx | HTTP Request: GET https://timesofindia.indiatimes.com/auto "HTTP/1.1 200 OK"
2025-12-27 22:59:09,217 | INFO | httpx | HTTP Request: GET https://timesofindia.indiatimes.com/travel/destinations "HTTP/1.1 200 OK"
2025-12-27 22:59:11,905 | INFO | httpx | HTTP Request: GET https://timesofindia.indiatimes.com/travel "HTTP/1.1 301 Moved Permanently"
2025-12-27 22:59:13,648 | INFO | httpx | HTTP Request: GET https://timesofindia.indiatimes.com/business/gold-rates-today/gold-price-in-delhi "HTTP/1.1 200 OK"
2025-12-27 22:59:15,505 | INFO | httpx | HTTP Request: GET https://timesofindia.indiatimes.com/business/platinum-rates-today "HTTP/1.1 200 OK"
2025-12-27 22:59:15,960 | INFO | httpx | HTTP Request: GET https://timesofindia.indiatimes.com/business/silver-rates-today "HTTP/1.1 200 OK"
2025-12-27 22:59:22,858 | INFO | __main__ | ✓ [1] Auto News: Upcoming Cars and Bikes, New Launches, ...
2025-12-27 22:59:23,360 | INFO | httpx | HTTP Request: GET https://timesofindia.indiatimes.com/ "HTTP/1.1 200 OK"
2025-12-27 22:59:23,938 | INFO | httpx | HTTP Request: GET https://timesofindia.indiatimes.com/us "HTTP/1.1 200 OK"
2025-12-27 22:59:25,226 | INFO | httpx | HTTP Request: GET https://marathi.indiatimes.com/ "HTTP/1.1 301 Moved Permanently"
2025-12-27 22:59:26,533 | INFO | httpx | HTTP Request: GET https://timesofindia.indiatimes.com/weather "HTTP/1.1 200 OK"
2025-12-27 22:59:27,130 | INFO | httpx | HTTP Request: GET https://timesofindia.indiatimes.com "HTTP/1.1 200 OK"
2025-12-27 22:59:33,542 | INFO | httpx | HTTP Request: GET https://timesofindia.indiatimes.com/auto/advice-centre "HTTP/1.1 200 OK"
2025-12-27 22:59:34,034 | INFO | httpx | HTTP Request: GET https://timesofindia.indiatimes.com/auto/commercial-vehicles "HTTP/1.1 200 OK"
2025-12-27 22:59:38,881 | INFO | httpx | HTTP Request: GET https://timesofindia.indiatimes.com/tv/hindi "HTTP/1.1 200 OK"
2025-12-27 22:59:40,873 | INFO | httpx | HTTP Request: GET https://gadgetsnow.indiatimes.com/?_gl=1%2Ah4drpd%2A_ga%2AMjAzNTc2Njg5OS4xNzI3MjUzODEz%2A_ga_FCN624MN68%2AMTczNzQ1MDg1OS4xMzIuMS4xNzM3NDUzMzIyLjU0LjAuMA.. "HTTP/1.1 200 OK"
2025-12-27 22:59:46,777 | INFO | httpx | HTTP Request: GET https://timesofindia.indiatimes.com/travel "HTTP/1.1 301 Moved Permanently"
2025-12-27 22:59:50,486 | INFO | httpx | HTTP Request: GET https://timesofindia.indiatimes.com/business/platinum-rates-today "HTTP/1.1 200 OK"
2025-12-27 22:59:51,102 | INFO | httpx | HTTP Request: GET https://timesofindia.indiatimes.com/business/silver-rates-today "HTTP/1.1 200 OK"
2025-12-27 22:59:51,607 | INFO | httpx | HTTP Request: GET https://timesofindia.indiatimes.com/business/gold-rates-today "HTTP/1.1 200 OK"
2025-12-27 23:00:00,478 | INFO | __main__ | ✓ [1] Gold Rate in Delhi Today – 18K, 22K & 24K Gold Pri...
2025-12-27 23:00:00,927 | INFO | httpx | HTTP Request: GET https://timesofindia.indiatimes.com/ "HTTP/1.1 200 OK"
2025-12-27 23:00:01,455 | INFO | httpx | HTTP Request: GET https://timesofindia.indiatimes.com/us "HTTP/1.1 200 OK"
2025-12-27 23:00:01,994 | INFO | httpx | HTTP Request: GET https://navbharattimes.indiatimes.com/ "HTTP/1.1 200 OK"
2025-12-27 23:00:04,043 | INFO | httpx | HTTP Request: GET https://timesofindia.indiatimes.com "HTTP/1.1 200 OK"
2025-12-27 23:00:04,675 | INFO | httpx | HTTP Request: GET https://timesofindia.indiatimes.com/business/gold-rates-today "HTTP/1.1 200 OK"
2025-12-27 23:00:05,206 | INFO | httpx | HTTP Request: GET https://timesofindia.indiatimes.com/business/markets "HTTP/1.1 200 OK"
2025-12-27 23:00:06,741 | INFO | httpx | HTTP Request: GET https://timesofindia.indiatimes.com/business/silver-rates-today "HTTP/1.1 200 OK"
2025-12-27 23:00:07,239 | INFO | httpx | HTTP Request: GET https://timesofindia.indiatimes.com/business/platinum-rates-today "HTTP/1.1 200 OK"
2025-12-27 23:00:17,250 | INFO | httpx | HTTP Request: GET https://timesofindia.indiatimes.com/business/startups "HTTP/1.1 200 OK"
2025-12-27 23:00:19,823 | INFO | httpx | HTTP Request: GET https://timesofindia.indiatimes.com/RightToExcellence/Financial-Literacy-Summit "HTTP/1.1 200 OK"
2025-12-27 23:00:20,873 | INFO | httpx | HTTP Request: GET https://timesofindia.indiatimes.com/business/gold-rates-today/gold-price-in-chandigarh "HTTP/1.1 200 OK"
2025-12-27 23:00:21,469 | INFO | httpx | HTTP Request: GET https://timesofindia.indiatimes.com/business/gold-rates-today/gold-price-in-noida "HTTP/1.1 200 OK"
2025-12-27 23:00:22,074 | INFO | httpx | HTTP Request: GET https://timesofindia.indiatimes.com/business/gold-rates-today/gold-price-in-pune "HTTP/1.1 200 OK"
2025-12-27 23:00:22,644 | INFO | httpx | HTTP Request: GET https://timesofindia.indiatimes.com/business/gold-rates-today/gold-price-in-gurgaon "HTTP/1.1 200 OK"
2025-12-27 23:00:23,243 | INFO | httpx | HTTP Request: GET https://timesofindia.indiatimes.com/business/gold-rates-today/gold-price-in-jaipur "HTTP/1.1 200 OK"
2025-12-27 23:00:23,982 | INFO | httpx | HTTP Request: GET https://timesofindia.indiatimes.com/business/gold-rates-today/gold-price-in-chennai "HTTP/1.1 200 OK"
2025-12-27 23:00:25,262 | INFO | httpx | HTTP Request: GET https://timesofindia.indiatimes.com/business/gold-rates-today/gold-price-in-hyderabad "HTTP/1.1 200 OK"
2025-12-27 23:00:26,510 | INFO | httpx | HTTP Request: GET https://timesofindia.indiatimes.com/business/gold-rates-today/gold-price-in-ahmedabad "HTTP/1.1 200 OK"
2025-12-27 23:00:27,296 | INFO | httpx | HTTP Request: GET https://timesofindia.indiatimes.com/business/gold-rates-today/gold-price-in-alappuzha "HTTP/1.1 200 OK"
2025-12-27 23:00:28,614 | INFO | httpx | HTTP Request: GET https://timesofindia.indiatimes.com/business/gold-rates-today/gold-price-in-ambur "HTTP/1.1 200 OK"
2025-12-27 23:00:29,273 | INFO | httpx | HTTP Request: GET https://timesofindia.indiatimes.com/business/gold-rates-today/gold-price-in-amravati "HTTP/1.1 200 OK"
2025-12-27 23:00:31,212 | INFO | httpx | HTTP Request: GET https://timesofindia.indiatimes.com/business/gold-rates-today/gold-price-in-arcot "HTTP/1.1 200 OK"
2025-12-27 23:00:32,376 | INFO | httpx | HTTP Request: GET https://timesofindia.indiatimes.com/business/silver-rates-today/silver-price-in-delhi "HTTP/1.1 200 OK"
2025-12-27 23:00:32,845 | INFO | httpx | HTTP Request: GET https://timesofindia.indiatimes.com/business/silver-rates-today/silver-price-in-noida "HTTP/1.1 200 OK"
2025-12-27 23:00:33,695 | INFO | httpx | HTTP Request: GET https://timesofindia.indiatimes.com/business/silver-rates-today/silver-price-in-mumbai "HTTP/1.1 200 OK"
2025-12-27 23:00:34,248 | INFO | httpx | HTTP Request: GET https://timesofindia.indiatimes.com/business/silver-rates-today/silver-price-in-bangalore "HTTP/1.1 200 OK"
2025-12-27 23:00:35,440 | INFO | httpx | HTTP Request: GET https://timesofindia.indiatimes.com/business/silver-rates-today/silver-price-in-chennai "HTTP/1.1 200 OK"
2025-12-27 23:00:36,894 | INFO | httpx | HTTP Request: GET https://timesofindia.indiatimes.com/business/silver-rates-today/silver-price-in-pune "HTTP/1.1 200 OK"
2025-12-27 23:00:38,391 | INFO | httpx | HTTP Request: GET https://timesofindia.indiatimes.com/business/silver-rates-today/silver-price-in-lucknow "HTTP/1.1 200 OK"
2025-12-27 23:00:39,080 | INFO | httpx | HTTP Request: GET https://timesofindia.indiatimes.com/business/silver-rates-today/silver-price-in-chandigarh "HTTP/1.1 200 OK"
2025-12-27 23:00:39,760 | INFO | httpx | HTTP Request: GET https://timesofindia.indiatimes.com/business/platinum-rates-today/platinum-price-in-delhi "HTTP/1.1 200 OK"
2025-12-27 23:00:40,400 | INFO | httpx | HTTP Request: GET https://timesofindia.indiatimes.com/business/platinum-rates-today/platinum-price-in-noida "HTTP/1.1 200 OK"
2025-12-27 23:00:42,208 | INFO | httpx | HTTP Request: GET https://timesofindia.indiatimes.com/business/platinum-rates-today/platinum-price-in-chennai "HTTP/1.1 200 OK"
2025-12-27 23:00:42,692 | INFO | httpx | HTTP Request: GET https://timesofindia.indiatimes.com/business/platinum-rates-today/platinum-price-in-kolkata "HTTP/1.1 200 OK"
2025-12-27 23:00:43,181 | INFO | httpx | HTTP Request: GET https://timesofindia.indiatimes.com/business/platinum-rates-today/platinum-price-in-pune "HTTP/1.1 200 OK"
2025-12-27 23:00:45,111 | INFO | httpx | HTTP Request: GET https://timesofindia.indiatimes.com/business/platinum-rates-today/platinum-price-in-chandigarh "HTTP/1.1 200 OK"
2025-12-27 23:00:45,571 | INFO | httpx | HTTP Request: GET https://timesofindia.indiatimes.com/sports/cricket/icc-mens-t20-world-cup/schedule "HTTP/1.1 200 OK"
2025-12-27 23:00:46,186 | INFO | httpx | HTTP Request: GET https://www.indiatimes.com/termsandcondition "HTTP/1.1 200 OK"
2025-12-27 23:00:48,130 | INFO | httpx | HTTP Request: GET https://timesofindia.indiatimes.com/tv/hindi "HTTP/1.1 200 OK"
2025-12-27 23:00:48,662 | INFO | httpx | HTTP Request: GET https://timesofindia.indiatimes.com/travel/destinations "HTTP/1.1 200 OK"
2025-12-27 23:00:50,837 | INFO | httpx | HTTP Request: GET https://timesofindia.indiatimes.com/sports "HTTP/1.1 200 OK"
2025-12-27 23:00:51,349 | INFO | httpx | HTTP Request: GET https://timesofindia.indiatimes.com/india "HTTP/1.1 200 OK"
2025-12-27 23:00:51,841 | INFO | httpx | HTTP Request: GET https://timesofindia.indiatimes.com/world "HTTP/1.1 200 OK"
2025-12-27 23:00:52,380 | INFO | httpx | HTTP Request: GET https://timesofindia.indiatimes.com/entertainment/hindi/bollywood/news "HTTP/1.1 200 OK"
2025-12-27 23:00:53,056 | INFO | httpx | HTTP Request: GET https://timesofindia.indiatimes.com/life-style/health-fitness "HTTP/1.1 200 OK"
2025-12-27 23:00:54,195 | INFO | httpx | HTTP Request: GET https://timesofindia.indiatimes.com/technology "HTTP/1.1 200 OK"
2025-12-27 23:00:54,716 | INFO | httpx | HTTP Request: GET https://timesofindia.indiatimes.com/travel "HTTP/1.1 301 Moved Permanently"
2025-12-27 23:00:55,387 | INFO | httpx | HTTP Request: GET https://timesofindia.indiatimes.com/travel/ "HTTP/1.1 200 OK"
2025-12-27 23:00:56,807 | INFO | httpx | HTTP Request: GET https://timesofindia.indiatimes.com/astrology/chinese-horoscope/rat "HTTP/1.1 200 OK"
2025-12-27 23:00:57,311 | INFO | httpx | HTTP Request: GET https://timesofindia.indiatimes.com/astrology "HTTP/1.1 200 OK"
2025-12-27 23:00:58,507 | INFO | httpx | HTTP Request: GET https://timesofindia.indiatimes.com/business/bank-holidays/is-bank-open-tomorrow "HTTP/1.1 200 OK"
2025-12-27 23:00:59,190 | INFO | httpx | HTTP Request: GET https://timesofindia.indiatimes.com/business/bank-holidays/december "HTTP/1.1 200 OK"
2025-12-27 23:00:59,858 | INFO | httpx | HTTP Request: GET https://timesofindia.indiatimes.com/india/public-holidays/december "HTTP/1.1 200 OK"
2025-12-27 23:01:01,540 | INFO | httpx | HTTP Request: GET https://timesofindia.indiatimes.com/india/public-holidays "HTTP/1.1 200 OK"
2025-12-27 23:01:04,041 | INFO | __main__ | ✓ [1] City Photos: Latest City News in Photos | The Time...
2025-12-27 23:01:04,462 | INFO | httpx | HTTP Request: GET https://timesofindia.indiatimes.com/ "HTTP/1.1 200 OK"
2025-12-27 23:01:04,996 | INFO | httpx | HTTP Request: GET https://timesofindia.indiatimes.com/us "HTTP/1.1 200 OK"
2025-12-27 23:01:05,584 | INFO | httpx | HTTP Request: GET https://navbharattimes.indiatimes.com/ "HTTP/1.1 200 OK"
2025-12-27 23:01:07,030 | INFO | httpx | HTTP Request: GET https://timesofindia.indiatimes.com/weather "HTTP/1.1 200 OK"
2025-12-27 23:01:07,574 | INFO | httpx | HTTP Request: GET https://timesofindia.indiatimes.com "HTTP/1.1 200 OK"
2025-12-27 23:01:22,795 | INFO | httpx | HTTP Request: GET https://timesofindia.indiatimes.com/city/faridabad "HTTP/1.1 200 OK"
2025-12-27 23:01:23,361 | INFO | httpx | HTTP Request: GET https://timesofindia.indiatimes.com/city/ghaziabad "HTTP/1.1 200 OK"
2025-12-27 23:01:23,871 | INFO | httpx | HTTP Request: GET https://timesofindia.indiatimes.com/city/goa "HTTP/1.1 200 OK"
2025-12-27 23:01:24,384 | INFO | httpx | HTTP Request: GET https://timesofindia.indiatimes.com/city/gurgaon "HTTP/1.1 200 OK"
2025-12-27 23:01:24,876 | INFO | httpx | HTTP Request: GET https://timesofindia.indiatimes.com/city/guwahati "HTTP/1.1 200 OK"
2025-12-27 23:01:26,742 | INFO | httpx | HTTP Request: GET https://timesofindia.indiatimes.com/city/indore "HTTP/1.1 200 OK"
2025-12-27 23:01:27,970 | INFO | httpx | HTTP Request: GET https://timesofindia.indiatimes.com/city/jaipur "HTTP/1.1 200 OK"
2025-12-27 23:01:31,121 | INFO | httpx | HTTP Request: GET https://timesofindia.indiatimes.com/city/kochi "HTTP/1.1 200 OK"
2025-12-27 23:01:34,637 | INFO | httpx | HTTP Request: GET https://timesofindia.indiatimes.com/city/mangalore "HTTP/1.1 200 OK"
2025-12-27 23:01:35,099 | INFO | httpx | HTTP Request: GET https://timesofindia.indiatimes.com/city/meerut "HTTP/1.1 200 OK"
2025-12-27 23:01:36,915 | INFO | httpx | HTTP Request: GET https://timesofindia.indiatimes.com/city/nashik "HTTP/1.1 200 OK"
2025-12-27 23:01:38,064 | INFO | httpx | HTTP Request: GET https://timesofindia.indiatimes.com/city/noida "HTTP/1.1 200 OK"
2025-12-27 23:01:38,533 | INFO | httpx | HTTP Request: GET https://timesofindia.indiatimes.com/city/patna "HTTP/1.1 200 OK"
2025-12-27 23:01:39,023 | INFO | httpx | HTTP Request: GET https://timesofindia.indiatimes.com/city/allahabad "HTTP/1.1 200 OK"
2025-12-27 23:01:40,855 | INFO | httpx | HTTP Request: GET https://timesofindia.indiatimes.com/city/raipur "HTTP/1.1 200 OK"
2025-12-27 23:01:41,381 | INFO | httpx | HTTP Request: GET https://timesofindia.indiatimes.com/city/rajkot "HTTP/1.1 200 OK"
2025-12-27 23:01:41,876 | INFO | httpx | HTTP Request: GET https://timesofindia.indiatimes.com/city/ranchi "HTTP/1.1 200 OK"
2025-12-27 23:01:42,354 | INFO | httpx | HTTP Request: GET https://timesofindia.indiatimes.com/city/thane "HTTP/1.1 200 OK"
2025-12-27 23:01:52,527 | INFO | httpx | HTTP Request: GET https://www.indiatimes.com/termsandcondition "HTTP/1.1 200 OK"
2025-12-27 23:01:56,481 | INFO | httpx | HTTP Request: GET https://gadgetsnow.indiatimes.com/?_gl=1%2Ah4drpd%2A_ga%2AMjAzNTc2Njg5OS4xNzI3MjUzODEz%2A_ga_FCN624MN68%2AMTczNzQ1MDg1OS4xMzIuMS4xNzM3NDUzMzIyLjU0LjAuMA.. "HTTP/1.1 200 OK"
2025-12-27 23:01:57,751 | INFO | httpx | HTTP Request: GET https://timesofindia.indiatimes.com/sports "HTTP/1.1 200 OK"
2025-12-27 23:01:58,289 | INFO | httpx | HTTP Request: GET https://timesofindia.indiatimes.com/india "HTTP/1.1 200 OK"
2025-12-27 23:01:58,808 | INFO | httpx | HTTP Request: GET https://timesofindia.indiatimes.com/world "HTTP/1.1 200 OK"
2025-12-27 23:02:02,231 | INFO | httpx | HTTP Request: GET https://timesofindia.indiatimes.com/travel "HTTP/1.1 301 Moved Permanently"
2025-12-27 23:02:03,580 | INFO | httpx | HTTP Request: GET https://timesofindia.indiatimes.com/life-style/health-fitness/health-news "HTTP/1.1 200 OK"
2025-12-27 23:02:04,052 | INFO | httpx | HTTP Request: GET https://timesofindia.indiatimes.com/astrology/chinese-horoscope/rat "HTTP/1.1 200 OK"
2025-12-27 23:02:04,538 | INFO | httpx | HTTP Request: GET https://timesofindia.indiatimes.com/business/markets "HTTP/1.1 200 OK"
2025-12-27 23:02:05,227 | INFO | httpx | HTTP Request: GET https://timesofindia.indiatimes.com/astrology "HTTP/1.1 200 OK"
2025-12-27 23:02:05,741 | INFO | httpx | HTTP Request: GET https://timesofindia.indiatimes.com/business/platinum-rates-today "HTTP/1.1 200 OK"
2025-12-27 23:02:06,276 | INFO | httpx | HTTP Request: GET https://timesofindia.indiatimes.com/business/silver-rates-today "HTTP/1.1 200 OK"
2025-12-27 23:02:06,810 | INFO | httpx | HTTP Request: GET https://timesofindia.indiatimes.com/business/gold-rates-today "HTTP/1.1 200 OK"
2025-12-27 23:02:07,280 | INFO | httpx | HTTP Request: GET https://timesofindia.indiatimes.com/business/bank-holidays/is-bank-open-today "HTTP/1.1 200 OK"
2025-12-27 23:02:07,786 | INFO | httpx | HTTP Request: GET https://timesofindia.indiatimes.com/business/bank-holidays/is-bank-open-tomorrow "HTTP/1.1 200 OK"
2025-12-27 23:02:08,269 | INFO | httpx | HTTP Request: GET https://timesofindia.indiatimes.com/business/bank-holidays/december "HTTP/1.1 200 OK"
2025-12-27 23:02:08,755 | INFO | httpx | HTTP Request: GET https://timesofindia.indiatimes.com/india/public-holidays/december "HTTP/1.1 200 OK"
2025-12-27 23:02:10,020 | INFO | httpx | HTTP Request: GET https://timesofindia.indiatimes.com/technology/tech-news "HTTP/1.1 200 OK"
2025-12-27 23:02:10,633 | INFO | httpx | HTTP Request: GET https://timesofindia.indiatimes.com/sports/international-sports "HTTP/1.1 200 OK"
2025-12-27 23:02:11,103 | INFO | httpx | HTTP Request: GET https://timesofindia.indiatimes.com/india/public-holidays "HTTP/1.1 200 OK"
2025-12-27 23:02:11,602 | INFO | httpx | HTTP Request: GET https://timesofindia.indiatimes.com/business/bank-holidays "HTTP/1.1 200 OK"
2025-12-27 23:02:13,736 | INFO | __main__ | ✓ [1] Times of India Voices...
2025-12-27 23:02:14,211 | INFO | httpx | HTTP Request: GET https://www.indiatimes.com/termsandcondition "HTTP/1.1 200 OK"
2025-12-27 23:03:27,206 | INFO | httpx | HTTP Request: GET https://timesofindia.indiatimes.com/travel/destinations "HTTP/1.1 200 OK"
2025-12-27 23:03:29,110 | INFO | httpx | HTTP Request: GET https://timesofindia.indiatimes.com/sports "HTTP/1.1 200 OK"
2025-12-27 23:03:30,289 | INFO | httpx | HTTP Request: GET https://timesofindia.indiatimes.com/world "HTTP/1.1 200 OK"
2025-12-27 23:03:30,843 | INFO | httpx | HTTP Request: GET https://timesofindia.indiatimes.com/entertainment/hindi/bollywood/news "HTTP/1.1 200 OK"
2025-12-27 23:03:32,685 | INFO | httpx | HTTP Request: GET https://timesofindia.indiatimes.com/technology "HTTP/1.1 200 OK"
2025-12-27 23:03:33,168 | INFO | httpx | HTTP Request: GET https://timesofindia.indiatimes.com/travel "HTTP/1.1 301 Moved Permanently"
2025-12-27 23:03:33,649 | INFO | httpx | HTTP Request: GET https://timesofindia.indiatimes.com/travel/ "HTTP/1.1 200 OK"
2025-12-27 23:03:34,065 | INFO | httpx | HTTP Request: GET https://timesofindia.indiatimes.com/travel/ "HTTP/1.1 200 OK"
2025-12-27 23:03:35,877 | INFO | httpx | HTTP Request: GET https://timesofindia.indiatimes.com/astrology/chinese-horoscope/rat "HTTP/1.1 200 OK"
2025-12-27 23:03:37,045 | INFO | httpx | HTTP Request: GET https://timesofindia.indiatimes.com/weather "HTTP/1.1 200 OK"
2025-12-27 23:03:37,956 | INFO | httpx | HTTP Request: GET https://timesofindia.indiatimes.com/business/silver-rates-today "HTTP/1.1 200 OK"
2025-12-27 23:03:38,432 | INFO | httpx | HTTP Request: GET https://timesofindia.indiatimes.com/business/gold-rates-today "HTTP/1.1 200 OK"
2025-12-27 23:03:38,945 | INFO | httpx | HTTP Request: GET https://timesofindia.indiatimes.com/business/bank-holidays/is-bank-open-today "HTTP/1.1 200 OK"
2025-12-27 23:03:39,591 | INFO | httpx | HTTP Request: GET https://timesofindia.indiatimes.com/business/bank-holidays/is-bank-open-tomorrow "HTTP/1.1 200 OK"
2025-12-27 23:03:42,032 | INFO | httpx | HTTP Request: GET https://timesofindia.indiatimes.com/technology/tech-news "HTTP/1.1 200 OK"
2025-12-27 23:03:42,506 | INFO | httpx | HTTP Request: GET https://timesofindia.indiatimes.com/sports/international-sports "HTTP/1.1 200 OK"
2025-12-27 23:03:43,006 | INFO | httpx | HTTP Request: GET https://timesofindia.indiatimes.com/india/public-holidays "HTTP/1.1 200 OK"
2025-12-27 23:03:47,038 | INFO | __main__ | ✓ [1] Business News Today: Stock Markets, Financial News...
2025-12-27 23:03:47,845 | INFO | httpx | HTTP Request: GET https://timesofindia.indiatimes.com/us "HTTP/1.1 200 OK"
2025-12-27 23:03:48,600 | INFO | httpx | HTTP Request: GET https://navbharattimes.indiatimes.com/ "HTTP/1.1 200 OK"
2025-12-27 23:03:49,932 | INFO | httpx | HTTP Request: GET https://timesofindia.indiatimes.com/weather "HTTP/1.1 200 OK"
2025-12-27 23:03:50,440 | INFO | httpx | HTTP Request: GET https://timesofindia.indiatimes.com "HTTP/1.1 200 OK"
2025-12-27 23:03:50,954 | INFO | httpx | HTTP Request: GET https://timesofindia.indiatimes.com/business/markets "HTTP/1.1 200 OK"
2025-12-27 23:03:52,780 | INFO | httpx | HTTP Request: GET https://timesofindia.indiatimes.com/business/gold-rates-today "HTTP/1.1 200 OK"
2025-12-27 23:03:53,250 | INFO | httpx | HTTP Request: GET https://timesofindia.indiatimes.com/business/silver-rates-today "HTTP/1.1 200 OK"
2025-12-27 23:03:53,733 | INFO | httpx | HTTP Request: GET https://timesofindia.indiatimes.com/business/platinum-rates-today "HTTP/1.1 200 OK"
2025-12-27 23:03:56,271 | INFO | httpx | HTTP Request: GET https://timesofindia.indiatimes.com/business/financial-calculators "HTTP/1.1 200 OK"
2025-12-27 23:04:03,279 | INFO | httpx | HTTP Request: GET https://timesofindia.indiatimes.com/business/startups "HTTP/1.1 200 OK"
2025-12-27 23:04:03,757 | INFO | httpx | HTTP Request: GET https://timesofindia.indiatimes.com/videos/business "HTTP/1.1 200 OK"
2025-12-27 23:04:04,928 | INFO | httpx | HTTP Request: GET https://timesofindia.indiatimes.com/business/web-stories "HTTP/1.1 200 OK"
2025-12-27 23:04:05,435 | INFO | httpx | HTTP Request: GET https://timesofindia.indiatimes.com/RightToExcellence/Financial-Literacy-Summit "HTTP/1.1 200 OK"
2025-12-27 23:04:05,863 | INFO | httpx | HTTP Request: GET https://timesofindia.indiatimes.com/toi-plus "HTTP/1.1 200 OK"
2025-12-27 23:04:19,108 | INFO | httpx | HTTP Request: GET https://timesofindia.indiatimes.com/business/india-business/ifsc-bank-codes "HTTP/1.1 301 Moved Permanently"
2025-12-27 23:04:19,630 | INFO | httpx | HTTP Request: GET https://timesofindia.indiatimes.com/business/ifsc-code "HTTP/1.1 200 OK"
2025-12-27 23:04:20,083 | INFO | httpx | HTTP Request: GET https://timesofindia.indiatimes.com/business/ifsc-code "HTTP/1.1 200 OK"
2025-12-27 23:04:20,758 | INFO | httpx | HTTP Request: GET https://timesofindia.indiatimes.com/business/india-business/ifsc-bank-codes/params/ifsccode/bank-indian-bank "HTTP/1.1 301 Moved Permanently"
2025-12-27 23:04:22,014 | INFO | httpx | HTTP Request: GET https://timesofindia.indiatimes.com/business/india-business/ifsc-bank-codes/params/ifsccode/bank-union-bank-of-india "HTTP/1.1 301 Moved Permanently"
2025-12-27 23:04:24,024 | INFO | httpx | HTTP Request: GET https://timesofindia.indiatimes.com/business/india-business/ifsc-bank-codes/params/ifsccode/bank-punjab-national-bank "HTTP/1.1 301 Moved Permanently"
2025-12-27 23:04:25,354 | INFO | httpx | HTTP Request: GET https://timesofindia.indiatimes.com/business/india-business/ifsc-bank-codes/params/ifsccode/bank-kotak-mahindra-bank-limited "HTTP/1.1 301 Moved Permanently"
2025-12-27 23:04:26,686 | INFO | httpx | HTTP Request: GET https://timesofindia.indiatimes.com/business/india-business/ifsc-bank-codes/params/ifsccode/bank-citi-bank "HTTP/1.1 301 Moved Permanently"
2025-12-27 23:04:27,951 | INFO | httpx | HTTP Request: GET https://timesofindia.indiatimes.com/business/india-business/ifsc-bank-codes/params/ifsccode/bank-axis-bank "HTTP/1.1 301 Moved Permanently"
2025-12-27 23:04:29,246 | INFO | httpx | HTTP Request: GET https://timesofindia.indiatimes.com/business/india-business/ifsc-bank-codes/params/ifsccode/bank-bank-of-maharashtra "HTTP/1.1 301 Moved Permanently"
2025-12-27 23:04:30,474 | INFO | httpx | HTTP Request: GET https://timesofindia.indiatimes.com/business/india-business/ifsc-bank-codes/params/ifsccode/bank-canara-bank "HTTP/1.1 301 Moved Permanently"
2025-12-27 23:04:31,704 | INFO | httpx | HTTP Request: GET https://timesofindia.indiatimes.com/business/india-business/ifsc-bank-codes/params/ifsccode/bank-hdfc-bank "HTTP/1.1 301 Moved Permanently"
2025-12-27 23:04:32,933 | INFO | httpx | HTTP Request: GET https://timesofindia.indiatimes.com/business/india-business/ifsc-bank-codes/params/ifsccode/bank-state-bank-of-india "HTTP/1.1 301 Moved Permanently"
2025-12-27 23:04:34,191 | INFO | httpx | HTTP Request: GET https://timesofindia.indiatimes.com/business/india-business/ifsc-bank-codes/params/ifsccode/bank-icici-bank-limited "HTTP/1.1 301 Moved Permanently"
2025-12-27 23:04:35,928 | INFO | httpx | HTTP Request: GET https://timesofindia.indiatimes.com/business/bank-holidays/is-bank-open-tomorrow "HTTP/1.1 200 OK"
2025-12-27 23:04:36,392 | INFO | httpx | HTTP Request: GET https://timesofindia.indiatimes.com/topic/Aadhaar-card "HTTP/1.1 200 OK"
2025-12-27 23:04:36,855 | INFO | httpx | HTTP Request: GET https://timesofindia.indiatimes.com/business/bank-holidays/is-bank-open-today "HTTP/1.1 200 OK"
2025-12-27 23:04:37,315 | INFO | httpx | HTTP Request: GET https://timesofindia.indiatimes.com/business/bank-holidays/december "HTTP/1.1 200 OK"
2025-12-27 23:04:37,802 | INFO | httpx | HTTP Request: GET https://timesofindia.indiatimes.com/india/public-holidays/december "HTTP/1.1 200 OK"
2025-12-27 23:04:38,310 | INFO | httpx | HTTP Request: GET https://timesofindia.indiatimes.com/sports/cricket/icc-mens-t20-world-cup/schedule "HTTP/1.1 200 OK"
2025-12-27 23:04:40,612 | INFO | httpx | HTTP Request: GET https://timesofindia.indiatimes.com/tv/hindi "HTTP/1.1 200 OK"
2025-12-27 23:04:41,124 | INFO | httpx | HTTP Request: GET https://timesofindia.indiatimes.com/travel/destinations "HTTP/1.1 200 OK"
2025-12-27 23:04:42,600 | INFO | httpx | HTTP Request: GET https://gadgetsnow.indiatimes.com/?_gl=1%2Ah4drpd%2A_ga%2AMjAzNTc2Njg5OS4xNzI3MjUzODEz%2A_ga_FCN624MN68%2AMTczNzQ1MDg1OS4xMzIuMS4xNzM3NDUzMzIyLjU0LjAuMA.. "HTTP/1.1 200 OK"
2025-12-27 23:04:43,087 | INFO | httpx | HTTP Request: GET https://timesofindia.indiatimes.com/news "HTTP/1.1 200 OK"
2025-12-27 23:04:43,627 | INFO | httpx | HTTP Request: GET https://timesofindia.indiatimes.com/sports "HTTP/1.1 200 OK"
2025-12-27 23:04:44,132 | INFO | httpx | HTTP Request: GET https://timesofindia.indiatimes.com/india "HTTP/1.1 200 OK"
2025-12-27 23:04:44,601 | INFO | httpx | HTTP Request: GET https://timesofindia.indiatimes.com/world "HTTP/1.1 200 OK"
2025-12-27 23:04:45,169 | INFO | httpx | HTTP Request: GET https://timesofindia.indiatimes.com/entertainment/hindi/bollywood/news "HTTP/1.1 200 OK"
2025-12-27 23:04:46,992 | INFO | httpx | HTTP Request: GET https://timesofindia.indiatimes.com/technology "HTTP/1.1 200 OK"
2025-12-27 23:04:47,491 | INFO | httpx | HTTP Request: GET https://timesofindia.indiatimes.com/travel "HTTP/1.1 301 Moved Permanently"
2025-12-27 23:04:48,193 | INFO | httpx | HTTP Request: GET https://timesofindia.indiatimes.com/travel/ "HTTP/1.1 200 OK"
2025-12-27 23:04:48,703 | INFO | httpx | HTTP Request: GET https://timesofindia.indiatimes.com/travel/ "HTTP/1.1 200 OK"
2025-12-27 23:04:51,993 | INFO | httpx | HTTP Request: GET https://timesofindia.indiatimes.com/technology/tech-news "HTTP/1.1 200 OK"
2025-12-27 23:04:52,492 | INFO | httpx | HTTP Request: GET https://timesofindia.indiatimes.com/sports/international-sports "HTTP/1.1 200 OK"
2025-12-27 23:04:53,046 | INFO | httpx | HTTP Request: GET https://timesofindia.indiatimes.com/india/public-holidays "HTTP/1.1 200 OK"
2025-12-27 23:04:56,295 | INFO | __main__ | ✓ [1] Cricket News Today, Latest Cricket Updates, Cricke...
2025-12-27 23:04:56,772 | INFO | httpx | HTTP Request: GET https://timesofindia.indiatimes.com/ "HTTP/1.1 200 OK"
2025-12-27 23:04:57,366 | INFO | httpx | HTTP Request: GET https://timesofindia.indiatimes.com/us "HTTP/1.1 200 OK"
2025-12-27 23:04:58,002 | INFO | httpx | HTTP Request: GET https://navbharattimes.indiatimes.com/ "HTTP/1.1 200 OK"
2025-12-27 23:04:59,579 | INFO | httpx | HTTP Request: GET https://timesofindia.indiatimes.com/weather "HTTP/1.1 200 OK"
2025-12-27 23:05:00,098 | INFO | httpx | HTTP Request: GET https://timesofindia.indiatimes.com "HTTP/1.1 200 OK"
2025-12-27 23:05:02,114 | INFO | httpx | HTTP Request: GET https://timesofindia.indiatimes.com/sports/cricket/icc-mens-t20-world-cup/schedule "HTTP/1.1 200 OK"
2025-12-27 23:05:12,018 | INFO | httpx | HTTP Request: GET https://timesofindia.indiatimes.com/sports "HTTP/1.1 200 OK"
2025-12-27 23:05:25,003 | INFO | httpx | HTTP Request: GET https://www.indiatimes.com/termsandcondition "HTTP/1.1 200 OK"
2025-12-27 23:05:27,000 | INFO | httpx | HTTP Request: GET https://timesofindia.indiatimes.com/tv/hindi "HTTP/1.1 200 OK"
2025-12-27 23:05:27,523 | INFO | httpx | HTTP Request: GET https://timesofindia.indiatimes.com/travel/destinations "HTTP/1.1 200 OK"
2025-12-27 23:05:28,784 | INFO | httpx | HTTP Request: GET https://gadgetsnow.indiatimes.com/?_gl=1%2Ah4drpd%2A_ga%2AMjAzNTc2Njg5OS4xNzI3MjUzODEz%2A_ga_FCN624MN68%2AMTczNzQ1MDg1OS4xMzIuMS4xNzM3NDUzMzIyLjU0LjAuMA.. "HTTP/1.1 200 OK"
2025-12-27 23:05:29,601 | INFO | httpx | HTTP Request: GET https://timesofindia.indiatimes.com/india "HTTP/1.1 200 OK"
2025-12-27 23:05:30,094 | INFO | httpx | HTTP Request: GET https://timesofindia.indiatimes.com/world "HTTP/1.1 200 OK"
2025-12-27 23:05:30,616 | INFO | httpx | HTTP Request: GET https://timesofindia.indiatimes.com/entertainment/hindi/bollywood/news "HTTP/1.1 200 OK"
2025-12-27 23:05:31,751 | INFO | httpx | HTTP Request: GET https://timesofindia.indiatimes.com/tv "HTTP/1.1 200 OK"
2025-12-27 23:05:32,224 | INFO | httpx | HTTP Request: GET https://timesofindia.indiatimes.com/technology "HTTP/1.1 200 OK"
2025-12-27 23:05:32,744 | INFO | httpx | HTTP Request: GET https://timesofindia.indiatimes.com/travel "HTTP/1.1 301 Moved Permanently"
2025-12-27 23:05:34,136 | INFO | httpx | HTTP Request: GET https://timesofindia.indiatimes.com/astrology/chinese-horoscope/rat "HTTP/1.1 200 OK"
2025-12-27 23:05:34,688 | INFO | httpx | HTTP Request: GET https://timesofindia.indiatimes.com/business/markets "HTTP/1.1 200 OK"
2025-12-27 23:05:35,224 | INFO | httpx | HTTP Request: GET https://timesofindia.indiatimes.com/astrology "HTTP/1.1 200 OK"
2025-12-27 23:05:35,731 | INFO | httpx | HTTP Request: GET https://timesofindia.indiatimes.com/business/platinum-rates-today "HTTP/1.1 200 OK"
2025-12-27 23:05:36,258 | INFO | httpx | HTTP Request: GET https://timesofindia.indiatimes.com/business/silver-rates-today "HTTP/1.1 200 OK"
2025-12-27 23:05:36,724 | INFO | httpx | HTTP Request: GET https://timesofindia.indiatimes.com/business/gold-rates-today "HTTP/1.1 200 OK"
2025-12-27 23:05:37,534 | INFO | httpx | HTTP Request: GET https://timesofindia.indiatimes.com/business/bank-holidays/is-bank-open-tomorrow "HTTP/1.1 200 OK"
2025-12-27 23:05:38,012 | INFO | httpx | HTTP Request: GET https://timesofindia.indiatimes.com/business/bank-holidays/december "HTTP/1.1 200 OK"
2025-12-27 23:05:38,483 | INFO | httpx | HTTP Request: GET https://timesofindia.indiatimes.com/india/public-holidays/december "HTTP/1.1 200 OK"
2025-12-27 23:05:39,031 | INFO | httpx | HTTP Request: GET https://timesofindia.indiatimes.com/technology/tech-news "HTTP/1.1 200 OK"
2025-12-27 23:05:39,505 | INFO | httpx | HTTP Request: GET https://timesofindia.indiatimes.com/sports/international-sports "HTTP/1.1 200 OK"
2025-12-27 23:05:40,023 | INFO | httpx | HTTP Request: GET https://timesofindia.indiatimes.com/india/public-holidays "HTTP/1.1 200 OK"
2025-12-27 23:05:42,349 | INFO | __main__ | ✓ [1] Stock Market Holidays 2025 - Complete List of Shar...
2025-12-27 23:05:42,807 | INFO | httpx | HTTP Request: GET https://timesofindia.indiatimes.com/ "HTTP/1.1 200 OK"
2025-12-27 23:05:43,385 | INFO | httpx | HTTP Request: GET https://timesofindia.indiatimes.com/us "HTTP/1.1 200 OK"
2025-12-27 23:05:43,948 | INFO | httpx | HTTP Request: GET https://navbharattimes.indiatimes.com/ "HTTP/1.1 200 OK"
2025-12-27 23:05:45,342 | INFO | httpx | HTTP Request: GET https://timesofindia.indiatimes.com/weather "HTTP/1.1 200 OK"
2025-12-27 23:05:45,826 | INFO | httpx | HTTP Request: GET https://timesofindia.indiatimes.com "HTTP/1.1 200 OK"
2025-12-27 23:05:46,340 | INFO | httpx | HTTP Request: GET https://timesofindia.indiatimes.com/business/markets "HTTP/1.1 200 OK"
2025-12-27 23:05:46,814 | INFO | httpx | HTTP Request: GET https://timesofindia.indiatimes.com/business/mutual-funds "HTTP/1.1 200 OK"
2025-12-27 23:05:47,273 | INFO | httpx | HTTP Request: GET https://timesofindia.indiatimes.com/business/infrastructure "HTTP/1.1 200 OK"
2025-12-27 23:05:47,757 | INFO | httpx | HTTP Request: GET https://timesofindia.indiatimes.com/business/gold-rates-today "HTTP/1.1 200 OK"
2025-12-27 23:05:48,228 | INFO | httpx | HTTP Request: GET https://timesofindia.indiatimes.com/business/silver-rates-today "HTTP/1.1 200 OK"
2025-12-27 23:05:48,699 | INFO | httpx | HTTP Request: GET https://timesofindia.indiatimes.com/business/platinum-rates-today "HTTP/1.1 200 OK"
2025-12-27 23:05:49,169 | INFO | httpx | HTTP Request: GET https://timesofindia.indiatimes.com/business/financial-literacy "HTTP/1.1 200 OK"
2025-12-27 23:05:49,657 | INFO | httpx | HTTP Request: GET https://timesofindia.indiatimes.com/business/dontgetscammed "HTTP/1.1 200 OK"
2025-12-27 23:05:50,146 | INFO | httpx | HTTP Request: GET https://timesofindia.indiatimes.com/business/india-business "HTTP/1.1 200 OK"
2025-12-27 23:05:50,626 | INFO | httpx | HTTP Request: GET https://timesofindia.indiatimes.com/business/financial-calculators "HTTP/1.1 200 OK"
2025-12-27 23:05:51,114 | INFO | httpx | HTTP Request: GET https://timesofindia.indiatimes.com/business/international-business "HTTP/1.1 200 OK"
2025-12-27 23:05:51,602 | INFO | httpx | HTTP Request: GET https://timesofindia.indiatimes.com/business/cybersecurity "HTTP/1.1 200 OK"
2025-12-27 23:05:52,857 | INFO | httpx | HTTP Request: GET https://timesofindia.indiatimes.com/business/budget "HTTP/1.1 200 OK"
2025-12-27 23:05:54,719 | INFO | httpx | HTTP Request: GET https://timesofindia.indiatimes.com/business/credit-score-calculator-and-credit-card "HTTP/1.1 200 OK"
2025-12-27 23:05:55,183 | INFO | httpx | HTTP Request: GET https://timesofindia.indiatimes.com/business/personal-finance "HTTP/1.1 200 OK"
2025-12-27 23:05:55,663 | INFO | httpx | HTTP Request: GET https://timesofindia.indiatimes.com/business/india-business/sensex "HTTP/1.1 200 OK"
2025-12-27 23:05:57,200 | INFO | httpx | HTTP Request: GET https://timesofindia.indiatimes.com/videos/business "HTTP/1.1 200 OK"
2025-12-27 23:05:58,540 | INFO | httpx | HTTP Request: GET https://timesofindia.indiatimes.com/business/web-stories "HTTP/1.1 200 OK"
2025-12-27 23:05:59,028 | INFO | httpx | HTTP Request: GET https://timesofindia.indiatimes.com/RightToExcellence/Financial-Literacy-Summit "HTTP/1.1 200 OK"
2025-12-27 23:06:02,190 | INFO | httpx | HTTP Request: GET https://timesofindia.indiatimes.com/business/bank-holidays "HTTP/1.1 200 OK"
2025-12-27 23:06:02,771 | INFO | httpx | HTTP Request: GET https://timesofindia.indiatimes.com/india/public-holidays "HTTP/1.1 200 OK"
2025-12-27 23:06:09,333 | INFO | httpx | HTTP Request: GET https://timesofindia.indiatimes.com/business/bank-holidays/september "HTTP/1.1 200 OK"
2025-12-27 23:06:10,808 | INFO | httpx | HTTP Request: GET https://timesofindia.indiatimes.com/business/bank-holidays/december "HTTP/1.1 200 OK"
2025-12-27 23:06:40,728 | INFO | httpx | HTTP Request: GET https://timesofindia.indiatimes.com/india/public-holidays/september "HTTP/1.1 200 OK"
2025-12-27 23:06:42,719 | INFO | httpx | HTTP Request: GET https://timesofindia.indiatimes.com/india/public-holidays/december "HTTP/1.1 200 OK"
2025-12-27 23:07:07,549 | INFO | httpx | HTTP Request: GET https://timesofindia.indiatimes.com/business/financial-calculators/emi-calculator "HTTP/1.1 200 OK"
2025-12-27 23:07:08,007 | INFO | httpx | HTTP Request: GET https://timesofindia.indiatimes.com/business/financial-calculators/sip-calculator "HTTP/1.1 200 OK"
2025-12-27 23:07:11,318 | INFO | httpx | HTTP Request: GET https://timesofindia.indiatimes.com/sports/cricket/icc-mens-t20-world-cup/schedule "HTTP/1.1 200 OK"
2025-12-27 23:07:11,794 | INFO | httpx | HTTP Request: GET https://www.indiatimes.com/termsandcondition "HTTP/1.1 200 OK"
2025-12-27 23:07:13,192 | INFO | httpx | HTTP Request: GET https://timesofindia.indiatimes.com/life-style/food-news "HTTP/1.1 200 OK"
2025-12-27 23:07:16,777 | INFO | httpx | HTTP Request: GET https://timesofindia.indiatimes.com/sports "HTTP/1.1 200 OK"
2025-12-27 23:07:17,297 | INFO | httpx | HTTP Request: GET https://timesofindia.indiatimes.com/india "HTTP/1.1 200 OK"
2025-12-27 23:07:17,760 | INFO | httpx | HTTP Request: GET https://timesofindia.indiatimes.com/world "HTTP/1.1 200 OK"
2025-12-27 23:07:18,409 | INFO | httpx | HTTP Request: GET https://timesofindia.indiatimes.com/entertainment/hindi/bollywood/news "HTTP/1.1 200 OK"
2025-12-27 23:07:19,976 | INFO | httpx | HTTP Request: GET https://timesofindia.indiatimes.com/technology "HTTP/1.1 200 OK"
2025-12-27 23:07:20,615 | INFO | httpx | HTTP Request: GET https://timesofindia.indiatimes.com/travel "HTTP/1.1 301 Moved Permanently"
2025-12-27 23:07:21,087 | INFO | httpx | HTTP Request: GET https://timesofindia.indiatimes.com/travel/ "HTTP/1.1 200 OK"
2025-12-27 23:07:21,591 | INFO | httpx | HTTP Request: GET https://timesofindia.indiatimes.com/travel/ "HTTP/1.1 200 OK"
2025-12-27 23:07:22,752 | INFO | httpx | HTTP Request: GET https://timesofindia.indiatimes.com/astrology/chinese-horoscope/rat "HTTP/1.1 200 OK"
2025-12-27 23:07:23,350 | INFO | httpx | HTTP Request: GET https://timesofindia.indiatimes.com/astrology "HTTP/1.1 200 OK"
2025-12-27 23:07:23,907 | INFO | httpx | HTTP Request: GET https://timesofindia.indiatimes.com/business/bank-holidays/is-bank-open-today "HTTP/1.1 200 OK"
2025-12-27 23:07:24,478 | INFO | httpx | HTTP Request: GET https://timesofindia.indiatimes.com/business/bank-holidays/is-bank-open-tomorrow "HTTP/1.1 200 OK"
2025-12-27 23:07:25,727 | INFO | httpx | HTTP Request: GET https://timesofindia.indiatimes.com/technology/tech-news "HTTP/1.1 200 OK"
2025-12-27 23:07:28,788 | INFO | __main__ | ✓ [1] Vadodara News: Latest Headlines, Breaking News & U...
2025-12-27 23:07:29,266 | INFO | httpx | HTTP Request: GET https://timesofindia.indiatimes.com/ "HTTP/1.1 200 OK"
2025-12-27 23:07:30,140 | INFO | httpx | HTTP Request: GET https://timesofindia.indiatimes.com/us "HTTP/1.1 200 OK"
2025-12-27 23:07:31,069 | INFO | httpx | HTTP Request: GET https://marathi.indiatimes.com/ "HTTP/1.1 301 Moved Permanently"
2025-12-27 23:07:31,444 | INFO | httpx | HTTP Request: GET https://maharashtratimes.com/ "HTTP/1.1 200 OK"
2025-12-27 23:07:32,870 | INFO | httpx | HTTP Request: GET https://timesofindia.indiatimes.com/weather "HTTP/1.1 200 OK"
2025-12-27 23:07:33,426 | INFO | httpx | HTTP Request: GET https://timesofindia.indiatimes.com "HTTP/1.1 200 OK"
2025-12-27 23:07:52,727 | INFO | httpx | HTTP Request: GET https://timesofindia.indiatimes.com/city/hubli "HTTP/1.1 200 OK"
2025-12-27 23:08:24,748 | INFO | httpx | HTTP Request: GET https://timesofindia.indiatimes.com/city/vadodara/3 "HTTP/1.1 200 OK"
2025-12-27 23:08:38,276 | INFO | httpx | HTTP Request: GET https://timesofindia.indiatimes.com/sports/cricket/icc-mens-t20-world-cup/schedule "HTTP/1.1 200 OK"
2025-12-27 23:08:38,779 | INFO | httpx | HTTP Request: GET https://www.indiatimes.com/termsandcondition "HTTP/1.1 200 OK"
2025-12-27 23:08:41,519 | INFO | httpx | HTTP Request: GET https://gadgetsnow.indiatimes.com/?_gl=1%2Ah4drpd%2A_ga%2AMjAzNTc2Njg5OS4xNzI3MjUzODEz%2A_ga_FCN624MN68%2AMTczNzQ1MDg1OS4xMzIuMS4xNzM3NDUzMzIyLjU0LjAuMA.. "HTTP/1.1 200 OK"
2025-12-27 23:08:42,766 | INFO | httpx | HTTP Request: GET https://timesofindia.indiatimes.com/sports "HTTP/1.1 200 OK"
2025-12-27 23:08:44,966 | INFO | httpx | HTTP Request: GET https://timesofindia.indiatimes.com/entertainment/hindi/bollywood/news "HTTP/1.1 200 OK"
2025-12-27 23:08:47,758 | INFO | httpx | HTTP Request: GET https://timesofindia.indiatimes.com/travel "HTTP/1.1 301 Moved Permanently"
2025-12-27 23:08:49,389 | INFO | httpx | HTTP Request: GET https://timesofindia.indiatimes.com/astrology/chinese-horoscope/rat "HTTP/1.1 200 OK"
2025-12-27 23:08:50,876 | INFO | httpx | HTTP Request: GET https://timesofindia.indiatimes.com/astrology "HTTP/1.1 200 OK"
2025-12-27 23:08:51,419 | INFO | httpx | HTTP Request: GET https://timesofindia.indiatimes.com/business/platinum-rates-today "HTTP/1.1 200 OK"
2025-12-27 23:08:52,725 | INFO | httpx | HTTP Request: GET https://timesofindia.indiatimes.com/business/gold-rates-today "HTTP/1.1 200 OK"
2025-12-27 23:08:56,162 | INFO | httpx | HTTP Request: GET https://timesofindia.indiatimes.com/sports/nfl/schedule "HTTP/1.1 200 OK"
2025-12-27 23:08:57,467 | INFO | httpx | HTTP Request: GET https://timesofindia.indiatimes.com/sports/international-sports "HTTP/1.1 200 OK"
2025-12-27 23:08:58,808 | INFO | httpx | HTTP Request: GET https://timesofindia.indiatimes.com/business/bank-holidays "HTTP/1.1 200 OK"
2025-12-27 23:09:00,695 | INFO | __main__ | ✓ [1] Kolhapur News Today: Latest Updates, Crime & Rain ...
2025-12-27 23:09:00,695 | INFO | __main__ | Max pages reached
2025-12-27 23:09:00,695 | INFO | __main__ | Deep crawling: https://www.hindustantimes.com/
2025-12-27 23:09:00,695 | INFO | crawler.core_engine | Starting deep crawl from: https://www.hindustantimes.com/
2025-12-27 23:09:00,720 | INFO | __main__ | ✓ [0] Latest News: Today’s News Headlines, Breaking News...
2025-12-27 23:09:00,720 | INFO | __main__ | Max pages reached
2025-12-27 23:09:00,720 | INFO | __main__ | Deep crawling: https://indianexpress.com/
2025-12-27 23:09:00,720 | INFO | crawler.core_engine | Starting deep crawl from: https://indianexpress.com/
2025-12-27 23:09:00,763 | INFO | __main__ | ✓ [0] Latest News Today: Breaking News and Top Headlines...
2025-12-27 23:09:00,763 | INFO | __main__ | Max pages reached
2025-12-27 23:09:00,877 | INFO | __main__ | Session 20251227_225713 completed: 12 successful, 0 failed, 0 duplicates, duration: 0:11:47.851414
2025-12-27 23:12:51,036 | INFO | __main__ | Started session: 20251227_231251 (mode: deep_crawl)
2025-12-27 23:12:51,037 | INFO | __main__ | Starting deep crawl from 3 seeds
2025-12-27 23:12:51,424 | INFO | __main__ | Deep crawling: https://timesofindia.indiatimes.com/
2025-12-27 23:12:51,424 | INFO | crawler.core_engine | Starting deep crawl from: https://timesofindia.indiatimes.com/
2025-12-27 23:12:52,655 | INFO | __main__ | ✓ [0] TOI - Breaking News,  Latest News, India News, Wor...
2025-12-27 23:12:53,236 | INFO | httpx | HTTP Request: GET https://timesofindia.indiatimes.com/ "HTTP/1.1 200 OK"
2025-12-27 23:12:53,838 | INFO | httpx | HTTP Request: GET https://timesofindia.indiatimes.com/us "HTTP/1.1 200 OK"
2025-12-27 23:12:54,387 | INFO | httpx | HTTP Request: GET https://navbharattimes.indiatimes.com/ "HTTP/1.1 200 OK"
2025-12-27 23:12:55,138 | INFO | httpx | HTTP Request: GET https://marathi.indiatimes.com/ "HTTP/1.1 301 Moved Permanently"
2025-12-27 23:12:55,476 | INFO | httpx | HTTP Request: GET https://maharashtratimes.com/ "HTTP/1.1 200 OK"
2025-12-27 23:12:55,865 | INFO | httpx | HTTP Request: GET https://maharashtratimes.com/ "HTTP/1.1 200 OK"
2025-12-27 23:12:57,683 | INFO | httpx | HTTP Request: GET https://timesofindia.indiatimes.com "HTTP/1.1 200 OK"
2025-12-27 23:12:58,271 | INFO | httpx | HTTP Request: GET https://timesofindia.indiatimes.com/toi-plus "HTTP/1.1 200 OK"
2025-12-27 23:12:59,406 | INFO | httpx | HTTP Request: GET https://timesofindia.indiatimes.com/videos "HTTP/1.1 200 OK"
2025-12-27 23:13:15,755 | INFO | httpx | HTTP Request: GET https://timesofindia.indiatimes.com/city/goa "HTTP/1.1 200 OK"
2025-12-27 23:13:56,118 | INFO | __main__ | Started session: 20251227_231356 (mode: deep_crawl)
2025-12-27 23:13:56,118 | INFO | __main__ | Starting deep crawl from 3 seeds
2025-12-27 23:13:56,494 | INFO | __main__ | Deep crawling: https://timesofindia.indiatimes.com/
2025-12-27 23:13:56,495 | INFO | crawler.core_engine | Starting deep crawl from: https://timesofindia.indiatimes.com/
2025-12-27 23:13:58,164 | INFO | __main__ | ✓ [0] TOI - Breaking News,  Latest News, India News, Wor...
2025-12-27 23:13:58,782 | INFO | httpx | HTTP Request: GET https://timesofindia.indiatimes.com/ "HTTP/1.1 200 OK"
2025-12-27 23:13:59,451 | INFO | httpx | HTTP Request: GET https://timesofindia.indiatimes.com/us "HTTP/1.1 200 OK"
2025-12-27 23:14:01,994 | INFO | httpx | HTTP Request: GET https://timesofindia.indiatimes.com "HTTP/1.1 200 OK"
2025-12-27 23:14:03,227 | INFO | httpx | HTTP Request: GET https://timesofindia.indiatimes.com/games "HTTP/1.1 200 OK"
2025-12-27 23:14:03,801 | INFO | httpx | HTTP Request: GET https://timesofindia.indiatimes.com/videos "HTTP/1.1 200 OK"
2025-12-27 23:14:05,297 | INFO | httpx | HTTP Request: GET https://timesofindia.indiatimes.com/city/mumbai "HTTP/1.1 200 OK"
2025-12-27 23:14:20,675 | INFO | httpx | HTTP Request: GET https://timesofindia.indiatimes.com/city/ghaziabad "HTTP/1.1 200 OK"
2025-12-27 23:14:21,190 | INFO | httpx | HTTP Request: GET https://timesofindia.indiatimes.com/city/goa "HTTP/1.1 200 OK"
2025-12-27 23:14:21,663 | INFO | httpx | HTTP Request: GET https://timesofindia.indiatimes.com/city/gurgaon "HTTP/1.1 200 OK"
2025-12-27 23:14:22,145 | INFO | httpx | HTTP Request: GET https://timesofindia.indiatimes.com/city/guwahati "HTTP/1.1 200 OK"
2025-12-27 23:14:22,753 | INFO | httpx | HTTP Request: GET https://timesofindia.indiatimes.com/city/hubli "HTTP/1.1 200 OK"
2025-12-27 23:14:24,008 | INFO | httpx | HTTP Request: GET https://timesofindia.indiatimes.com/city/indore "HTTP/1.1 200 OK"
2025-12-27 23:14:24,472 | INFO | httpx | HTTP Request: GET https://timesofindia.indiatimes.com/city/itanagar "HTTP/1.1 200 OK"
2025-12-27 23:14:26,294 | INFO | httpx | HTTP Request: GET https://timesofindia.indiatimes.com/city/jamshedpur "HTTP/1.1 200 OK"
2025-12-27 23:14:28,172 | INFO | httpx | HTTP Request: GET https://timesofindia.indiatimes.com/city/kochi "HTTP/1.1 200 OK"
2025-12-27 23:14:28,651 | INFO | httpx | HTTP Request: GET https://timesofindia.indiatimes.com/city/kohima "HTTP/1.1 200 OK"
2025-12-27 23:14:29,873 | INFO | httpx | HTTP Request: GET https://timesofindia.indiatimes.com/city/kozhikode "HTTP/1.1 200 OK"
2025-12-27 23:14:31,395 | INFO | httpx | HTTP Request: GET https://timesofindia.indiatimes.com/city/madurai "HTTP/1.1 200 OK"
2025-12-27 23:14:32,632 | INFO | httpx | HTTP Request: GET https://timesofindia.indiatimes.com/city/meerut "HTTP/1.1 200 OK"
2025-12-27 23:14:33,953 | INFO | httpx | HTTP Request: GET https://timesofindia.indiatimes.com/city/nagpur "HTTP/1.1 200 OK"
2025-12-27 23:14:35,244 | INFO | httpx | HTTP Request: GET https://timesofindia.indiatimes.com/city/navi-mumbai "HTTP/1.1 200 OK"
2025-12-27 23:14:35,708 | INFO | httpx | HTTP Request: GET https://timesofindia.indiatimes.com/city/noida "HTTP/1.1 200 OK"
2025-12-27 23:14:51,472 | INFO | httpx | HTTP Request: GET https://timesofindia.indiatimes.com/india "HTTP/1.1 200 OK"
2025-12-27 23:15:20,723 | INFO | httpx | HTTP Request: GET https://timesofindia.indiatimes.com/web-series/news "HTTP/1.1 200 OK"
2025-12-27 23:15:22,198 | INFO | httpx | HTTP Request: GET https://timesofindia.indiatimes.com/blogs "HTTP/1.1 301 Moved Permanently"
2025-12-27 23:15:22,534 | INFO | httpx | HTTP Request: GET http://timesofindia.indiatimes.com/blogs/ "HTTP/1.1 301 Moved Permanently"
2025-12-27 23:15:22,942 | INFO | httpx | HTTP Request: GET https://timesofindia.indiatimes.com/blogs/ "HTTP/1.1 200 OK"
2025-12-27 23:15:23,370 | INFO | httpx | HTTP Request: GET https://timesofindia.indiatimes.com/blogs/ "HTTP/1.1 200 OK"
2025-12-27 23:15:24,496 | INFO | httpx | HTTP Request: GET https://timesofindia.indiatimes.com/toi/firststepbypronamel "HTTP/1.1 200 OK"
2025-12-27 23:15:26,925 | INFO | httpx | HTTP Request: GET https://timesofindia.indiatimes.com/games/connect/today "HTTP/1.1 200 OK"
2025-12-27 23:15:27,408 | INFO | httpx | HTTP Request: GET https://timesofindia.indiatimes.com/games/loop-a-loop/today "HTTP/1.1 200 OK"
2025-12-27 23:15:27,875 | INFO | httpx | HTTP Request: GET https://timesofindia.indiatimes.com/games/location-guesser/today "HTTP/1.1 200 OK"
2025-12-27 23:15:34,336 | INFO | httpx | HTTP Request: GET https://timesofindia.indiatimes.com/topic/Donald-Trump "HTTP/1.1 200 OK"
2025-12-27 23:15:34,803 | INFO | httpx | HTTP Request: GET https://timesofindia.indiatimes.com/topic/Elon-Musk "HTTP/1.1 200 OK"
2025-12-27 23:15:37,624 | INFO | httpx | HTTP Request: GET https://timesofindia.indiatimes.com/life-style/fashion "HTTP/1.1 200 OK"
2025-12-27 23:15:40,889 | INFO | httpx | HTTP Request: GET https://timesofindia.indiatimes.com/etimes/trending "HTTP/1.1 200 OK"
2025-12-27 23:15:42,820 | INFO | httpx | HTTP Request: GET https://timesofindia.indiatimes.com/entertainment/hindi/movie-reviews "HTTP/1.1 200 OK"
2025-12-27 23:15:43,347 | INFO | httpx | HTTP Request: GET https://timesofindia.indiatimes.com/entertainment/music "HTTP/1.1 200 OK"
2025-12-27 23:15:45,627 | INFO | httpx | HTTP Request: GET https://timesofindia.indiatimes.com/entertainment/hindi/bollywood/top-20-best-bollywood-movies-of-2025 "HTTP/1.1 200 OK"
2025-12-27 23:15:46,320 | INFO | httpx | HTTP Request: GET https://timesofindia.indiatimes.com/entertainment/english/hollywood/top-20-best-hollywood-movies-of-2025 "HTTP/1.1 200 OK"
2025-12-27 23:15:46,801 | INFO | httpx | HTTP Request: GET https://timesofindia.indiatimes.com/entertainment/tamil/kollywood/top-20-best-tamil-movies-of-2025 "HTTP/1.1 200 OK"
2025-12-27 23:15:47,344 | INFO | httpx | HTTP Request: GET https://timesofindia.indiatimes.com/entertainment/telugu/tollywood/top-20-best-telugu-movies-of-2025 "HTTP/1.1 200 OK"
2025-12-27 23:15:47,880 | INFO | httpx | HTTP Request: GET https://timesofindia.indiatimes.com/entertainment/malayalam/mollywood/top-20-best-malayalam-movies-of-2025 "HTTP/1.1 200 OK"
2025-12-27 23:15:48,406 | INFO | httpx | HTTP Request: GET https://timesofindia.indiatimes.com/entertainment/kannada/movies/top-20-best-kannada-movies-of-2025 "HTTP/1.1 200 OK"
2025-12-27 23:15:51,591 | INFO | httpx | HTTP Request: GET https://timesofindia.indiatimes.com/business/gold-rates-today "HTTP/1.1 200 OK"
2025-12-27 23:15:52,361 | INFO | httpx | HTTP Request: GET https://gadgetsnow.indiatimes.com/mobile-phones "HTTP/1.1 200 OK"
2025-12-27 23:15:55,230 | INFO | httpx | HTTP Request: GET https://www.indiatimes.com/termsandcondition "HTTP/1.1 200 OK"
2025-12-27 23:15:55,925 | INFO | httpx | HTTP Request: GET https://timesofindia.indiatimes.com/life-style/food-news "HTTP/1.1 200 OK"
2025-12-27 23:15:57,643 | INFO | httpx | HTTP Request: GET https://timesofindia.indiatimes.com/entertainment/hindi/bollywood/news "HTTP/1.1 200 OK"
2025-12-27 23:15:58,807 | INFO | httpx | HTTP Request: GET https://timesofindia.indiatimes.com/travel "HTTP/1.1 301 Moved Permanently"
2025-12-27 23:15:59,336 | INFO | httpx | HTTP Request: GET https://timesofindia.indiatimes.com/travel/ "HTTP/1.1 200 OK"
2025-12-27 23:15:59,799 | INFO | httpx | HTTP Request: GET https://timesofindia.indiatimes.com/travel/ "HTTP/1.1 200 OK"
2025-12-27 23:16:02,980 | INFO | httpx | HTTP Request: GET https://timesofindia.indiatimes.com/business/platinum-rates-today "HTTP/1.1 200 OK"
2025-12-27 23:16:03,448 | INFO | httpx | HTTP Request: GET https://timesofindia.indiatimes.com/business/silver-rates-today "HTTP/1.1 200 OK"
2025-12-27 23:16:09,626 | INFO | __main__ | ✓ [1] Ghaziabad News - Latest Headlines & Live Updates |...
2025-12-27 23:16:11,045 | INFO | httpx | HTTP Request: GET https://navbharattimes.indiatimes.com/ "HTTP/1.1 200 OK"
2025-12-27 23:16:11,574 | INFO | httpx | HTTP Request: GET https://marathi.indiatimes.com/ "HTTP/1.1 301 Moved Permanently"
2025-12-27 23:16:11,873 | INFO | httpx | HTTP Request: GET https://maharashtratimes.com/ "HTTP/1.1 200 OK"
2025-12-27 23:16:13,231 | INFO | httpx | HTTP Request: GET https://timesofindia.indiatimes.com/weather "HTTP/1.1 200 OK"
2025-12-27 23:16:13,747 | INFO | httpx | HTTP Request: GET https://timesofindia.indiatimes.com "HTTP/1.1 200 OK"
2025-12-27 23:16:14,280 | INFO | httpx | HTTP Request: GET https://timesofindia.indiatimes.com/city "HTTP/1.1 200 OK"
2025-12-27 23:16:14,748 | INFO | httpx | HTTP Request: GET https://timesofindia.indiatimes.com/city/delhi "HTTP/1.1 200 OK"
2025-12-27 23:16:15,260 | INFO | httpx | HTTP Request: GET https://timesofindia.indiatimes.com/city/bangalore "HTTP/1.1 200 OK"
2025-12-27 23:16:16,499 | INFO | httpx | HTTP Request: GET https://timesofindia.indiatimes.com/city/chennai "HTTP/1.1 200 OK"
2025-12-27 23:16:17,915 | INFO | httpx | HTTP Request: GET https://timesofindia.indiatimes.com/city/agartala "HTTP/1.1 200 OK"
2025-12-27 23:16:18,930 | INFO | httpx | HTTP Request: GET https://timesofindia.indiatimes.com/city/ajmer "HTTP/1.1 200 OK"
2025-12-27 23:16:19,420 | INFO | httpx | HTTP Request: GET https://timesofindia.indiatimes.com/city/amaravati "HTTP/1.1 200 OK"
2025-12-27 23:16:19,910 | INFO | httpx | HTTP Request: GET https://timesofindia.indiatimes.com/city/amritsar "HTTP/1.1 200 OK"
2025-12-27 23:16:20,774 | INFO | httpx | HTTP Request: GET https://timesofindia.indiatimes.com/city/bhubaneswar "HTTP/1.1 200 OK"
2025-12-27 23:16:21,381 | INFO | httpx | HTTP Request: GET https://timesofindia.indiatimes.com/city/bhopal "HTTP/1.1 200 OK"
2025-12-27 23:16:22,636 | INFO | httpx | HTTP Request: GET https://timesofindia.indiatimes.com/city/aurangabad "HTTP/1.1 200 OK"
2025-12-27 23:16:24,506 | INFO | httpx | HTTP Request: GET https://timesofindia.indiatimes.com/city/dehradun "HTTP/1.1 200 OK"
2025-12-27 23:16:33,473 | INFO | httpx | HTTP Request: GET https://timesofindia.indiatimes.com/city/lucknow "HTTP/1.1 200 OK"
2025-12-27 23:16:33,983 | INFO | httpx | HTTP Request: GET https://timesofindia.indiatimes.com/city/madurai "HTTP/1.1 200 OK"
2025-12-27 23:16:34,480 | INFO | httpx | HTTP Request: GET https://timesofindia.indiatimes.com/city/mangalore "HTTP/1.1 200 OK"
2025-12-27 23:16:34,981 | INFO | httpx | HTTP Request: GET https://timesofindia.indiatimes.com/city/meerut "HTTP/1.1 200 OK"
2025-12-27 23:16:35,507 | INFO | httpx | HTTP Request: GET https://timesofindia.indiatimes.com/city/mysore "HTTP/1.1 200 OK"
2025-12-27 23:16:35,956 | INFO | httpx | HTTP Request: GET https://timesofindia.indiatimes.com/city/nagpur "HTTP/1.1 200 OK"
2025-12-27 23:16:36,427 | INFO | httpx | HTTP Request: GET https://timesofindia.indiatimes.com/city/nashik "HTTP/1.1 200 OK"
2025-12-27 23:16:36,915 | INFO | httpx | HTTP Request: GET https://timesofindia.indiatimes.com/city/noida "HTTP/1.1 200 OK"
2025-12-27 23:16:37,379 | INFO | httpx | HTTP Request: GET https://timesofindia.indiatimes.com/city/patna "HTTP/1.1 200 OK"
2025-12-27 23:16:37,849 | INFO | httpx | HTTP Request: GET https://timesofindia.indiatimes.com/city/allahabad "HTTP/1.1 200 OK"
2025-12-27 23:16:41,030 | INFO | httpx | HTTP Request: GET https://timesofindia.indiatimes.com/city/ranchi "HTTP/1.1 200 OK"
2025-12-27 23:16:41,508 | INFO | httpx | HTTP Request: GET https://timesofindia.indiatimes.com/city/thane "HTTP/1.1 200 OK"
2025-12-27 23:16:43,013 | INFO | httpx | HTTP Request: GET https://timesofindia.indiatimes.com/city/shimla "HTTP/1.1 200 OK"
2025-12-27 23:16:43,474 | INFO | httpx | HTTP Request: GET https://timesofindia.indiatimes.com/city/srinagar "HTTP/1.1 200 OK"
2025-12-27 23:16:44,642 | INFO | httpx | HTTP Request: GET https://timesofindia.indiatimes.com/city/trichy "HTTP/1.1 200 OK"
2025-12-27 23:16:45,124 | INFO | httpx | HTTP Request: GET https://timesofindia.indiatimes.com/city/thiruvananthapuram "HTTP/1.1 200 OK"
2025-12-27 23:16:45,925 | INFO | httpx | HTTP Request: GET https://timesofindia.indiatimes.com/city/vadodara "HTTP/1.1 200 OK"
2025-12-27 23:16:46,409 | INFO | httpx | HTTP Request: GET https://timesofindia.indiatimes.com/city/varanasi "HTTP/1.1 200 OK"
2025-12-27 23:16:46,871 | INFO | httpx | HTTP Request: GET https://timesofindia.indiatimes.com/city/vijayawada "HTTP/1.1 200 OK"
2025-12-27 23:16:47,358 | INFO | httpx | HTTP Request: GET https://timesofindia.indiatimes.com/city/visakhapatnam "HTTP/1.1 200 OK"
2025-12-27 23:16:48,527 | INFO | httpx | HTTP Request: GET https://timesofindia.indiatimes.com/city/web-stories "HTTP/1.1 200 OK"
2025-12-27 23:16:50,972 | INFO | httpx | HTTP Request: GET https://timesofindia.indiatimes.com/city/ghaziabad/0 "HTTP/1.1 301 Moved Permanently"
2025-12-27 23:16:51,379 | INFO | httpx | HTTP Request: GET https://timesofindia.indiatimes.com/city/ghaziabad "HTTP/1.1 200 OK"
2025-12-27 23:16:51,864 | INFO | httpx | HTTP Request: GET https://timesofindia.indiatimes.com/city/ghaziabad "HTTP/1.1 200 OK"
2025-12-27 23:16:52,385 | INFO | httpx | HTTP Request: GET https://timesofindia.indiatimes.com/city/ghaziabad/1 "HTTP/1.1 301 Moved Permanently"
2025-12-27 23:16:52,772 | INFO | httpx | HTTP Request: GET https://timesofindia.indiatimes.com/city/ghaziabad "HTTP/1.1 200 OK"
2025-12-27 23:16:53,244 | INFO | httpx | HTTP Request: GET https://timesofindia.indiatimes.com/city/ghaziabad "HTTP/1.1 200 OK"
2025-12-27 23:16:58,328 | INFO | httpx | HTTP Request: GET https://timesofindia.indiatimes.com/tv/hindi "HTTP/1.1 200 OK"
2025-12-27 23:17:12,808 | INFO | httpx | HTTP Request: GET https://gadgetsnow.indiatimes.com/?_gl=1%2Ah4drpd%2A_ga%2AMjAzNTc2Njg5OS4xNzI3MjUzODEz%2A_ga_FCN624MN68%2AMTczNzQ1MDg1OS4xMzIuMS4xNzM3NDUzMzIyLjU0LjAuMA.. "HTTP/1.1 200 OK"
2025-12-27 23:17:14,059 | INFO | httpx | HTTP Request: GET https://timesofindia.indiatimes.com/sports "HTTP/1.1 200 OK"
2025-12-27 23:17:14,578 | INFO | httpx | HTTP Request: GET https://timesofindia.indiatimes.com/business "HTTP/1.1 200 OK"
2025-12-27 23:17:15,076 | INFO | httpx | HTTP Request: GET https://timesofindia.indiatimes.com/india "HTTP/1.1 200 OK"
2025-12-27 23:17:15,593 | INFO | httpx | HTTP Request: GET https://timesofindia.indiatimes.com/world "HTTP/1.1 200 OK"
2025-12-27 23:17:16,114 | INFO | httpx | HTTP Request: GET https://timesofindia.indiatimes.com/entertainment/hindi/bollywood/news "HTTP/1.1 200 OK"
2025-12-27 23:17:17,824 | INFO | httpx | HTTP Request: GET https://timesofindia.indiatimes.com/technology "HTTP/1.1 200 OK"
2025-12-27 23:17:18,303 | INFO | httpx | HTTP Request: GET https://timesofindia.indiatimes.com/travel "HTTP/1.1 301 Moved Permanently"
2025-12-27 23:17:18,786 | INFO | httpx | HTTP Request: GET https://timesofindia.indiatimes.com/travel/ "HTTP/1.1 200 OK"
2025-12-27 23:17:19,216 | INFO | httpx | HTTP Request: GET https://timesofindia.indiatimes.com/travel/ "HTTP/1.1 200 OK"
2025-12-27 23:17:20,369 | INFO | httpx | HTTP Request: GET https://timesofindia.indiatimes.com/business/gold-rates-today/gold-price-in-delhi "HTTP/1.1 200 OK"
2025-12-27 23:17:21,032 | INFO | httpx | HTTP Request: GET https://timesofindia.indiatimes.com/astrology/chinese-horoscope/rat "HTTP/1.1 200 OK"
2025-12-27 23:17:21,612 | INFO | httpx | HTTP Request: GET https://timesofindia.indiatimes.com/business/markets "HTTP/1.1 200 OK"
2025-12-27 23:17:22,277 | INFO | httpx | HTTP Request: GET https://timesofindia.indiatimes.com/astrology "HTTP/1.1 200 OK"
2025-12-27 23:17:22,776 | INFO | httpx | HTTP Request: GET https://timesofindia.indiatimes.com/business/platinum-rates-today "HTTP/1.1 200 OK"
2025-12-27 23:17:23,273 | INFO | httpx | HTTP Request: GET https://timesofindia.indiatimes.com/business/silver-rates-today "HTTP/1.1 200 OK"
2025-12-27 23:17:23,856 | INFO | httpx | HTTP Request: GET https://timesofindia.indiatimes.com/business/gold-rates-today "HTTP/1.1 200 OK"
2025-12-27 23:17:24,383 | INFO | httpx | HTTP Request: GET https://timesofindia.indiatimes.com/business/bank-holidays/is-bank-open-today "HTTP/1.1 200 OK"
2025-12-27 23:17:24,869 | INFO | httpx | HTTP Request: GET https://timesofindia.indiatimes.com/business/bank-holidays/is-bank-open-tomorrow "HTTP/1.1 200 OK"
2025-12-27 23:17:25,401 | INFO | httpx | HTTP Request: GET https://timesofindia.indiatimes.com/business/bank-holidays/december "HTTP/1.1 200 OK"
2025-12-27 23:17:26,596 | INFO | httpx | HTTP Request: GET https://timesofindia.indiatimes.com/business/stock-market-holidays "HTTP/1.1 200 OK"
2025-12-27 23:17:27,085 | INFO | httpx | HTTP Request: GET https://timesofindia.indiatimes.com/sports/nfl/schedule "HTTP/1.1 200 OK"
2025-12-27 23:17:27,562 | INFO | httpx | HTTP Request: GET https://timesofindia.indiatimes.com/technology/tech-news "HTTP/1.1 200 OK"
2025-12-27 23:17:28,025 | INFO | httpx | HTTP Request: GET https://timesofindia.indiatimes.com/sports/international-sports "HTTP/1.1 200 OK"
2025-12-27 23:17:28,526 | INFO | httpx | HTTP Request: GET https://timesofindia.indiatimes.com/india/public-holidays "HTTP/1.1 200 OK"
2025-12-27 23:17:29,036 | INFO | httpx | HTTP Request: GET https://timesofindia.indiatimes.com/business/bank-holidays "HTTP/1.1 200 OK"
2025-12-27 23:17:30,481 | INFO | __main__ | ✓ [1] Itanagar News: Breaking Updates, Top Headlines & L...
2025-12-27 23:17:30,913 | INFO | httpx | HTTP Request: GET https://timesofindia.indiatimes.com/ "HTTP/1.1 200 OK"
2025-12-27 23:17:31,544 | INFO | httpx | HTTP Request: GET https://timesofindia.indiatimes.com/us "HTTP/1.1 200 OK"
2025-12-27 23:17:32,032 | INFO | httpx | HTTP Request: GET https://navbharattimes.indiatimes.com/ "HTTP/1.1 200 OK"
2025-12-27 23:17:33,011 | INFO | httpx | HTTP Request: GET https://bangla.indiatimes.com/ "HTTP/1.1 200 OK"
2025-12-27 23:17:33,548 | INFO | httpx | HTTP Request: GET https://timesofindia.indiatimes.com/weather "HTTP/1.1 200 OK"
2025-12-27 23:17:34,009 | INFO | httpx | HTTP Request: GET https://timesofindia.indiatimes.com "HTTP/1.1 200 OK"
2025-12-27 23:17:34,663 | INFO | httpx | HTTP Request: GET https://timesofindia.indiatimes.com/city "HTTP/1.1 200 OK"
2025-12-27 23:17:35,796 | INFO | httpx | HTTP Request: GET https://timesofindia.indiatimes.com/city/bangalore "HTTP/1.1 200 OK"
2025-12-27 23:17:36,285 | INFO | httpx | HTTP Request: GET https://timesofindia.indiatimes.com/city/hyderabad "HTTP/1.1 200 OK"
2025-12-27 23:17:37,481 | INFO | httpx | HTTP Request: GET https://timesofindia.indiatimes.com/city/chennai "HTTP/1.1 200 OK"
2025-12-27 23:17:37,989 | INFO | httpx | HTTP Request: GET https://timesofindia.indiatimes.com/city/agra "HTTP/1.1 200 OK"
2025-12-27 23:17:38,490 | INFO | httpx | HTTP Request: GET https://timesofindia.indiatimes.com/city/agartala "HTTP/1.1 200 OK"
2025-12-27 23:17:38,978 | INFO | httpx | HTTP Request: GET https://timesofindia.indiatimes.com/city/ahmedabad "HTTP/1.1 200 OK"
2025-12-27 23:17:39,453 | INFO | httpx | HTTP Request: GET https://timesofindia.indiatimes.com/city/ajmer "HTTP/1.1 200 OK"
2025-12-27 23:17:39,946 | INFO | httpx | HTTP Request: GET https://timesofindia.indiatimes.com/city/amaravati "HTTP/1.1 200 OK"
2025-12-27 23:17:40,446 | INFO | httpx | HTTP Request: GET https://timesofindia.indiatimes.com/city/amritsar "HTTP/1.1 200 OK"
2025-12-27 23:17:40,924 | INFO | httpx | HTTP Request: GET https://timesofindia.indiatimes.com/city/bareilly "HTTP/1.1 200 OK"
2025-12-27 23:17:41,410 | INFO | httpx | HTTP Request: GET https://timesofindia.indiatimes.com/city/bhubaneswar "HTTP/1.1 200 OK"
2025-12-27 23:17:41,887 | INFO | httpx | HTTP Request: GET https://timesofindia.indiatimes.com/city/bhopal "HTTP/1.1 200 OK"
2025-12-27 23:17:42,374 | INFO | httpx | HTTP Request: GET https://timesofindia.indiatimes.com/city/chandigarh "HTTP/1.1 200 OK"
2025-12-27 23:17:42,868 | INFO | httpx | HTTP Request: GET https://timesofindia.indiatimes.com/city/aurangabad "HTTP/1.1 200 OK"
2025-12-27 23:17:43,370 | INFO | httpx | HTTP Request: GET https://timesofindia.indiatimes.com/city/coimbatore "HTTP/1.1 200 OK"
2025-12-27 23:17:45,905 | INFO | httpx | HTTP Request: GET https://timesofindia.indiatimes.com/city/faridabad "HTTP/1.1 200 OK"
2025-12-27 23:17:46,411 | INFO | httpx | HTTP Request: GET https://timesofindia.indiatimes.com/city/imphal "HTTP/1.1 200 OK"
2025-12-27 23:17:46,889 | INFO | httpx | HTTP Request: GET https://timesofindia.indiatimes.com/city/jaipur "HTTP/1.1 200 OK"
2025-12-27 23:17:47,398 | INFO | httpx | HTTP Request: GET https://timesofindia.indiatimes.com/city/jammu "HTTP/1.1 200 OK"
2025-12-27 23:17:47,913 | INFO | httpx | HTTP Request: GET https://timesofindia.indiatimes.com/city/jodhpur "HTTP/1.1 200 OK"
2025-12-27 23:17:49,074 | INFO | httpx | HTTP Request: GET https://timesofindia.indiatimes.com/city/kochi "HTTP/1.1 200 OK"
2025-12-27 23:17:49,550 | INFO | httpx | HTTP Request: GET https://timesofindia.indiatimes.com/city/kohima "HTTP/1.1 200 OK"
2025-12-27 23:17:50,021 | INFO | httpx | HTTP Request: GET https://timesofindia.indiatimes.com/city/kolhapur "HTTP/1.1 200 OK"
2025-12-27 23:17:50,507 | INFO | httpx | HTTP Request: GET https://timesofindia.indiatimes.com/city/kozhikode "HTTP/1.1 200 OK"
2025-12-27 23:17:50,979 | INFO | httpx | HTTP Request: GET https://timesofindia.indiatimes.com/city/ludhiana "HTTP/1.1 200 OK"
2025-12-27 23:17:52,140 | INFO | httpx | HTTP Request: GET https://timesofindia.indiatimes.com/city/madurai "HTTP/1.1 200 OK"
2025-12-27 23:17:52,858 | INFO | httpx | HTTP Request: GET https://timesofindia.indiatimes.com/city/mangalore "HTTP/1.1 200 OK"
2025-12-27 23:17:58,383 | INFO | httpx | HTTP Request: GET https://timesofindia.indiatimes.com/city/pune "HTTP/1.1 200 OK"
2025-12-27 23:17:58,857 | INFO | httpx | HTTP Request: GET https://timesofindia.indiatimes.com/city/raipur "HTTP/1.1 200 OK"
2025-12-27 23:17:59,414 | INFO | httpx | HTTP Request: GET https://timesofindia.indiatimes.com/city/rajkot "HTTP/1.1 200 OK"
2025-12-27 23:17:59,926 | INFO | httpx | HTTP Request: GET https://timesofindia.indiatimes.com/city/ranchi "HTTP/1.1 200 OK"
2025-12-27 23:18:00,452 | INFO | httpx | HTTP Request: GET https://timesofindia.indiatimes.com/city/thane "HTTP/1.1 200 OK"
2025-12-27 23:18:00,963 | INFO | httpx | HTTP Request: GET https://timesofindia.indiatimes.com/city/salem "HTTP/1.1 200 OK"
2025-12-27 23:18:01,475 | INFO | httpx | HTTP Request: GET https://timesofindia.indiatimes.com/city/shillong "HTTP/1.1 200 OK"
2025-12-27 23:18:03,349 | INFO | httpx | HTTP Request: GET https://timesofindia.indiatimes.com/city/surat "HTTP/1.1 200 OK"
2025-12-27 23:18:03,851 | INFO | httpx | HTTP Request: GET https://timesofindia.indiatimes.com/city/trichy "HTTP/1.1 200 OK"
2025-12-27 23:18:09,681 | INFO | httpx | HTTP Request: GET https://timesofindia.indiatimes.com/weather/itanagar-weather-forecast-today/791113 "HTTP/1.1 301 Moved Permanently"
2025-12-27 23:18:11,831 | INFO | httpx | HTTP Request: GET https://timesofindia.indiatimes.com/city/itanagar/0 "HTTP/1.1 301 Moved Permanently"
2025-12-27 23:18:13,165 | INFO | httpx | HTTP Request: GET https://timesofindia.indiatimes.com/city/itanagar/1 "HTTP/1.1 301 Moved Permanently"
2025-12-27 23:18:18,592 | INFO | httpx | HTTP Request: GET https://timesofindia.indiatimes.com/tv/hindi "HTTP/1.1 200 OK"
2025-12-27 23:18:19,800 | INFO | httpx | HTTP Request: GET https://timesofindia.indiatimes.com/weather/mumbai-aqi-level-air-quality-index-today/3258 "HTTP/1.1 200 OK"
2025-12-27 23:18:21,040 | INFO | httpx | HTTP Request: GET https://timesofindia.indiatimes.com/weather/bengaluru-aqi-level-air-quality-index-today/3261 "HTTP/1.1 301 Moved Permanently"
2025-12-27 23:18:21,426 | INFO | httpx | HTTP Request: GET https://timesofindia.indiatimes.com/weather/bangalore-aqi-level-air-quality-index-today/3261 "HTTP/1.1 200 OK"
2025-12-27 23:18:21,899 | INFO | httpx | HTTP Request: GET https://timesofindia.indiatimes.com/weather/bangalore-aqi-level-air-quality-index-today/3261 "HTTP/1.1 200 OK"
2025-12-27 23:18:24,606 | INFO | httpx | HTTP Request: GET https://timesofindia.indiatimes.com/weather/noida-aqi-level-air-quality-index-today/3319 "HTTP/1.1 200 OK"
2025-12-27 23:18:26,222 | INFO | httpx | HTTP Request: GET https://timesofindia.indiatimes.com/weather/jaipur-aqi-level-air-quality-index-today/3302 "HTTP/1.1 200 OK"
2025-12-27 23:18:27,515 | INFO | httpx | HTTP Request: GET https://timesofindia.indiatimes.com/weather/patna-aqi-level-air-quality-index-today/3234 "HTTP/1.1 301 Moved Permanently"
2025-12-27 23:18:27,921 | INFO | httpx | HTTP Request: GET https://timesofindia.indiatimes.com/weather/patna-aqi-level-air-quality-index-today/1425 "HTTP/1.1 200 OK"
2025-12-27 23:18:30,449 | INFO | httpx | HTTP Request: GET https://timesofindia.indiatimes.com/sports/cricket/icc-mens-t20-world-cup/schedule "HTTP/1.1 200 OK"
2025-12-27 23:18:31,711 | INFO | httpx | HTTP Request: GET https://timesofindia.indiatimes.com/life-style/food-news "HTTP/1.1 200 OK"
2025-12-27 23:18:32,316 | INFO | httpx | HTTP Request: GET https://timesofindia.indiatimes.com/travel/destinations "HTTP/1.1 200 OK"
2025-12-27 23:18:32,740 | INFO | httpx | HTTP Request: GET https://timesofindia.indiatimes.com/etimes "HTTP/1.1 200 OK"
2025-12-27 23:18:33,238 | INFO | httpx | HTTP Request: GET https://gadgetsnow.indiatimes.com/?_gl=1%2Ah4drpd%2A_ga%2AMjAzNTc2Njg5OS4xNzI3MjUzODEz%2A_ga_FCN624MN68%2AMTczNzQ1MDg1OS4xMzIuMS4xNzM3NDUzMzIyLjU0LjAuMA.. "HTTP/1.1 200 OK"
2025-12-27 23:18:33,697 | INFO | httpx | HTTP Request: GET https://timesofindia.indiatimes.com/news "HTTP/1.1 200 OK"
2025-12-27 23:18:34,187 | INFO | httpx | HTTP Request: GET https://timesofindia.indiatimes.com/sports "HTTP/1.1 200 OK"
2025-12-27 23:18:34,696 | INFO | httpx | HTTP Request: GET https://timesofindia.indiatimes.com/business "HTTP/1.1 200 OK"
2025-12-27 23:18:35,212 | INFO | httpx | HTTP Request: GET https://timesofindia.indiatimes.com/india "HTTP/1.1 200 OK"
2025-12-27 23:18:35,679 | INFO | httpx | HTTP Request: GET https://timesofindia.indiatimes.com/world "HTTP/1.1 200 OK"
2025-12-27 23:18:36,278 | INFO | httpx | HTTP Request: GET https://timesofindia.indiatimes.com/entertainment/hindi/bollywood/news "HTTP/1.1 200 OK"
2025-12-27 23:18:38,765 | INFO | httpx | HTTP Request: GET https://timesofindia.indiatimes.com/travel "HTTP/1.1 301 Moved Permanently"
2025-12-27 23:18:39,197 | INFO | httpx | HTTP Request: GET https://timesofindia.indiatimes.com/travel/ "HTTP/1.1 200 OK"
2025-12-27 23:18:39,653 | INFO | httpx | HTTP Request: GET https://timesofindia.indiatimes.com/travel/ "HTTP/1.1 200 OK"
2025-12-27 23:18:40,849 | INFO | httpx | HTTP Request: GET https://timesofindia.indiatimes.com/business/gold-rates-today/gold-price-in-delhi "HTTP/1.1 200 OK"
2025-12-27 23:18:41,345 | INFO | httpx | HTTP Request: GET https://timesofindia.indiatimes.com/astrology/chinese-horoscope/rat "HTTP/1.1 200 OK"
2025-12-27 23:18:42,580 | INFO | httpx | HTTP Request: GET https://timesofindia.indiatimes.com/astrology "HTTP/1.1 200 OK"
2025-12-27 23:18:43,071 | INFO | httpx | HTTP Request: GET https://timesofindia.indiatimes.com/business/platinum-rates-today "HTTP/1.1 200 OK"
2025-12-27 23:18:43,553 | INFO | httpx | HTTP Request: GET https://timesofindia.indiatimes.com/business/silver-rates-today "HTTP/1.1 200 OK"
2025-12-27 23:18:44,034 | INFO | httpx | HTTP Request: GET https://timesofindia.indiatimes.com/business/gold-rates-today "HTTP/1.1 200 OK"
2025-12-27 23:18:44,511 | INFO | httpx | HTTP Request: GET https://timesofindia.indiatimes.com/business/bank-holidays/is-bank-open-today "HTTP/1.1 200 OK"
2025-12-27 23:18:44,988 | INFO | httpx | HTTP Request: GET https://timesofindia.indiatimes.com/business/bank-holidays/is-bank-open-tomorrow "HTTP/1.1 200 OK"
2025-12-27 23:18:45,467 | INFO | httpx | HTTP Request: GET https://timesofindia.indiatimes.com/business/bank-holidays/december "HTTP/1.1 200 OK"
2025-12-27 23:18:45,958 | INFO | httpx | HTTP Request: GET https://timesofindia.indiatimes.com/india/public-holidays/december "HTTP/1.1 200 OK"
2025-12-27 23:18:46,440 | INFO | httpx | HTTP Request: GET https://timesofindia.indiatimes.com/business/stock-market-holidays "HTTP/1.1 200 OK"
2025-12-27 23:18:47,580 | INFO | httpx | HTTP Request: GET https://timesofindia.indiatimes.com/technology/tech-news "HTTP/1.1 200 OK"
2025-12-27 23:18:48,057 | INFO | httpx | HTTP Request: GET https://timesofindia.indiatimes.com/sports/international-sports "HTTP/1.1 200 OK"
2025-12-27 23:18:48,590 | INFO | httpx | HTTP Request: GET https://timesofindia.indiatimes.com/india/public-holidays "HTTP/1.1 200 OK"
2025-12-27 23:18:49,110 | INFO | httpx | HTTP Request: GET https://timesofindia.indiatimes.com/business/bank-holidays "HTTP/1.1 200 OK"
2025-12-27 23:18:50,587 | INFO | __main__ | ✓ [1] Navi Mumbai News: Breaking City Updates, Metro Hea...
2025-12-27 23:18:51,020 | INFO | httpx | HTTP Request: GET https://timesofindia.indiatimes.com/ "HTTP/1.1 200 OK"
2025-12-27 23:18:51,582 | INFO | httpx | HTTP Request: GET https://timesofindia.indiatimes.com/us "HTTP/1.1 200 OK"
2025-12-27 23:18:52,130 | INFO | httpx | HTTP Request: GET https://navbharattimes.indiatimes.com/ "HTTP/1.1 200 OK"
2025-12-27 23:18:53,302 | INFO | httpx | HTTP Request: GET https://timesofindia.indiatimes.com/weather "HTTP/1.1 200 OK"
2025-12-27 23:18:53,802 | INFO | httpx | HTTP Request: GET https://timesofindia.indiatimes.com "HTTP/1.1 200 OK"
2025-12-27 23:18:54,331 | INFO | httpx | HTTP Request: GET https://timesofindia.indiatimes.com/city "HTTP/1.1 200 OK"
2025-12-27 23:18:54,802 | INFO | httpx | HTTP Request: GET https://timesofindia.indiatimes.com/city/delhi "HTTP/1.1 200 OK"
2025-12-27 23:18:55,317 | INFO | httpx | HTTP Request: GET https://timesofindia.indiatimes.com/city/bangalore "HTTP/1.1 200 OK"
2025-12-27 23:18:55,829 | INFO | httpx | HTTP Request: GET https://timesofindia.indiatimes.com/city/hyderabad "HTTP/1.1 200 OK"
2025-12-27 23:18:56,950 | INFO | httpx | HTTP Request: GET https://timesofindia.indiatimes.com/city/chennai "HTTP/1.1 200 OK"
2025-12-27 23:18:57,555 | INFO | httpx | HTTP Request: GET https://timesofindia.indiatimes.com/city/agra "HTTP/1.1 200 OK"
2025-12-27 23:18:58,030 | INFO | httpx | HTTP Request: GET https://timesofindia.indiatimes.com/city/agartala "HTTP/1.1 200 OK"
2025-12-27 23:18:58,521 | INFO | httpx | HTTP Request: GET https://timesofindia.indiatimes.com/city/ahmedabad "HTTP/1.1 200 OK"
2025-12-27 23:18:59,026 | INFO | httpx | HTTP Request: GET https://timesofindia.indiatimes.com/city/ajmer "HTTP/1.1 200 OK"
2025-12-27 23:18:59,550 | INFO | httpx | HTTP Request: GET https://timesofindia.indiatimes.com/city/amaravati "HTTP/1.1 200 OK"
2025-12-27 23:19:00,030 | INFO | httpx | HTTP Request: GET https://timesofindia.indiatimes.com/city/amritsar "HTTP/1.1 200 OK"
2025-12-27 23:19:00,518 | INFO | httpx | HTTP Request: GET https://timesofindia.indiatimes.com/city/bareilly "HTTP/1.1 200 OK"
2025-12-27 23:19:01,705 | INFO | httpx | HTTP Request: GET https://timesofindia.indiatimes.com/city/bhopal "HTTP/1.1 200 OK"
2025-12-27 23:19:02,227 | INFO | httpx | HTTP Request: GET https://timesofindia.indiatimes.com/city/chandigarh "HTTP/1.1 200 OK"
2025-12-27 23:19:02,705 | INFO | httpx | HTTP Request: GET https://timesofindia.indiatimes.com/city/aurangabad "HTTP/1.1 200 OK"
2025-12-27 23:19:03,856 | INFO | httpx | HTTP Request: GET https://timesofindia.indiatimes.com/city/cuttack "HTTP/1.1 200 OK"
2025-12-27 23:19:04,343 | INFO | httpx | HTTP Request: GET https://timesofindia.indiatimes.com/city/dehradun "HTTP/1.1 200 OK"
2025-12-27 23:19:04,856 | INFO | httpx | HTTP Request: GET https://timesofindia.indiatimes.com/city/erode "HTTP/1.1 200 OK"
2025-12-27 23:19:06,035 | INFO | httpx | HTTP Request: GET https://timesofindia.indiatimes.com/city/imphal "HTTP/1.1 200 OK"
2025-12-27 23:19:06,521 | INFO | httpx | HTTP Request: GET https://timesofindia.indiatimes.com/city/jaipur "HTTP/1.1 200 OK"
2025-12-27 23:19:07,694 | INFO | httpx | HTTP Request: GET https://timesofindia.indiatimes.com/city/jodhpur "HTTP/1.1 200 OK"
2025-12-27 23:19:08,189 | INFO | httpx | HTTP Request: GET https://timesofindia.indiatimes.com/city/kanpur "HTTP/1.1 200 OK"
2025-12-27 23:19:08,662 | INFO | httpx | HTTP Request: GET https://timesofindia.indiatimes.com/city/kochi "HTTP/1.1 200 OK"
2025-12-27 23:19:09,155 | INFO | httpx | HTTP Request: GET https://timesofindia.indiatimes.com/city/kohima "HTTP/1.1 200 OK"
2025-12-27 23:19:09,644 | INFO | httpx | HTTP Request: GET https://timesofindia.indiatimes.com/city/kolhapur "HTTP/1.1 200 OK"
2025-12-27 23:19:10,159 | INFO | httpx | HTTP Request: GET https://timesofindia.indiatimes.com/city/kozhikode "HTTP/1.1 200 OK"
2025-12-27 23:19:10,702 | INFO | httpx | HTTP Request: GET https://timesofindia.indiatimes.com/city/ludhiana "HTTP/1.1 200 OK"
2025-12-27 23:19:11,195 | INFO | httpx | HTTP Request: GET https://timesofindia.indiatimes.com/city/lucknow "HTTP/1.1 200 OK"
2025-12-27 23:19:11,715 | INFO | httpx | HTTP Request: GET https://timesofindia.indiatimes.com/city/madurai "HTTP/1.1 200 OK"
2025-12-27 23:19:12,218 | INFO | httpx | HTTP Request: GET https://timesofindia.indiatimes.com/city/mangalore "HTTP/1.1 200 OK"
2025-12-27 23:19:12,706 | INFO | httpx | HTTP Request: GET https://timesofindia.indiatimes.com/city/meerut "HTTP/1.1 200 OK"
2025-12-27 23:19:13,210 | INFO | httpx | HTTP Request: GET https://timesofindia.indiatimes.com/city/mysore "HTTP/1.1 200 OK"
2025-12-27 23:19:13,688 | INFO | httpx | HTTP Request: GET https://timesofindia.indiatimes.com/city/nagpur "HTTP/1.1 200 OK"
2025-12-27 23:19:14,176 | INFO | httpx | HTTP Request: GET https://timesofindia.indiatimes.com/city/nashik "HTTP/1.1 200 OK"
2025-12-27 23:19:14,676 | INFO | httpx | HTTP Request: GET https://timesofindia.indiatimes.com/city/noida "HTTP/1.1 200 OK"
2025-12-27 23:19:15,153 | INFO | httpx | HTTP Request: GET https://timesofindia.indiatimes.com/city/patna "HTTP/1.1 200 OK"
2025-12-27 23:19:15,627 | INFO | httpx | HTTP Request: GET https://timesofindia.indiatimes.com/city/allahabad "HTTP/1.1 200 OK"
2025-12-27 23:19:16,133 | INFO | httpx | HTTP Request: GET https://timesofindia.indiatimes.com/city/puducherry "HTTP/1.1 200 OK"
2025-12-27 23:19:16,596 | INFO | httpx | HTTP Request: GET https://timesofindia.indiatimes.com/city/pune "HTTP/1.1 200 OK"
2025-12-27 23:19:17,076 | INFO | httpx | HTTP Request: GET https://timesofindia.indiatimes.com/city/raipur "HTTP/1.1 200 OK"
2025-12-27 23:19:17,559 | INFO | httpx | HTTP Request: GET https://timesofindia.indiatimes.com/city/rajkot "HTTP/1.1 200 OK"
2025-12-27 23:19:18,063 | INFO | httpx | HTTP Request: GET https://timesofindia.indiatimes.com/city/ranchi "HTTP/1.1 200 OK"
2025-12-27 23:19:18,567 | INFO | httpx | HTTP Request: GET https://timesofindia.indiatimes.com/city/thane "HTTP/1.1 200 OK"
2025-12-27 23:19:19,030 | INFO | httpx | HTTP Request: GET https://timesofindia.indiatimes.com/city/salem "HTTP/1.1 200 OK"
2025-12-27 23:19:19,506 | INFO | httpx | HTTP Request: GET https://timesofindia.indiatimes.com/city/shillong "HTTP/1.1 200 OK"
2025-12-27 23:19:19,997 | INFO | httpx | HTTP Request: GET https://timesofindia.indiatimes.com/city/shimla "HTTP/1.1 200 OK"
2025-12-27 23:19:20,578 | INFO | httpx | HTTP Request: GET https://timesofindia.indiatimes.com/city/srinagar "HTTP/1.1 200 OK"
2025-12-27 23:19:21,072 | INFO | httpx | HTTP Request: GET https://timesofindia.indiatimes.com/city/surat "HTTP/1.1 200 OK"
2025-12-27 23:19:21,576 | INFO | httpx | HTTP Request: GET https://timesofindia.indiatimes.com/city/trichy "HTTP/1.1 200 OK"
2025-12-27 23:19:22,057 | INFO | httpx | HTTP Request: GET https://timesofindia.indiatimes.com/city/thiruvananthapuram "HTTP/1.1 200 OK"
2025-12-27 23:19:22,542 | INFO | httpx | HTTP Request: GET https://timesofindia.indiatimes.com/city/udaipur "HTTP/1.1 200 OK"
2025-12-27 23:19:23,062 | INFO | httpx | HTTP Request: GET https://timesofindia.indiatimes.com/city/vadodara "HTTP/1.1 200 OK"
2025-12-27 23:19:23,639 | INFO | httpx | HTTP Request: GET https://timesofindia.indiatimes.com/city/varanasi "HTTP/1.1 200 OK"
2025-12-27 23:19:24,143 | INFO | httpx | HTTP Request: GET https://timesofindia.indiatimes.com/city/vijayawada "HTTP/1.1 200 OK"
2025-12-27 23:19:24,635 | INFO | httpx | HTTP Request: GET https://timesofindia.indiatimes.com/city/visakhapatnam "HTTP/1.1 200 OK"
2025-12-27 23:19:25,165 | INFO | httpx | HTTP Request: GET https://timesofindia.indiatimes.com/city/photos "HTTP/1.1 200 OK"
2025-12-27 23:19:25,720 | INFO | httpx | HTTP Request: GET https://timesofindia.indiatimes.com/city/web-stories "HTTP/1.1 200 OK"
2025-12-27 23:19:33,103 | INFO | httpx | HTTP Request: GET https://timesofindia.indiatimes.com/tv/hindi "HTTP/1.1 200 OK"
2025-12-27 23:19:34,927 | INFO | httpx | HTTP Request: GET https://timesofindia.indiatimes.com/weather/kolkata-aqi-level-air-quality-index-today/3309 "HTTP/1.1 200 OK"
2025-12-27 23:19:36,127 | INFO | httpx | HTTP Request: GET https://timesofindia.indiatimes.com/weather/chennai-aqi-level-air-quality-index-today/3246 "HTTP/1.1 200 OK"
2025-12-27 23:19:36,645 | INFO | httpx | HTTP Request: GET https://timesofindia.indiatimes.com/weather/hyderabad-aqi-level-air-quality-index-today/3288 "HTTP/1.1 200 OK"
2025-12-27 23:19:38,498 | INFO | httpx | HTTP Request: GET https://timesofindia.indiatimes.com/weather/ahmedabad-aqi-level-air-quality-index-today/3252 "HTTP/1.1 200 OK"
2025-12-27 23:19:39,006 | INFO | httpx | HTTP Request: GET https://timesofindia.indiatimes.com/weather/pune-aqi-level-air-quality-index-today/3325 "HTTP/1.1 200 OK"
2025-12-27 23:19:39,538 | INFO | httpx | HTTP Request: GET https://timesofindia.indiatimes.com/weather/jaipur-aqi-level-air-quality-index-today/3302 "HTTP/1.1 200 OK"
2025-12-27 23:19:40,107 | INFO | httpx | HTTP Request: GET https://timesofindia.indiatimes.com/weather/lucknow-aqi-level-air-quality-index-today/3267 "HTTP/1.1 200 OK"
2025-12-27 23:19:40,871 | INFO | httpx | HTTP Request: GET https://timesofindia.indiatimes.com/weather/patna-aqi-level-air-quality-index-today/3234 "HTTP/1.1 301 Moved Permanently"
2025-12-27 23:19:42,790 | INFO | httpx | HTTP Request: GET https://timesofindia.indiatimes.com/weather/chandigarh-aqi-level-air-quality-index-today/3259 "HTTP/1.1 200 OK"
2025-12-27 23:19:45,436 | INFO | httpx | HTTP Request: GET https://timesofindia.indiatimes.com/travel/destinations "HTTP/1.1 200 OK"
2025-12-27 23:19:52,939 | INFO | httpx | HTTP Request: GET https://timesofindia.indiatimes.com/travel "HTTP/1.1 301 Moved Permanently"
2025-12-27 23:19:54,732 | INFO | httpx | HTTP Request: GET https://timesofindia.indiatimes.com/business/gold-rates-today/gold-price-in-delhi "HTTP/1.1 200 OK"
2025-12-27 23:19:57,391 | INFO | httpx | HTTP Request: GET https://timesofindia.indiatimes.com/business/platinum-rates-today "HTTP/1.1 200 OK"
2025-12-27 23:19:57,967 | INFO | httpx | HTTP Request: GET https://timesofindia.indiatimes.com/business/silver-rates-today "HTTP/1.1 200 OK"
2025-12-27 23:19:58,477 | INFO | httpx | HTTP Request: GET https://timesofindia.indiatimes.com/business/gold-rates-today "HTTP/1.1 200 OK"
2025-12-27 23:20:07,086 | INFO | __main__ | ✓ [1] Hubballi News: Latest Headlines, Breaking News & L...
2025-12-27 23:20:07,528 | INFO | httpx | HTTP Request: GET https://timesofindia.indiatimes.com/ "HTTP/1.1 200 OK"
2025-12-27 23:20:08,091 | INFO | httpx | HTTP Request: GET https://timesofindia.indiatimes.com/us "HTTP/1.1 200 OK"
2025-12-27 23:20:08,715 | INFO | httpx | HTTP Request: GET https://navbharattimes.indiatimes.com/ "HTTP/1.1 200 OK"
2025-12-27 23:20:09,334 | INFO | httpx | HTTP Request: GET https://marathi.indiatimes.com/ "HTTP/1.1 301 Moved Permanently"
2025-12-27 23:20:09,653 | INFO | httpx | HTTP Request: GET https://maharashtratimes.com/ "HTTP/1.1 200 OK"
2025-12-27 23:20:10,017 | INFO | httpx | HTTP Request: GET https://maharashtratimes.com/ "HTTP/1.1 200 OK"
2025-12-27 23:20:10,467 | INFO | httpx | HTTP Request: GET https://bangla.indiatimes.com/ "HTTP/1.1 200 OK"
2025-12-27 23:20:11,852 | INFO | httpx | HTTP Request: GET https://timesofindia.indiatimes.com "HTTP/1.1 200 OK"
2025-12-27 23:20:17,247 | INFO | httpx | HTTP Request: GET https://timesofindia.indiatimes.com/city/agartala "HTTP/1.1 200 OK"
2025-12-27 23:20:17,729 | INFO | httpx | HTTP Request: GET https://timesofindia.indiatimes.com/city/ahmedabad "HTTP/1.1 200 OK"
2025-12-27 23:20:18,198 | INFO | httpx | HTTP Request: GET https://timesofindia.indiatimes.com/city/ajmer "HTTP/1.1 200 OK"
2025-12-27 23:20:18,690 | INFO | httpx | HTTP Request: GET https://timesofindia.indiatimes.com/city/amaravati "HTTP/1.1 200 OK"
2025-12-27 23:20:19,182 | INFO | httpx | HTTP Request: GET https://timesofindia.indiatimes.com/city/amritsar "HTTP/1.1 200 OK"
2025-12-27 23:20:19,669 | INFO | httpx | HTTP Request: GET https://timesofindia.indiatimes.com/city/bareilly "HTTP/1.1 200 OK"
2025-12-27 23:20:20,155 | INFO | httpx | HTTP Request: GET https://timesofindia.indiatimes.com/city/bhubaneswar "HTTP/1.1 200 OK"
2025-12-27 23:20:20,643 | INFO | httpx | HTTP Request: GET https://timesofindia.indiatimes.com/city/bhopal "HTTP/1.1 200 OK"
2025-12-27 23:20:21,448 | INFO | httpx | HTTP Request: GET https://timesofindia.indiatimes.com/city/aurangabad "HTTP/1.1 200 OK"
2025-12-27 23:20:22,012 | INFO | httpx | HTTP Request: GET https://timesofindia.indiatimes.com/city/coimbatore "HTTP/1.1 200 OK"
2025-12-27 23:20:22,486 | INFO | httpx | HTTP Request: GET https://timesofindia.indiatimes.com/city/cuttack "HTTP/1.1 200 OK"
2025-12-27 23:20:23,011 | INFO | httpx | HTTP Request: GET https://timesofindia.indiatimes.com/city/dehradun "HTTP/1.1 200 OK"
2025-12-27 23:20:23,480 | INFO | httpx | HTTP Request: GET https://timesofindia.indiatimes.com/city/erode "HTTP/1.1 200 OK"
2025-12-27 23:20:23,955 | INFO | httpx | HTTP Request: GET https://timesofindia.indiatimes.com/city/faridabad "HTTP/1.1 200 OK"
2025-12-27 23:20:24,448 | INFO | httpx | HTTP Request: GET https://timesofindia.indiatimes.com/city/imphal "HTTP/1.1 200 OK"
2025-12-27 23:20:25,016 | INFO | httpx | HTTP Request: GET https://timesofindia.indiatimes.com/city/jaipur "HTTP/1.1 200 OK"
2025-12-27 23:20:25,493 | INFO | httpx | HTTP Request: GET https://timesofindia.indiatimes.com/city/jammu "HTTP/1.1 200 OK"
2025-12-27 23:20:26,035 | INFO | httpx | HTTP Request: GET https://timesofindia.indiatimes.com/city/jodhpur "HTTP/1.1 200 OK"
2025-12-27 23:20:26,479 | INFO | httpx | HTTP Request: GET https://timesofindia.indiatimes.com/city/kanpur "HTTP/1.1 200 OK"
2025-12-27 23:20:27,001 | INFO | httpx | HTTP Request: GET https://timesofindia.indiatimes.com/city/kochi "HTTP/1.1 200 OK"
2025-12-27 23:20:27,481 | INFO | httpx | HTTP Request: GET https://timesofindia.indiatimes.com/city/kohima "HTTP/1.1 200 OK"
2025-12-27 23:20:27,949 | INFO | httpx | HTTP Request: GET https://timesofindia.indiatimes.com/city/kolhapur "HTTP/1.1 200 OK"
2025-12-27 23:20:28,432 | INFO | httpx | HTTP Request: GET https://timesofindia.indiatimes.com/city/kozhikode "HTTP/1.1 200 OK"
2025-12-27 23:20:28,934 | INFO | httpx | HTTP Request: GET https://timesofindia.indiatimes.com/city/ludhiana "HTTP/1.1 200 OK"
2025-12-27 23:20:29,438 | INFO | httpx | HTTP Request: GET https://timesofindia.indiatimes.com/city/lucknow "HTTP/1.1 200 OK"
2025-12-27 23:20:29,916 | INFO | httpx | HTTP Request: GET https://timesofindia.indiatimes.com/city/madurai "HTTP/1.1 200 OK"
2025-12-27 23:20:30,399 | INFO | httpx | HTTP Request: GET https://timesofindia.indiatimes.com/city/mangalore "HTTP/1.1 200 OK"
2025-12-27 23:20:30,967 | INFO | httpx | HTTP Request: GET https://timesofindia.indiatimes.com/city/meerut "HTTP/1.1 200 OK"
2025-12-27 23:20:31,472 | INFO | httpx | HTTP Request: GET https://timesofindia.indiatimes.com/city/mysore "HTTP/1.1 200 OK"
2025-12-27 23:20:32,650 | INFO | httpx | HTTP Request: GET https://timesofindia.indiatimes.com/city/nashik "HTTP/1.1 200 OK"
2025-12-27 23:20:33,182 | INFO | httpx | HTTP Request: GET https://timesofindia.indiatimes.com/city/noida "HTTP/1.1 200 OK"
2025-12-27 23:20:33,662 | INFO | httpx | HTTP Request: GET https://timesofindia.indiatimes.com/city/patna "HTTP/1.1 200 OK"
2025-12-27 23:20:34,158 | INFO | httpx | HTTP Request: GET https://timesofindia.indiatimes.com/city/allahabad "HTTP/1.1 200 OK"
2025-12-27 23:20:34,661 | INFO | httpx | HTTP Request: GET https://timesofindia.indiatimes.com/city/puducherry "HTTP/1.1 200 OK"
2025-12-27 23:20:35,169 | INFO | httpx | HTTP Request: GET https://timesofindia.indiatimes.com/city/pune "HTTP/1.1 200 OK"
2025-12-27 23:20:35,651 | INFO | httpx | HTTP Request: GET https://timesofindia.indiatimes.com/city/raipur "HTTP/1.1 200 OK"
2025-12-27 23:20:36,112 | INFO | httpx | HTTP Request: GET https://timesofindia.indiatimes.com/city/rajkot "HTTP/1.1 200 OK"
2025-12-27 23:20:36,575 | INFO | httpx | HTTP Request: GET https://timesofindia.indiatimes.com/city/ranchi "HTTP/1.1 200 OK"
2025-12-27 23:20:37,047 | INFO | httpx | HTTP Request: GET https://timesofindia.indiatimes.com/city/thane "HTTP/1.1 200 OK"
2025-12-27 23:20:37,541 | INFO | httpx | HTTP Request: GET https://timesofindia.indiatimes.com/city/salem "HTTP/1.1 200 OK"
2025-12-27 23:20:38,010 | INFO | httpx | HTTP Request: GET https://timesofindia.indiatimes.com/city/shillong "HTTP/1.1 200 OK"
2025-12-27 23:20:38,482 | INFO | httpx | HTTP Request: GET https://timesofindia.indiatimes.com/city/shimla "HTTP/1.1 200 OK"
2025-12-27 23:20:38,954 | INFO | httpx | HTTP Request: GET https://timesofindia.indiatimes.com/city/srinagar "HTTP/1.1 200 OK"
2025-12-27 23:20:39,416 | INFO | httpx | HTTP Request: GET https://timesofindia.indiatimes.com/city/surat "HTTP/1.1 200 OK"
2025-12-27 23:20:40,551 | INFO | httpx | HTTP Request: GET https://timesofindia.indiatimes.com/city/thiruvananthapuram "HTTP/1.1 200 OK"
2025-12-27 23:20:41,076 | INFO | httpx | HTTP Request: GET https://timesofindia.indiatimes.com/city/udaipur "HTTP/1.1 200 OK"
2025-12-27 23:20:41,546 | INFO | httpx | HTTP Request: GET https://timesofindia.indiatimes.com/city/vadodara "HTTP/1.1 200 OK"
2025-12-27 23:20:42,012 | INFO | httpx | HTTP Request: GET https://timesofindia.indiatimes.com/city/varanasi "HTTP/1.1 200 OK"
2025-12-27 23:20:42,504 | INFO | httpx | HTTP Request: GET https://timesofindia.indiatimes.com/city/vijayawada "HTTP/1.1 200 OK"
2025-12-27 23:20:43,039 | INFO | httpx | HTTP Request: GET https://timesofindia.indiatimes.com/city/visakhapatnam "HTTP/1.1 200 OK"
2025-12-27 23:20:43,524 | INFO | httpx | HTTP Request: GET https://timesofindia.indiatimes.com/city/photos "HTTP/1.1 200 OK"
2025-12-27 23:20:43,996 | INFO | httpx | HTTP Request: GET https://timesofindia.indiatimes.com/city/web-stories "HTTP/1.1 200 OK"
2025-12-27 23:20:51,400 | INFO | httpx | HTTP Request: GET https://timesofindia.indiatimes.com/tv/hindi "HTTP/1.1 200 OK"
2025-12-27 23:20:51,906 | INFO | httpx | HTTP Request: GET https://timesofindia.indiatimes.com/weather/delhi-aqi-level-air-quality-index-today/3291 "HTTP/1.1 301 Moved Permanently"
2025-12-27 23:20:52,313 | INFO | httpx | HTTP Request: GET https://timesofindia.indiatimes.com/weather/new-delhi-aqi-level-air-quality-index-today/3291 "HTTP/1.1 200 OK"
2025-12-27 23:20:52,820 | INFO | httpx | HTTP Request: GET https://timesofindia.indiatimes.com/weather/new-delhi-aqi-level-air-quality-index-today/3291 "HTTP/1.1 200 OK"
2025-12-27 23:20:53,303 | INFO | httpx | HTTP Request: GET https://timesofindia.indiatimes.com/weather/mumbai-aqi-level-air-quality-index-today/3258 "HTTP/1.1 200 OK"
2025-12-27 23:20:53,799 | INFO | httpx | HTTP Request: GET https://timesofindia.indiatimes.com/weather/kolkata-aqi-level-air-quality-index-today/3309 "HTTP/1.1 200 OK"
2025-12-27 23:20:54,423 | INFO | httpx | HTTP Request: GET https://timesofindia.indiatimes.com/weather/bengaluru-aqi-level-air-quality-index-today/3261 "HTTP/1.1 301 Moved Permanently"
2025-12-27 23:20:54,829 | INFO | httpx | HTTP Request: GET https://timesofindia.indiatimes.com/weather/bangalore-aqi-level-air-quality-index-today/3261 "HTTP/1.1 200 OK"
2025-12-27 23:20:55,327 | INFO | httpx | HTTP Request: GET https://timesofindia.indiatimes.com/weather/bangalore-aqi-level-air-quality-index-today/3261 "HTTP/1.1 200 OK"
2025-12-27 23:20:55,823 | INFO | httpx | HTTP Request: GET https://timesofindia.indiatimes.com/weather/chennai-aqi-level-air-quality-index-today/3246 "HTTP/1.1 200 OK"
2025-12-27 23:20:56,317 | INFO | httpx | HTTP Request: GET https://timesofindia.indiatimes.com/weather/hyderabad-aqi-level-air-quality-index-today/3288 "HTTP/1.1 200 OK"
2025-12-27 23:20:56,857 | INFO | httpx | HTTP Request: GET https://timesofindia.indiatimes.com/weather/gurugram-aqi-level-air-quality-index-today/3227 "HTTP/1.1 301 Moved Permanently"
2025-12-27 23:20:59,340 | INFO | httpx | HTTP Request: GET https://timesofindia.indiatimes.com/weather/pune-aqi-level-air-quality-index-today/3325 "HTTP/1.1 200 OK"
2025-12-27 23:20:59,826 | INFO | httpx | HTTP Request: GET https://timesofindia.indiatimes.com/weather/jaipur-aqi-level-air-quality-index-today/3302 "HTTP/1.1 200 OK"
2025-12-27 23:21:00,296 | INFO | httpx | HTTP Request: GET https://timesofindia.indiatimes.com/weather/lucknow-aqi-level-air-quality-index-today/3267 "HTTP/1.1 200 OK"
2025-12-27 23:21:00,891 | INFO | httpx | HTTP Request: GET https://timesofindia.indiatimes.com/weather/patna-aqi-level-air-quality-index-today/3234 "HTTP/1.1 301 Moved Permanently"
2025-12-27 23:21:01,291 | INFO | httpx | HTTP Request: GET https://timesofindia.indiatimes.com/weather/patna-aqi-level-air-quality-index-today/1425 "HTTP/1.1 200 OK"
2025-12-27 23:21:01,756 | INFO | httpx | HTTP Request: GET https://timesofindia.indiatimes.com/weather/patna-aqi-level-air-quality-index-today/1425 "HTTP/1.1 200 OK"
2025-12-27 23:21:02,292 | INFO | httpx | HTTP Request: GET https://timesofindia.indiatimes.com/weather/agra-aqi-level-air-quality-index-today/3229 "HTTP/1.1 200 OK"
2025-12-27 23:21:02,824 | INFO | httpx | HTTP Request: GET https://timesofindia.indiatimes.com/weather/chandigarh-aqi-level-air-quality-index-today/3259 "HTTP/1.1 200 OK"
2025-12-27 23:21:03,332 | INFO | httpx | HTTP Request: GET https://timesofindia.indiatimes.com/sports/cricket/icc-mens-t20-world-cup/schedule "HTTP/1.1 200 OK"
2025-12-27 23:21:04,645 | INFO | httpx | HTTP Request: GET https://timesofindia.indiatimes.com/life-style/food-news "HTTP/1.1 200 OK"
2025-12-27 23:21:05,235 | INFO | httpx | HTTP Request: GET https://timesofindia.indiatimes.com/travel/destinations "HTTP/1.1 200 OK"
2025-12-27 23:21:06,119 | INFO | httpx | HTTP Request: GET https://gadgetsnow.indiatimes.com/?_gl=1%2Ah4drpd%2A_ga%2AMjAzNTc2Njg5OS4xNzI3MjUzODEz%2A_ga_FCN624MN68%2AMTczNzQ1MDg1OS4xMzIuMS4xNzM3NDUzMzIyLjU0LjAuMA.. "HTTP/1.1 200 OK"
2025-12-27 23:21:07,115 | INFO | httpx | HTTP Request: GET https://timesofindia.indiatimes.com/sports "HTTP/1.1 200 OK"
2025-12-27 23:21:08,115 | INFO | httpx | HTTP Request: GET https://timesofindia.indiatimes.com/india "HTTP/1.1 200 OK"
2025-12-27 23:21:08,607 | INFO | httpx | HTTP Request: GET https://timesofindia.indiatimes.com/world "HTTP/1.1 200 OK"
2025-12-27 23:21:09,139 | INFO | httpx | HTTP Request: GET https://timesofindia.indiatimes.com/entertainment/hindi/bollywood/news "HTTP/1.1 200 OK"
2025-12-27 23:21:10,991 | INFO | httpx | HTTP Request: GET https://timesofindia.indiatimes.com/technology "HTTP/1.1 200 OK"
2025-12-27 23:21:11,497 | INFO | httpx | HTTP Request: GET https://timesofindia.indiatimes.com/travel "HTTP/1.1 301 Moved Permanently"
2025-12-27 23:21:13,344 | INFO | httpx | HTTP Request: GET https://timesofindia.indiatimes.com/business/gold-rates-today/gold-price-in-delhi "HTTP/1.1 200 OK"
2025-12-27 23:21:13,827 | INFO | httpx | HTTP Request: GET https://timesofindia.indiatimes.com/astrology/chinese-horoscope/rat "HTTP/1.1 200 OK"
2025-12-27 23:21:14,314 | INFO | httpx | HTTP Request: GET https://timesofindia.indiatimes.com/business/markets "HTTP/1.1 200 OK"
2025-12-27 23:21:14,799 | INFO | httpx | HTTP Request: GET https://timesofindia.indiatimes.com/astrology "HTTP/1.1 200 OK"
2025-12-27 23:21:15,304 | INFO | httpx | HTTP Request: GET https://timesofindia.indiatimes.com/business/platinum-rates-today "HTTP/1.1 200 OK"
2025-12-27 23:21:15,897 | INFO | httpx | HTTP Request: GET https://timesofindia.indiatimes.com/business/silver-rates-today "HTTP/1.1 200 OK"
2025-12-27 23:21:16,414 | INFO | httpx | HTTP Request: GET https://timesofindia.indiatimes.com/business/gold-rates-today "HTTP/1.1 200 OK"
2025-12-27 23:21:16,924 | INFO | httpx | HTTP Request: GET https://timesofindia.indiatimes.com/business/bank-holidays/is-bank-open-today "HTTP/1.1 200 OK"
2025-12-27 23:21:17,426 | INFO | httpx | HTTP Request: GET https://timesofindia.indiatimes.com/business/bank-holidays/is-bank-open-tomorrow "HTTP/1.1 200 OK"
2025-12-27 23:21:17,923 | INFO | httpx | HTTP Request: GET https://timesofindia.indiatimes.com/business/bank-holidays/december "HTTP/1.1 200 OK"
2025-12-27 23:21:18,433 | INFO | httpx | HTTP Request: GET https://timesofindia.indiatimes.com/india/public-holidays/december "HTTP/1.1 200 OK"
2025-12-27 23:21:18,903 | INFO | httpx | HTTP Request: GET https://timesofindia.indiatimes.com/business/stock-market-holidays "HTTP/1.1 200 OK"
2025-12-27 23:21:19,372 | INFO | httpx | HTTP Request: GET https://timesofindia.indiatimes.com/sports/nfl/schedule "HTTP/1.1 200 OK"
2025-12-27 23:21:19,907 | INFO | httpx | HTTP Request: GET https://timesofindia.indiatimes.com/technology/tech-news "HTTP/1.1 200 OK"
2025-12-27 23:21:20,367 | INFO | httpx | HTTP Request: GET https://timesofindia.indiatimes.com/sports/international-sports "HTTP/1.1 200 OK"
2025-12-27 23:21:20,911 | INFO | httpx | HTTP Request: GET https://timesofindia.indiatimes.com/india/public-holidays "HTTP/1.1 200 OK"
2025-12-27 23:21:21,394 | INFO | httpx | HTTP Request: GET https://timesofindia.indiatimes.com/business/bank-holidays "HTTP/1.1 200 OK"
2025-12-27 23:21:22,716 | INFO | __main__ | ✓ [1] Jamshedpur News, Latest Jamshedpur News Headlines ...
2025-12-27 23:21:23,147 | INFO | httpx | HTTP Request: GET https://timesofindia.indiatimes.com/ "HTTP/1.1 200 OK"
2025-12-27 23:21:23,673 | INFO | httpx | HTTP Request: GET https://timesofindia.indiatimes.com/us "HTTP/1.1 200 OK"
2025-12-27 23:21:25,514 | INFO | httpx | HTTP Request: GET https://bangla.indiatimes.com/ "HTTP/1.1 200 OK"
2025-12-27 23:21:26,764 | INFO | httpx | HTTP Request: GET https://timesofindia.indiatimes.com "HTTP/1.1 200 OK"
2025-12-27 23:21:27,326 | INFO | httpx | HTTP Request: GET https://timesofindia.indiatimes.com/city "HTTP/1.1 200 OK"
2025-12-27 23:21:27,805 | INFO | httpx | HTTP Request: GET https://timesofindia.indiatimes.com/city/delhi "HTTP/1.1 200 OK"
2025-12-27 23:21:28,294 | INFO | httpx | HTTP Request: GET https://timesofindia.indiatimes.com/city/bangalore "HTTP/1.1 200 OK"
2025-12-27 23:21:28,780 | INFO | httpx | HTTP Request: GET https://timesofindia.indiatimes.com/city/hyderabad "HTTP/1.1 200 OK"
2025-12-27 23:21:29,272 | INFO | httpx | HTTP Request: GET https://timesofindia.indiatimes.com/city/kolkata "HTTP/1.1 200 OK"
2025-12-27 23:21:29,776 | INFO | httpx | HTTP Request: GET https://timesofindia.indiatimes.com/city/chennai "HTTP/1.1 200 OK"
2025-12-27 23:21:30,259 | INFO | httpx | HTTP Request: GET https://timesofindia.indiatimes.com/city/agra "HTTP/1.1 200 OK"
2025-12-27 23:21:30,735 | INFO | httpx | HTTP Request: GET https://timesofindia.indiatimes.com/city/agartala "HTTP/1.1 200 OK"
2025-12-27 23:21:31,274 | INFO | httpx | HTTP Request: GET https://timesofindia.indiatimes.com/city/ahmedabad "HTTP/1.1 200 OK"
2025-12-27 23:21:31,787 | INFO | httpx | HTTP Request: GET https://timesofindia.indiatimes.com/city/ajmer "HTTP/1.1 200 OK"
2025-12-27 23:21:32,293 | INFO | httpx | HTTP Request: GET https://timesofindia.indiatimes.com/city/amaravati "HTTP/1.1 200 OK"
2025-12-27 23:21:32,876 | INFO | httpx | HTTP Request: GET https://timesofindia.indiatimes.com/city/amritsar "HTTP/1.1 200 OK"
2025-12-27 23:21:33,371 | INFO | httpx | HTTP Request: GET https://timesofindia.indiatimes.com/city/bareilly "HTTP/1.1 200 OK"
2025-12-27 23:21:33,865 | INFO | httpx | HTTP Request: GET https://timesofindia.indiatimes.com/city/bhubaneswar "HTTP/1.1 200 OK"
2025-12-27 23:21:34,364 | INFO | httpx | HTTP Request: GET https://timesofindia.indiatimes.com/city/bhopal "HTTP/1.1 200 OK"
2025-12-27 23:21:34,851 | INFO | httpx | HTTP Request: GET https://timesofindia.indiatimes.com/city/chandigarh "HTTP/1.1 200 OK"
2025-12-27 23:21:35,908 | INFO | httpx | HTTP Request: GET https://timesofindia.indiatimes.com/city/coimbatore "HTTP/1.1 200 OK"
2025-12-27 23:21:36,380 | INFO | httpx | HTTP Request: GET https://timesofindia.indiatimes.com/city/cuttack "HTTP/1.1 200 OK"
2025-12-27 23:21:37,429 | INFO | httpx | HTTP Request: GET https://timesofindia.indiatimes.com/city/erode "HTTP/1.1 200 OK"
2025-12-27 23:21:37,906 | INFO | httpx | HTTP Request: GET https://timesofindia.indiatimes.com/city/faridabad "HTTP/1.1 200 OK"
2025-12-27 23:21:38,410 | INFO | httpx | HTTP Request: GET https://timesofindia.indiatimes.com/city/imphal "HTTP/1.1 200 OK"
2025-12-27 23:21:38,901 | INFO | httpx | HTTP Request: GET https://timesofindia.indiatimes.com/city/jaipur "HTTP/1.1 200 OK"
2025-12-27 23:21:39,393 | INFO | httpx | HTTP Request: GET https://timesofindia.indiatimes.com/city/jammu "HTTP/1.1 200 OK"
2025-12-27 23:21:39,884 | INFO | httpx | HTTP Request: GET https://timesofindia.indiatimes.com/city/jodhpur "HTTP/1.1 200 OK"
2025-12-27 23:21:40,383 | INFO | httpx | HTTP Request: GET https://timesofindia.indiatimes.com/city/kanpur "HTTP/1.1 200 OK"
2025-12-27 23:21:40,865 | INFO | httpx | HTTP Request: GET https://timesofindia.indiatimes.com/city/kochi "HTTP/1.1 200 OK"
2025-12-27 23:21:41,350 | INFO | httpx | HTTP Request: GET https://timesofindia.indiatimes.com/city/kohima "HTTP/1.1 200 OK"
2025-12-27 23:21:41,842 | INFO | httpx | HTTP Request: GET https://timesofindia.indiatimes.com/city/kolhapur "HTTP/1.1 200 OK"
2025-12-27 23:21:42,326 | INFO | httpx | HTTP Request: GET https://timesofindia.indiatimes.com/city/kozhikode "HTTP/1.1 200 OK"
2025-12-27 23:21:42,823 | INFO | httpx | HTTP Request: GET https://timesofindia.indiatimes.com/city/ludhiana "HTTP/1.1 200 OK"
2025-12-27 23:21:43,334 | INFO | httpx | HTTP Request: GET https://timesofindia.indiatimes.com/city/lucknow "HTTP/1.1 200 OK"
2025-12-27 23:21:43,822 | INFO | httpx | HTTP Request: GET https://timesofindia.indiatimes.com/city/madurai "HTTP/1.1 200 OK"
2025-12-27 23:21:44,477 | INFO | httpx | HTTP Request: GET https://timesofindia.indiatimes.com/city/mangalore "HTTP/1.1 200 OK"
2025-12-27 23:21:45,075 | INFO | httpx | HTTP Request: GET https://timesofindia.indiatimes.com/city/meerut "HTTP/1.1 200 OK"
2025-12-27 23:21:45,879 | INFO | httpx | HTTP Request: GET https://timesofindia.indiatimes.com/city/nagpur "HTTP/1.1 200 OK"
2025-12-27 23:21:46,387 | INFO | httpx | HTTP Request: GET https://timesofindia.indiatimes.com/city/nashik "HTTP/1.1 200 OK"
2025-12-27 23:21:46,871 | INFO | httpx | HTTP Request: GET https://timesofindia.indiatimes.com/city/noida "HTTP/1.1 200 OK"
2025-12-27 23:21:47,546 | INFO | httpx | HTTP Request: GET https://timesofindia.indiatimes.com/city/patna "HTTP/1.1 200 OK"
2025-12-27 23:21:48,025 | INFO | httpx | HTTP Request: GET https://timesofindia.indiatimes.com/city/allahabad "HTTP/1.1 200 OK"
2025-12-27 23:21:48,508 | INFO | httpx | HTTP Request: GET https://timesofindia.indiatimes.com/city/puducherry "HTTP/1.1 200 OK"
2025-12-27 23:21:49,044 | INFO | httpx | HTTP Request: GET https://timesofindia.indiatimes.com/city/pune "HTTP/1.1 200 OK"
2025-12-27 23:21:49,509 | INFO | httpx | HTTP Request: GET https://timesofindia.indiatimes.com/city/raipur "HTTP/1.1 200 OK"
2025-12-27 23:21:49,979 | INFO | httpx | HTTP Request: GET https://timesofindia.indiatimes.com/city/rajkot "HTTP/1.1 200 OK"
2025-12-27 23:21:51,146 | INFO | httpx | HTTP Request: GET https://timesofindia.indiatimes.com/city/thane "HTTP/1.1 200 OK"
2025-12-27 23:21:51,681 | INFO | httpx | HTTP Request: GET https://timesofindia.indiatimes.com/city/salem "HTTP/1.1 200 OK"
2025-12-27 23:21:52,154 | INFO | httpx | HTTP Request: GET https://timesofindia.indiatimes.com/city/shillong "HTTP/1.1 200 OK"
2025-12-27 23:21:52,971 | INFO | httpx | HTTP Request: GET https://timesofindia.indiatimes.com/city/srinagar "HTTP/1.1 200 OK"
2025-12-27 23:21:53,482 | INFO | httpx | HTTP Request: GET https://timesofindia.indiatimes.com/city/surat "HTTP/1.1 200 OK"
2025-12-27 23:21:54,577 | INFO | httpx | HTTP Request: GET https://timesofindia.indiatimes.com/city/thiruvananthapuram "HTTP/1.1 200 OK"
2025-12-27 23:21:55,049 | INFO | httpx | HTTP Request: GET https://timesofindia.indiatimes.com/city/udaipur "HTTP/1.1 200 OK"
2025-12-27 23:21:55,540 | INFO | httpx | HTTP Request: GET https://timesofindia.indiatimes.com/city/vadodara "HTTP/1.1 200 OK"
2025-12-27 23:21:56,020 | INFO | httpx | HTTP Request: GET https://timesofindia.indiatimes.com/city/varanasi "HTTP/1.1 200 OK"
2025-12-27 23:21:56,509 | INFO | httpx | HTTP Request: GET https://timesofindia.indiatimes.com/city/vijayawada "HTTP/1.1 200 OK"
2025-12-27 23:21:57,008 | INFO | httpx | HTTP Request: GET https://timesofindia.indiatimes.com/city/visakhapatnam "HTTP/1.1 200 OK"
2025-12-27 23:21:57,503 | INFO | httpx | HTTP Request: GET https://timesofindia.indiatimes.com/city/photos "HTTP/1.1 200 OK"
2025-12-27 23:21:57,975 | INFO | httpx | HTTP Request: GET https://timesofindia.indiatimes.com/city/web-stories "HTTP/1.1 200 OK"
2025-12-27 23:22:00,723 | INFO | httpx | HTTP Request: GET https://timesofindia.indiatimes.com/city/jamshedpur/0 "HTTP/1.1 301 Moved Permanently"
2025-12-27 23:22:05,336 | INFO | httpx | HTTP Request: GET https://timesofindia.indiatimes.com/entertainment "HTTP/1.1 200 OK"
2025-12-27 23:22:06,770 | INFO | httpx | HTTP Request: GET https://timesofindia.indiatimes.com/tv/hindi "HTTP/1.1 200 OK"
2025-12-27 23:22:09,896 | INFO | httpx | HTTP Request: GET https://timesofindia.indiatimes.com/weather/chennai-aqi-level-air-quality-index-today/3246 "HTTP/1.1 200 OK"
2025-12-27 23:22:10,415 | INFO | httpx | HTTP Request: GET https://timesofindia.indiatimes.com/weather/hyderabad-aqi-level-air-quality-index-today/3288 "HTTP/1.1 200 OK"
2025-12-27 23:22:11,028 | INFO | httpx | HTTP Request: GET https://timesofindia.indiatimes.com/weather/gurugram-aqi-level-air-quality-index-today/3227 "HTTP/1.1 301 Moved Permanently"
2025-12-27 23:22:12,366 | INFO | httpx | HTTP Request: GET https://timesofindia.indiatimes.com/weather/noida-aqi-level-air-quality-index-today/3319 "HTTP/1.1 200 OK"
2025-12-27 23:22:12,921 | INFO | httpx | HTTP Request: GET https://timesofindia.indiatimes.com/weather/ahmedabad-aqi-level-air-quality-index-today/3252 "HTTP/1.1 200 OK"
2025-12-27 23:22:13,484 | INFO | httpx | HTTP Request: GET https://timesofindia.indiatimes.com/weather/pune-aqi-level-air-quality-index-today/3325 "HTTP/1.1 200 OK"
2025-12-27 23:22:14,015 | INFO | httpx | HTTP Request: GET https://timesofindia.indiatimes.com/weather/jaipur-aqi-level-air-quality-index-today/3302 "HTTP/1.1 200 OK"
2025-12-27 23:22:14,602 | INFO | httpx | HTTP Request: GET https://timesofindia.indiatimes.com/weather/lucknow-aqi-level-air-quality-index-today/3267 "HTTP/1.1 200 OK"
2025-12-27 23:22:15,181 | INFO | httpx | HTTP Request: GET https://timesofindia.indiatimes.com/weather/patna-aqi-level-air-quality-index-today/3234 "HTTP/1.1 301 Moved Permanently"
2025-12-27 23:22:15,631 | INFO | httpx | HTTP Request: GET https://timesofindia.indiatimes.com/weather/patna-aqi-level-air-quality-index-today/1425 "HTTP/1.1 200 OK"
2025-12-27 23:22:16,114 | INFO | httpx | HTTP Request: GET https://timesofindia.indiatimes.com/weather/patna-aqi-level-air-quality-index-today/1425 "HTTP/1.1 200 OK"
2025-12-27 23:22:16,665 | INFO | httpx | HTTP Request: GET https://timesofindia.indiatimes.com/weather/agra-aqi-level-air-quality-index-today/3229 "HTTP/1.1 200 OK"
2025-12-27 23:22:18,677 | INFO | httpx | HTTP Request: GET https://www.indiatimes.com/termsandcondition "HTTP/1.1 200 OK"
2025-12-27 23:22:19,951 | INFO | httpx | HTTP Request: GET https://timesofindia.indiatimes.com/travel/destinations "HTTP/1.1 200 OK"
2025-12-27 23:22:22,241 | INFO | httpx | HTTP Request: GET https://timesofindia.indiatimes.com/sports "HTTP/1.1 200 OK"
2025-12-27 23:22:24,145 | INFO | httpx | HTTP Request: GET https://timesofindia.indiatimes.com/world "HTTP/1.1 200 OK"
2025-12-27 23:22:24,729 | INFO | httpx | HTTP Request: GET https://timesofindia.indiatimes.com/entertainment/hindi/bollywood/news "HTTP/1.1 200 OK"
2025-12-27 23:22:26,918 | INFO | httpx | HTTP Request: GET https://timesofindia.indiatimes.com/travel "HTTP/1.1 301 Moved Permanently"
2025-12-27 23:22:27,526 | INFO | httpx | HTTP Request: GET https://timesofindia.indiatimes.com/travel/ "HTTP/1.1 200 OK"
2025-12-27 23:22:28,147 | INFO | httpx | HTTP Request: GET https://timesofindia.indiatimes.com/travel/ "HTTP/1.1 200 OK"
2025-12-27 23:22:29,330 | INFO | httpx | HTTP Request: GET https://timesofindia.indiatimes.com/business/gold-rates-today/gold-price-in-delhi "HTTP/1.1 200 OK"
2025-12-27 23:22:29,906 | INFO | httpx | HTTP Request: GET https://timesofindia.indiatimes.com/astrology/chinese-horoscope/rat "HTTP/1.1 200 OK"
2025-12-27 23:22:30,523 | INFO | httpx | HTTP Request: GET https://timesofindia.indiatimes.com/business/markets "HTTP/1.1 200 OK"
2025-12-27 23:22:31,068 | INFO | httpx | HTTP Request: GET https://timesofindia.indiatimes.com/astrology "HTTP/1.1 200 OK"
2025-12-27 23:22:32,384 | INFO | httpx | HTTP Request: GET https://timesofindia.indiatimes.com/business/silver-rates-today "HTTP/1.1 200 OK"
2025-12-27 23:22:32,900 | INFO | httpx | HTTP Request: GET https://timesofindia.indiatimes.com/business/gold-rates-today "HTTP/1.1 200 OK"
2025-12-27 23:22:33,487 | INFO | httpx | HTTP Request: GET https://timesofindia.indiatimes.com/business/bank-holidays/is-bank-open-today "HTTP/1.1 200 OK"
2025-12-27 23:22:33,991 | INFO | httpx | HTTP Request: GET https://timesofindia.indiatimes.com/business/bank-holidays/is-bank-open-tomorrow "HTTP/1.1 200 OK"
2025-12-27 23:22:34,534 | INFO | httpx | HTTP Request: GET https://timesofindia.indiatimes.com/business/bank-holidays/december "HTTP/1.1 200 OK"
2025-12-27 23:22:35,773 | INFO | httpx | HTTP Request: GET https://timesofindia.indiatimes.com/business/stock-market-holidays "HTTP/1.1 200 OK"
2025-12-27 23:22:37,028 | INFO | httpx | HTTP Request: GET https://timesofindia.indiatimes.com/technology/tech-news "HTTP/1.1 200 OK"
2025-12-27 23:22:37,524 | INFO | httpx | HTTP Request: GET https://timesofindia.indiatimes.com/sports/international-sports "HTTP/1.1 200 OK"
2025-12-27 23:22:38,019 | INFO | httpx | HTTP Request: GET https://timesofindia.indiatimes.com/india/public-holidays "HTTP/1.1 200 OK"
2025-12-27 23:22:38,522 | INFO | httpx | HTTP Request: GET https://timesofindia.indiatimes.com/business/bank-holidays "HTTP/1.1 200 OK"
2025-12-27 23:22:39,939 | INFO | __main__ | ✓ [1] Gurgaon News: Latest Updates, Breaking Headlines &...
2025-12-27 23:22:40,381 | INFO | httpx | HTTP Request: GET https://timesofindia.indiatimes.com/ "HTTP/1.1 200 OK"
2025-12-27 23:22:40,959 | INFO | httpx | HTTP Request: GET https://timesofindia.indiatimes.com/us "HTTP/1.1 200 OK"
2025-12-27 23:22:41,548 | INFO | httpx | HTTP Request: GET https://navbharattimes.indiatimes.com/ "HTTP/1.1 200 OK"
2025-12-27 23:22:42,710 | INFO | httpx | HTTP Request: GET https://timesofindia.indiatimes.com/weather "HTTP/1.1 200 OK"
2025-12-27 23:22:43,189 | INFO | httpx | HTTP Request: GET https://timesofindia.indiatimes.com "HTTP/1.1 200 OK"
2025-12-27 23:22:43,695 | INFO | httpx | HTTP Request: GET https://timesofindia.indiatimes.com/city "HTTP/1.1 200 OK"
2025-12-27 23:22:44,169 | INFO | httpx | HTTP Request: GET https://timesofindia.indiatimes.com/city/delhi "HTTP/1.1 200 OK"
2025-12-27 23:22:44,646 | INFO | httpx | HTTP Request: GET https://timesofindia.indiatimes.com/city/bangalore "HTTP/1.1 200 OK"
2025-12-27 23:22:45,816 | INFO | httpx | HTTP Request: GET https://timesofindia.indiatimes.com/city/kolkata "HTTP/1.1 200 OK"
2025-12-27 23:22:46,360 | INFO | httpx | HTTP Request: GET https://timesofindia.indiatimes.com/city/chennai "HTTP/1.1 200 OK"
2025-12-27 23:22:46,807 | INFO | httpx | HTTP Request: GET https://timesofindia.indiatimes.com/city/agra "HTTP/1.1 200 OK"
2025-12-27 23:22:47,293 | INFO | httpx | HTTP Request: GET https://timesofindia.indiatimes.com/city/agartala "HTTP/1.1 200 OK"
2025-12-27 23:22:47,772 | INFO | httpx | HTTP Request: GET https://timesofindia.indiatimes.com/city/ahmedabad "HTTP/1.1 200 OK"
2025-12-27 23:22:48,243 | INFO | httpx | HTTP Request: GET https://timesofindia.indiatimes.com/city/ajmer "HTTP/1.1 200 OK"
2025-12-27 23:22:48,713 | INFO | httpx | HTTP Request: GET https://timesofindia.indiatimes.com/city/amaravati "HTTP/1.1 200 OK"
2025-12-27 23:22:49,193 | INFO | httpx | HTTP Request: GET https://timesofindia.indiatimes.com/city/amritsar "HTTP/1.1 200 OK"
2025-12-27 23:22:49,668 | INFO | httpx | HTTP Request: GET https://timesofindia.indiatimes.com/city/bareilly "HTTP/1.1 200 OK"
2025-12-27 23:22:50,144 | INFO | httpx | HTTP Request: GET https://timesofindia.indiatimes.com/city/bhubaneswar "HTTP/1.1 200 OK"
2025-12-27 23:22:50,655 | INFO | httpx | HTTP Request: GET https://timesofindia.indiatimes.com/city/bhopal "HTTP/1.1 200 OK"
2025-12-27 23:22:51,135 | INFO | httpx | HTTP Request: GET https://timesofindia.indiatimes.com/city/chandigarh "HTTP/1.1 200 OK"
2025-12-27 23:22:51,633 | INFO | httpx | HTTP Request: GET https://timesofindia.indiatimes.com/city/aurangabad "HTTP/1.1 200 OK"
2025-12-27 23:22:52,227 | INFO | httpx | HTTP Request: GET https://timesofindia.indiatimes.com/city/coimbatore "HTTP/1.1 200 OK"
2025-12-27 23:22:52,710 | INFO | httpx | HTTP Request: GET https://timesofindia.indiatimes.com/city/cuttack "HTTP/1.1 200 OK"
2025-12-27 23:22:53,215 | INFO | httpx | HTTP Request: GET https://timesofindia.indiatimes.com/city/dehradun "HTTP/1.1 200 OK"
2025-12-27 23:22:53,702 | INFO | httpx | HTTP Request: GET https://timesofindia.indiatimes.com/city/erode "HTTP/1.1 200 OK"
2025-12-27 23:22:54,185 | INFO | httpx | HTTP Request: GET https://timesofindia.indiatimes.com/city/faridabad "HTTP/1.1 200 OK"
2025-12-27 23:22:54,665 | INFO | httpx | HTTP Request: GET https://timesofindia.indiatimes.com/city/imphal "HTTP/1.1 200 OK"
2025-12-27 23:22:55,186 | INFO | httpx | HTTP Request: GET https://timesofindia.indiatimes.com/city/jaipur "HTTP/1.1 200 OK"
2025-12-27 23:22:55,668 | INFO | httpx | HTTP Request: GET https://timesofindia.indiatimes.com/city/jammu "HTTP/1.1 200 OK"
2025-12-27 23:22:56,226 | INFO | httpx | HTTP Request: GET https://timesofindia.indiatimes.com/city/jodhpur "HTTP/1.1 200 OK"
2025-12-27 23:22:56,708 | INFO | httpx | HTTP Request: GET https://timesofindia.indiatimes.com/city/kanpur "HTTP/1.1 200 OK"
2025-12-27 23:22:57,192 | INFO | httpx | HTTP Request: GET https://timesofindia.indiatimes.com/city/kochi "HTTP/1.1 200 OK"
2025-12-27 23:22:57,679 | INFO | httpx | HTTP Request: GET https://timesofindia.indiatimes.com/city/kohima "HTTP/1.1 200 OK"
2025-12-27 23:22:58,247 | INFO | httpx | HTTP Request: GET https://timesofindia.indiatimes.com/city/kolhapur "HTTP/1.1 200 OK"
2025-12-27 23:22:58,734 | INFO | httpx | HTTP Request: GET https://timesofindia.indiatimes.com/city/kozhikode "HTTP/1.1 200 OK"
2025-12-27 23:22:59,225 | INFO | httpx | HTTP Request: GET https://timesofindia.indiatimes.com/city/ludhiana "HTTP/1.1 200 OK"
2025-12-27 23:23:00,303 | INFO | httpx | HTTP Request: GET https://timesofindia.indiatimes.com/city/madurai "HTTP/1.1 200 OK"
2025-12-27 23:23:00,802 | INFO | httpx | HTTP Request: GET https://timesofindia.indiatimes.com/city/mangalore "HTTP/1.1 200 OK"
2025-12-27 23:23:01,287 | INFO | httpx | HTTP Request: GET https://timesofindia.indiatimes.com/city/meerut "HTTP/1.1 200 OK"
2025-12-27 23:23:01,859 | INFO | httpx | HTTP Request: GET https://timesofindia.indiatimes.com/city/mysore "HTTP/1.1 200 OK"
2025-12-27 23:23:02,401 | INFO | httpx | HTTP Request: GET https://timesofindia.indiatimes.com/city/nagpur "HTTP/1.1 200 OK"
2025-12-27 23:23:02,894 | INFO | httpx | HTTP Request: GET https://timesofindia.indiatimes.com/city/nashik "HTTP/1.1 200 OK"
2025-12-27 23:23:03,404 | INFO | httpx | HTTP Request: GET https://timesofindia.indiatimes.com/city/noida "HTTP/1.1 200 OK"
2025-12-27 23:23:04,570 | INFO | httpx | HTTP Request: GET https://timesofindia.indiatimes.com/city/allahabad "HTTP/1.1 200 OK"
2025-12-27 23:23:05,076 | INFO | httpx | HTTP Request: GET https://timesofindia.indiatimes.com/city/puducherry "HTTP/1.1 200 OK"
2025-12-27 23:23:05,559 | INFO | httpx | HTTP Request: GET https://timesofindia.indiatimes.com/city/pune "HTTP/1.1 200 OK"
2025-12-27 23:23:06,031 | INFO | httpx | HTTP Request: GET https://timesofindia.indiatimes.com/city/raipur "HTTP/1.1 200 OK"
2025-12-27 23:23:06,845 | INFO | httpx | HTTP Request: GET https://timesofindia.indiatimes.com/city/ranchi "HTTP/1.1 200 OK"
2025-12-27 23:23:07,346 | INFO | httpx | HTTP Request: GET https://timesofindia.indiatimes.com/city/thane "HTTP/1.1 200 OK"
2025-12-27 23:23:07,857 | INFO | httpx | HTTP Request: GET https://timesofindia.indiatimes.com/city/salem "HTTP/1.1 200 OK"
2025-12-27 23:23:08,352 | INFO | httpx | HTTP Request: GET https://timesofindia.indiatimes.com/city/shillong "HTTP/1.1 200 OK"
2025-12-27 23:23:08,857 | INFO | httpx | HTTP Request: GET https://timesofindia.indiatimes.com/city/shimla "HTTP/1.1 200 OK"
2025-12-27 23:23:09,339 | INFO | httpx | HTTP Request: GET https://timesofindia.indiatimes.com/city/srinagar "HTTP/1.1 200 OK"
2025-12-27 23:23:10,059 | INFO | httpx | HTTP Request: GET https://timesofindia.indiatimes.com/city/surat "HTTP/1.1 200 OK"
2025-12-27 23:23:10,553 | INFO | httpx | HTTP Request: GET https://timesofindia.indiatimes.com/city/trichy "HTTP/1.1 200 OK"
2025-12-27 23:23:11,029 | INFO | httpx | HTTP Request: GET https://timesofindia.indiatimes.com/city/thiruvananthapuram "HTTP/1.1 200 OK"
2025-12-27 23:23:11,502 | INFO | httpx | HTTP Request: GET https://timesofindia.indiatimes.com/city/udaipur "HTTP/1.1 200 OK"
2025-12-27 23:23:12,670 | INFO | httpx | HTTP Request: GET https://timesofindia.indiatimes.com/city/varanasi "HTTP/1.1 200 OK"
2025-12-27 23:23:13,165 | INFO | httpx | HTTP Request: GET https://timesofindia.indiatimes.com/city/vijayawada "HTTP/1.1 200 OK"
2025-12-27 23:23:13,642 | INFO | httpx | HTTP Request: GET https://timesofindia.indiatimes.com/city/visakhapatnam "HTTP/1.1 200 OK"
2025-12-27 23:23:14,160 | INFO | httpx | HTTP Request: GET https://timesofindia.indiatimes.com/city/photos "HTTP/1.1 200 OK"
2025-12-27 23:23:14,653 | INFO | httpx | HTTP Request: GET https://timesofindia.indiatimes.com/city/web-stories "HTTP/1.1 200 OK"
2025-12-27 23:23:15,176 | INFO | httpx | HTTP Request: GET https://timesofindia.indiatimes.com/weather/gurgaon-weather-forecast-today/122001 "HTTP/1.1 301 Moved Permanently"
2025-12-27 23:23:18,522 | INFO | httpx | HTTP Request: GET https://timesofindia.indiatimes.com/city/gurgaon/1 "HTTP/1.1 301 Moved Permanently"
2025-12-27 23:23:23,803 | INFO | httpx | HTTP Request: GET https://timesofindia.indiatimes.com/tv/hindi "HTTP/1.1 200 OK"
2025-12-27 23:23:24,965 | INFO | httpx | HTTP Request: GET https://timesofindia.indiatimes.com/weather/mumbai-aqi-level-air-quality-index-today/3258 "HTTP/1.1 200 OK"
2025-12-27 23:23:25,488 | INFO | httpx | HTTP Request: GET https://timesofindia.indiatimes.com/weather/kolkata-aqi-level-air-quality-index-today/3309 "HTTP/1.1 200 OK"
2025-12-27 23:23:26,025 | INFO | httpx | HTTP Request: GET https://timesofindia.indiatimes.com/weather/bengaluru-aqi-level-air-quality-index-today/3261 "HTTP/1.1 301 Moved Permanently"
2025-12-27 23:23:26,475 | INFO | httpx | HTTP Request: GET https://timesofindia.indiatimes.com/weather/bangalore-aqi-level-air-quality-index-today/3261 "HTTP/1.1 200 OK"
2025-12-27 23:23:26,932 | INFO | httpx | HTTP Request: GET https://timesofindia.indiatimes.com/weather/bangalore-aqi-level-air-quality-index-today/3261 "HTTP/1.1 200 OK"
2025-12-27 23:23:28,824 | INFO | httpx | HTTP Request: GET https://timesofindia.indiatimes.com/weather/gurugram-aqi-level-air-quality-index-today/3227 "HTTP/1.1 301 Moved Permanently"
2025-12-27 23:23:29,223 | INFO | httpx | HTTP Request: GET https://timesofindia.indiatimes.com/weather/gurgaon-aqi-level-air-quality-index-today/3227 "HTTP/1.1 200 OK"
2025-12-27 23:23:29,692 | INFO | httpx | HTTP Request: GET https://timesofindia.indiatimes.com/weather/gurgaon-aqi-level-air-quality-index-today/3227 "HTTP/1.1 200 OK"
2025-12-27 23:23:30,191 | INFO | httpx | HTTP Request: GET https://timesofindia.indiatimes.com/weather/noida-aqi-level-air-quality-index-today/3319 "HTTP/1.1 200 OK"
2025-12-27 23:23:30,680 | INFO | httpx | HTTP Request: GET https://timesofindia.indiatimes.com/weather/ahmedabad-aqi-level-air-quality-index-today/3252 "HTTP/1.1 200 OK"
2025-12-27 23:23:31,177 | INFO | httpx | HTTP Request: GET https://timesofindia.indiatimes.com/weather/pune-aqi-level-air-quality-index-today/3325 "HTTP/1.1 200 OK"
2025-12-27 23:23:31,651 | INFO | httpx | HTTP Request: GET https://timesofindia.indiatimes.com/weather/jaipur-aqi-level-air-quality-index-today/3302 "HTTP/1.1 200 OK"
2025-12-27 23:23:32,147 | INFO | httpx | HTTP Request: GET https://timesofindia.indiatimes.com/weather/lucknow-aqi-level-air-quality-index-today/3267 "HTTP/1.1 200 OK"
2025-12-27 23:23:32,685 | INFO | httpx | HTTP Request: GET https://timesofindia.indiatimes.com/weather/patna-aqi-level-air-quality-index-today/3234 "HTTP/1.1 301 Moved Permanently"
2025-12-27 23:23:33,091 | INFO | httpx | HTTP Request: GET https://timesofindia.indiatimes.com/weather/patna-aqi-level-air-quality-index-today/1425 "HTTP/1.1 200 OK"
2025-12-27 23:23:33,572 | INFO | httpx | HTTP Request: GET https://timesofindia.indiatimes.com/weather/patna-aqi-level-air-quality-index-today/1425 "HTTP/1.1 200 OK"
2025-12-27 23:23:34,101 | INFO | httpx | HTTP Request: GET https://timesofindia.indiatimes.com/weather/agra-aqi-level-air-quality-index-today/3229 "HTTP/1.1 200 OK"
2025-12-27 23:23:34,608 | INFO | httpx | HTTP Request: GET https://timesofindia.indiatimes.com/weather/chandigarh-aqi-level-air-quality-index-today/3259 "HTTP/1.1 200 OK"
2025-12-27 23:23:37,086 | INFO | httpx | HTTP Request: GET https://timesofindia.indiatimes.com/travel/destinations "HTTP/1.1 200 OK"
2025-12-27 23:23:39,214 | INFO | httpx | HTTP Request: GET https://timesofindia.indiatimes.com/sports "HTTP/1.1 200 OK"
2025-12-27 23:23:39,714 | INFO | httpx | HTTP Request: GET https://timesofindia.indiatimes.com/business "HTTP/1.1 200 OK"
2025-12-27 23:23:40,206 | INFO | httpx | HTTP Request: GET https://timesofindia.indiatimes.com/india "HTTP/1.1 200 OK"
2025-12-27 23:23:40,687 | INFO | httpx | HTTP Request: GET https://timesofindia.indiatimes.com/world "HTTP/1.1 200 OK"
2025-12-27 23:23:41,208 | INFO | httpx | HTTP Request: GET https://timesofindia.indiatimes.com/entertainment/hindi/bollywood/news "HTTP/1.1 200 OK"
2025-12-27 23:23:43,021 | INFO | httpx | HTTP Request: GET https://timesofindia.indiatimes.com/technology "HTTP/1.1 200 OK"
2025-12-27 23:23:43,518 | INFO | httpx | HTTP Request: GET https://timesofindia.indiatimes.com/travel "HTTP/1.1 301 Moved Permanently"
2025-12-27 23:23:45,272 | INFO | httpx | HTTP Request: GET https://timesofindia.indiatimes.com/business/gold-rates-today/gold-price-in-delhi "HTTP/1.1 200 OK"
2025-12-27 23:23:45,862 | INFO | httpx | HTTP Request: GET https://timesofindia.indiatimes.com/astrology/chinese-horoscope/rat "HTTP/1.1 200 OK"
2025-12-27 23:23:46,292 | INFO | httpx | HTTP Request: GET https://timesofindia.indiatimes.com/business/markets "HTTP/1.1 200 OK"
2025-12-27 23:23:46,779 | INFO | httpx | HTTP Request: GET https://timesofindia.indiatimes.com/astrology "HTTP/1.1 200 OK"
2025-12-27 23:23:47,266 | INFO | httpx | HTTP Request: GET https://timesofindia.indiatimes.com/business/platinum-rates-today "HTTP/1.1 200 OK"
2025-12-27 23:23:47,736 | INFO | httpx | HTTP Request: GET https://timesofindia.indiatimes.com/business/silver-rates-today "HTTP/1.1 200 OK"
2025-12-27 23:23:48,348 | INFO | httpx | HTTP Request: GET https://timesofindia.indiatimes.com/business/gold-rates-today "HTTP/1.1 200 OK"
2025-12-27 23:23:48,841 | INFO | httpx | HTTP Request: GET https://timesofindia.indiatimes.com/business/bank-holidays/is-bank-open-today "HTTP/1.1 200 OK"
2025-12-27 23:23:49,317 | INFO | httpx | HTTP Request: GET https://timesofindia.indiatimes.com/business/bank-holidays/is-bank-open-tomorrow "HTTP/1.1 200 OK"
2025-12-27 23:23:49,812 | INFO | httpx | HTTP Request: GET https://timesofindia.indiatimes.com/business/bank-holidays/december "HTTP/1.1 200 OK"
2025-12-27 23:23:50,305 | INFO | httpx | HTTP Request: GET https://timesofindia.indiatimes.com/india/public-holidays/december "HTTP/1.1 200 OK"
2025-12-27 23:23:50,774 | INFO | httpx | HTTP Request: GET https://timesofindia.indiatimes.com/business/stock-market-holidays "HTTP/1.1 200 OK"
2025-12-27 23:23:51,239 | INFO | httpx | HTTP Request: GET https://timesofindia.indiatimes.com/sports/nfl/schedule "HTTP/1.1 200 OK"
2025-12-27 23:23:51,704 | INFO | httpx | HTTP Request: GET https://timesofindia.indiatimes.com/technology/tech-news "HTTP/1.1 200 OK"
2025-12-27 23:23:52,182 | INFO | httpx | HTTP Request: GET https://timesofindia.indiatimes.com/sports/international-sports "HTTP/1.1 200 OK"
2025-12-27 23:23:52,703 | INFO | httpx | HTTP Request: GET https://timesofindia.indiatimes.com/india/public-holidays "HTTP/1.1 200 OK"
2025-12-27 23:23:53,194 | INFO | httpx | HTTP Request: GET https://timesofindia.indiatimes.com/business/bank-holidays "HTTP/1.1 200 OK"
2025-12-27 23:23:55,062 | INFO | __main__ | ✓ [1] Goa News: Latest News, Headlines & Updates on Crim...
2025-12-27 23:23:55,519 | INFO | httpx | HTTP Request: GET https://timesofindia.indiatimes.com/ "HTTP/1.1 200 OK"
2025-12-27 23:23:56,061 | INFO | httpx | HTTP Request: GET https://timesofindia.indiatimes.com/us "HTTP/1.1 200 OK"
2025-12-27 23:23:56,570 | INFO | httpx | HTTP Request: GET https://navbharattimes.indiatimes.com/ "HTTP/1.1 200 OK"
2025-12-27 23:23:58,032 | INFO | httpx | HTTP Request: GET https://timesofindia.indiatimes.com/weather "HTTP/1.1 200 OK"
2025-12-27 23:23:58,548 | INFO | httpx | HTTP Request: GET https://timesofindia.indiatimes.com "HTTP/1.1 200 OK"
2025-12-27 23:23:59,143 | INFO | httpx | HTTP Request: GET https://timesofindia.indiatimes.com/city "HTTP/1.1 200 OK"
2025-12-27 23:23:59,687 | INFO | httpx | HTTP Request: GET https://timesofindia.indiatimes.com/city/delhi "HTTP/1.1 200 OK"
2025-12-27 23:24:00,248 | INFO | httpx | HTTP Request: GET https://timesofindia.indiatimes.com/city/bangalore "HTTP/1.1 200 OK"
2025-12-27 23:24:00,720 | INFO | httpx | HTTP Request: GET https://timesofindia.indiatimes.com/city/hyderabad "HTTP/1.1 200 OK"
2025-12-27 23:24:01,237 | INFO | httpx | HTTP Request: GET https://timesofindia.indiatimes.com/city/kolkata "HTTP/1.1 200 OK"
2025-12-27 23:24:01,757 | INFO | httpx | HTTP Request: GET https://timesofindia.indiatimes.com/city/chennai "HTTP/1.1 200 OK"
2025-12-27 23:24:02,233 | INFO | httpx | HTTP Request: GET https://timesofindia.indiatimes.com/city/agra "HTTP/1.1 200 OK"
2025-12-27 23:24:02,715 | INFO | httpx | HTTP Request: GET https://timesofindia.indiatimes.com/city/agartala "HTTP/1.1 200 OK"
2025-12-27 23:24:03,228 | INFO | httpx | HTTP Request: GET https://timesofindia.indiatimes.com/city/ahmedabad "HTTP/1.1 200 OK"
2025-12-27 23:24:03,743 | INFO | httpx | HTTP Request: GET https://timesofindia.indiatimes.com/city/ajmer "HTTP/1.1 200 OK"
2025-12-27 23:24:04,216 | INFO | httpx | HTTP Request: GET https://timesofindia.indiatimes.com/city/amaravati "HTTP/1.1 200 OK"
2025-12-27 23:24:04,685 | INFO | httpx | HTTP Request: GET https://timesofindia.indiatimes.com/city/amritsar "HTTP/1.1 200 OK"
2025-12-27 23:24:05,183 | INFO | httpx | HTTP Request: GET https://timesofindia.indiatimes.com/city/bareilly "HTTP/1.1 200 OK"
2025-12-27 23:24:05,660 | INFO | httpx | HTTP Request: GET https://timesofindia.indiatimes.com/city/bhubaneswar "HTTP/1.1 200 OK"
2025-12-27 23:24:06,136 | INFO | httpx | HTTP Request: GET https://timesofindia.indiatimes.com/city/bhopal "HTTP/1.1 200 OK"
2025-12-27 23:24:06,617 | INFO | httpx | HTTP Request: GET https://timesofindia.indiatimes.com/city/chandigarh "HTTP/1.1 200 OK"
2025-12-27 23:24:07,116 | INFO | httpx | HTTP Request: GET https://timesofindia.indiatimes.com/city/aurangabad "HTTP/1.1 200 OK"
2025-12-27 23:24:07,597 | INFO | httpx | HTTP Request: GET https://timesofindia.indiatimes.com/city/coimbatore "HTTP/1.1 200 OK"
2025-12-27 23:24:08,070 | INFO | httpx | HTTP Request: GET https://timesofindia.indiatimes.com/city/cuttack "HTTP/1.1 200 OK"
2025-12-27 23:24:08,568 | INFO | httpx | HTTP Request: GET https://timesofindia.indiatimes.com/city/dehradun "HTTP/1.1 200 OK"
2025-12-27 23:24:09,060 | INFO | httpx | HTTP Request: GET https://timesofindia.indiatimes.com/city/erode "HTTP/1.1 200 OK"
2025-12-27 23:24:09,535 | INFO | httpx | HTTP Request: GET https://timesofindia.indiatimes.com/city/faridabad "HTTP/1.1 200 OK"
2025-12-27 23:24:10,026 | INFO | httpx | HTTP Request: GET https://timesofindia.indiatimes.com/city/imphal "HTTP/1.1 200 OK"
2025-12-27 23:24:10,509 | INFO | httpx | HTTP Request: GET https://timesofindia.indiatimes.com/city/jaipur "HTTP/1.1 200 OK"
2025-12-27 23:24:11,006 | INFO | httpx | HTTP Request: GET https://timesofindia.indiatimes.com/city/jammu "HTTP/1.1 200 OK"
2025-12-27 23:24:11,480 | INFO | httpx | HTTP Request: GET https://timesofindia.indiatimes.com/city/jodhpur "HTTP/1.1 200 OK"
2025-12-27 23:24:12,070 | INFO | httpx | HTTP Request: GET https://timesofindia.indiatimes.com/city/kanpur "HTTP/1.1 200 OK"
2025-12-27 23:24:12,664 | INFO | httpx | HTTP Request: GET https://timesofindia.indiatimes.com/city/kochi "HTTP/1.1 200 OK"
2025-12-27 23:24:13,430 | INFO | httpx | HTTP Request: GET https://timesofindia.indiatimes.com/city/kohima "HTTP/1.1 200 OK"
2025-12-27 23:24:13,927 | INFO | httpx | HTTP Request: GET https://timesofindia.indiatimes.com/city/kolhapur "HTTP/1.1 200 OK"
2025-12-27 23:24:14,406 | INFO | httpx | HTTP Request: GET https://timesofindia.indiatimes.com/city/kozhikode "HTTP/1.1 200 OK"
2025-12-27 23:24:14,881 | INFO | httpx | HTTP Request: GET https://timesofindia.indiatimes.com/city/ludhiana "HTTP/1.1 200 OK"
2025-12-27 23:24:15,358 | INFO | httpx | HTTP Request: GET https://timesofindia.indiatimes.com/city/lucknow "HTTP/1.1 200 OK"
2025-12-27 23:24:15,864 | INFO | httpx | HTTP Request: GET https://timesofindia.indiatimes.com/city/madurai "HTTP/1.1 200 OK"
2025-12-27 23:24:17,023 | INFO | httpx | HTTP Request: GET https://timesofindia.indiatimes.com/city/meerut "HTTP/1.1 200 OK"
2025-12-27 23:24:17,522 | INFO | httpx | HTTP Request: GET https://timesofindia.indiatimes.com/city/mysore "HTTP/1.1 200 OK"
2025-12-27 23:24:18,009 | INFO | httpx | HTTP Request: GET https://timesofindia.indiatimes.com/city/nagpur "HTTP/1.1 200 OK"
2025-12-27 23:24:18,482 | INFO | httpx | HTTP Request: GET https://timesofindia.indiatimes.com/city/nashik "HTTP/1.1 200 OK"
2025-12-27 23:24:18,981 | INFO | httpx | HTTP Request: GET https://timesofindia.indiatimes.com/city/noida "HTTP/1.1 200 OK"
2025-12-27 23:24:19,517 | INFO | httpx | HTTP Request: GET https://timesofindia.indiatimes.com/city/patna "HTTP/1.1 200 OK"
2025-12-27 23:24:20,676 | INFO | httpx | HTTP Request: GET https://timesofindia.indiatimes.com/city/puducherry "HTTP/1.1 200 OK"
2025-12-27 23:24:21,160 | INFO | httpx | HTTP Request: GET https://timesofindia.indiatimes.com/city/pune "HTTP/1.1 200 OK"
2025-12-27 23:24:21,660 | INFO | httpx | HTTP Request: GET https://timesofindia.indiatimes.com/city/raipur "HTTP/1.1 200 OK"
2025-12-27 23:24:22,156 | INFO | httpx | HTTP Request: GET https://timesofindia.indiatimes.com/city/rajkot "HTTP/1.1 200 OK"
2025-12-27 23:24:22,631 | INFO | httpx | HTTP Request: GET https://timesofindia.indiatimes.com/city/ranchi "HTTP/1.1 200 OK"
2025-12-27 23:24:23,117 | INFO | httpx | HTTP Request: GET https://timesofindia.indiatimes.com/city/thane "HTTP/1.1 200 OK"
2025-12-27 23:24:23,621 | INFO | httpx | HTTP Request: GET https://timesofindia.indiatimes.com/city/salem "HTTP/1.1 200 OK"
2025-12-27 23:24:24,119 | INFO | httpx | HTTP Request: GET https://timesofindia.indiatimes.com/city/shillong "HTTP/1.1 200 OK"
2025-12-27 23:24:24,611 | INFO | httpx | HTTP Request: GET https://timesofindia.indiatimes.com/city/shimla "HTTP/1.1 200 OK"
2025-12-27 23:24:25,115 | INFO | httpx | HTTP Request: GET https://timesofindia.indiatimes.com/city/srinagar "HTTP/1.1 200 OK"
2025-12-27 23:24:25,614 | INFO | httpx | HTTP Request: GET https://timesofindia.indiatimes.com/city/surat "HTTP/1.1 200 OK"
2025-12-27 23:24:26,121 | INFO | httpx | HTTP Request: GET https://timesofindia.indiatimes.com/city/trichy "HTTP/1.1 200 OK"
2025-12-27 23:24:26,650 | INFO | httpx | HTTP Request: GET https://timesofindia.indiatimes.com/city/thiruvananthapuram "HTTP/1.1 200 OK"
2025-12-27 23:24:27,134 | INFO | httpx | HTTP Request: GET https://timesofindia.indiatimes.com/city/udaipur "HTTP/1.1 200 OK"
2025-12-27 23:24:27,635 | INFO | httpx | HTTP Request: GET https://timesofindia.indiatimes.com/city/vadodara "HTTP/1.1 200 OK"
2025-12-27 23:24:28,121 | INFO | httpx | HTTP Request: GET https://timesofindia.indiatimes.com/city/varanasi "HTTP/1.1 200 OK"
2025-12-27 23:24:28,580 | INFO | httpx | HTTP Request: GET https://timesofindia.indiatimes.com/city/vijayawada "HTTP/1.1 200 OK"
2025-12-27 23:24:29,131 | INFO | httpx | HTTP Request: GET https://timesofindia.indiatimes.com/city/visakhapatnam "HTTP/1.1 200 OK"
2025-12-27 23:24:29,617 | INFO | httpx | HTTP Request: GET https://timesofindia.indiatimes.com/city/photos "HTTP/1.1 200 OK"
2025-12-27 23:24:30,090 | INFO | httpx | HTTP Request: GET https://timesofindia.indiatimes.com/city/web-stories "HTTP/1.1 200 OK"
2025-12-27 23:24:31,896 | INFO | httpx | HTTP Request: GET https://timesofindia.indiatimes.com/city/goa/0 "HTTP/1.1 301 Moved Permanently"
2025-12-27 23:24:32,287 | INFO | httpx | HTTP Request: GET https://timesofindia.indiatimes.com/city/goa "HTTP/1.1 200 OK"
2025-12-27 23:24:32,736 | INFO | httpx | HTTP Request: GET https://timesofindia.indiatimes.com/city/goa "HTTP/1.1 200 OK"
2025-12-27 23:24:35,279 | INFO | httpx | HTTP Request: GET https://timesofindia.indiatimes.com/city/goa/4 "HTTP/1.1 200 OK"
2025-12-27 23:24:37,500 | INFO | httpx | HTTP Request: GET https://timesofindia.indiatimes.com/tv/hindi "HTTP/1.1 200 OK"
2025-12-27 23:24:38,633 | INFO | httpx | HTTP Request: GET https://timesofindia.indiatimes.com/weather/mumbai-aqi-level-air-quality-index-today/3258 "HTTP/1.1 200 OK"
2025-12-27 23:24:39,123 | INFO | httpx | HTTP Request: GET https://timesofindia.indiatimes.com/weather/kolkata-aqi-level-air-quality-index-today/3309 "HTTP/1.1 200 OK"
2025-12-27 23:24:40,316 | INFO | httpx | HTTP Request: GET https://timesofindia.indiatimes.com/weather/chennai-aqi-level-air-quality-index-today/3246 "HTTP/1.1 200 OK"
2025-12-27 23:24:40,814 | INFO | httpx | HTTP Request: GET https://timesofindia.indiatimes.com/weather/hyderabad-aqi-level-air-quality-index-today/3288 "HTTP/1.1 200 OK"
2025-12-27 23:24:41,995 | INFO | httpx | HTTP Request: GET https://timesofindia.indiatimes.com/weather/noida-aqi-level-air-quality-index-today/3319 "HTTP/1.1 200 OK"
2025-12-27 23:24:42,538 | INFO | httpx | HTTP Request: GET https://timesofindia.indiatimes.com/weather/ahmedabad-aqi-level-air-quality-index-today/3252 "HTTP/1.1 200 OK"
2025-12-27 23:24:43,711 | INFO | httpx | HTTP Request: GET https://timesofindia.indiatimes.com/weather/jaipur-aqi-level-air-quality-index-today/3302 "HTTP/1.1 200 OK"
2025-12-27 23:24:44,194 | INFO | httpx | HTTP Request: GET https://timesofindia.indiatimes.com/weather/lucknow-aqi-level-air-quality-index-today/3267 "HTTP/1.1 200 OK"
2025-12-27 23:24:46,046 | INFO | httpx | HTTP Request: GET https://timesofindia.indiatimes.com/weather/chandigarh-aqi-level-air-quality-index-today/3259 "HTTP/1.1 200 OK"
2025-12-27 23:24:46,549 | INFO | httpx | HTTP Request: GET https://timesofindia.indiatimes.com/sports/cricket/icc-mens-t20-world-cup/schedule "HTTP/1.1 200 OK"
2025-12-27 23:24:47,183 | INFO | httpx | HTTP Request: GET https://www.indiatimes.com/termsandcondition "HTTP/1.1 200 OK"
2025-12-27 23:24:47,917 | INFO | httpx | HTTP Request: GET https://timesofindia.indiatimes.com/life-style/food-news "HTTP/1.1 200 OK"
2025-12-27 23:24:48,381 | INFO | httpx | HTTP Request: GET https://timesofindia.indiatimes.com/travel/destinations "HTTP/1.1 200 OK"
2025-12-27 23:24:49,760 | INFO | httpx | HTTP Request: GET https://gadgetsnow.indiatimes.com/?_gl=1%2Ah4drpd%2A_ga%2AMjAzNTc2Njg5OS4xNzI3MjUzODEz%2A_ga_FCN624MN68%2AMTczNzQ1MDg1OS4xMzIuMS4xNzM3NDUzMzIyLjU0LjAuMA.. "HTTP/1.1 200 OK"
2025-12-27 23:24:50,932 | INFO | httpx | HTTP Request: GET https://timesofindia.indiatimes.com/sports "HTTP/1.1 200 OK"
2025-12-27 23:24:51,439 | INFO | httpx | HTTP Request: GET https://timesofindia.indiatimes.com/business "HTTP/1.1 200 OK"
2025-12-27 23:24:51,977 | INFO | httpx | HTTP Request: GET https://timesofindia.indiatimes.com/india "HTTP/1.1 200 OK"
2025-12-27 23:24:52,424 | INFO | httpx | HTTP Request: GET https://timesofindia.indiatimes.com/world "HTTP/1.1 200 OK"
2025-12-27 23:24:54,973 | INFO | httpx | HTTP Request: GET https://timesofindia.indiatimes.com/technology "HTTP/1.1 200 OK"
2025-12-27 23:24:55,465 | INFO | httpx | HTTP Request: GET https://timesofindia.indiatimes.com/travel "HTTP/1.1 301 Moved Permanently"
2025-12-27 23:24:55,953 | INFO | httpx | HTTP Request: GET https://timesofindia.indiatimes.com/travel/ "HTTP/1.1 200 OK"
2025-12-27 23:24:56,385 | INFO | httpx | HTTP Request: GET https://timesofindia.indiatimes.com/travel/ "HTTP/1.1 200 OK"
2025-12-27 23:24:57,498 | INFO | httpx | HTTP Request: GET https://timesofindia.indiatimes.com/business/gold-rates-today/gold-price-in-delhi "HTTP/1.1 200 OK"
2025-12-27 23:24:57,983 | INFO | httpx | HTTP Request: GET https://timesofindia.indiatimes.com/astrology/chinese-horoscope/rat "HTTP/1.1 200 OK"
2025-12-27 23:24:58,457 | INFO | httpx | HTTP Request: GET https://timesofindia.indiatimes.com/business/markets "HTTP/1.1 200 OK"
2025-12-27 23:24:58,983 | INFO | httpx | HTTP Request: GET https://timesofindia.indiatimes.com/astrology "HTTP/1.1 200 OK"
2025-12-27 23:24:59,472 | INFO | httpx | HTTP Request: GET https://timesofindia.indiatimes.com/business/platinum-rates-today "HTTP/1.1 200 OK"
2025-12-27 23:24:59,948 | INFO | httpx | HTTP Request: GET https://timesofindia.indiatimes.com/business/silver-rates-today "HTTP/1.1 200 OK"
2025-12-27 23:25:00,423 | INFO | httpx | HTTP Request: GET https://timesofindia.indiatimes.com/business/gold-rates-today "HTTP/1.1 200 OK"
2025-12-27 23:25:00,900 | INFO | httpx | HTTP Request: GET https://timesofindia.indiatimes.com/business/bank-holidays/is-bank-open-today "HTTP/1.1 200 OK"
2025-12-27 23:25:02,090 | INFO | httpx | HTTP Request: GET https://timesofindia.indiatimes.com/business/bank-holidays/december "HTTP/1.1 200 OK"
2025-12-27 23:25:02,885 | INFO | httpx | HTTP Request: GET https://timesofindia.indiatimes.com/business/stock-market-holidays "HTTP/1.1 200 OK"
2025-12-27 23:25:03,365 | INFO | httpx | HTTP Request: GET https://timesofindia.indiatimes.com/sports/nfl/schedule "HTTP/1.1 200 OK"
2025-12-27 23:25:03,839 | INFO | httpx | HTTP Request: GET https://timesofindia.indiatimes.com/technology/tech-news "HTTP/1.1 200 OK"
2025-12-27 23:25:04,311 | INFO | httpx | HTTP Request: GET https://timesofindia.indiatimes.com/sports/international-sports "HTTP/1.1 200 OK"
2025-12-27 23:25:04,825 | INFO | httpx | HTTP Request: GET https://timesofindia.indiatimes.com/india/public-holidays "HTTP/1.1 200 OK"
2025-12-27 23:25:05,318 | INFO | httpx | HTTP Request: GET https://timesofindia.indiatimes.com/business/bank-holidays "HTTP/1.1 200 OK"
2025-12-27 23:25:07,489 | INFO | __main__ | ✓ [1] Guwahati News - Latest Headlines & Live News Updat...
2025-12-27 23:25:07,911 | INFO | httpx | HTTP Request: GET https://timesofindia.indiatimes.com/ "HTTP/1.1 200 OK"
2025-12-27 23:25:08,472 | INFO | httpx | HTTP Request: GET https://timesofindia.indiatimes.com/us "HTTP/1.1 200 OK"
2025-12-27 23:25:09,075 | INFO | httpx | HTTP Request: GET https://navbharattimes.indiatimes.com/ "HTTP/1.1 200 OK"
2025-12-27 23:25:10,140 | INFO | httpx | HTTP Request: GET https://bangla.indiatimes.com/ "HTTP/1.1 200 OK"
2025-12-27 23:25:10,664 | INFO | httpx | HTTP Request: GET https://timesofindia.indiatimes.com/weather "HTTP/1.1 200 OK"
2025-12-27 23:25:11,153 | INFO | httpx | HTTP Request: GET https://timesofindia.indiatimes.com "HTTP/1.1 200 OK"
2025-12-27 23:25:11,757 | INFO | httpx | HTTP Request: GET https://timesofindia.indiatimes.com/city "HTTP/1.1 200 OK"
2025-12-27 23:25:12,251 | INFO | httpx | HTTP Request: GET https://timesofindia.indiatimes.com/city/delhi "HTTP/1.1 200 OK"
2025-12-27 23:25:12,751 | INFO | httpx | HTTP Request: GET https://timesofindia.indiatimes.com/city/bangalore "HTTP/1.1 200 OK"
2025-12-27 23:25:13,247 | INFO | httpx | HTTP Request: GET https://timesofindia.indiatimes.com/city/hyderabad "HTTP/1.1 200 OK"
2025-12-27 23:25:13,732 | INFO | httpx | HTTP Request: GET https://timesofindia.indiatimes.com/city/kolkata "HTTP/1.1 200 OK"
2025-12-27 23:25:14,231 | INFO | httpx | HTTP Request: GET https://timesofindia.indiatimes.com/city/chennai "HTTP/1.1 200 OK"
2025-12-27 23:25:14,739 | INFO | httpx | HTTP Request: GET https://timesofindia.indiatimes.com/city/agra "HTTP/1.1 200 OK"
2025-12-27 23:25:15,208 | INFO | httpx | HTTP Request: GET https://timesofindia.indiatimes.com/city/agartala "HTTP/1.1 200 OK"
2025-12-27 23:25:15,679 | INFO | httpx | HTTP Request: GET https://timesofindia.indiatimes.com/city/ahmedabad "HTTP/1.1 200 OK"
2025-12-27 23:25:17,145 | INFO | httpx | HTTP Request: GET https://timesofindia.indiatimes.com/city/amritsar "HTTP/1.1 200 OK"
2025-12-27 23:25:17,628 | INFO | httpx | HTTP Request: GET https://timesofindia.indiatimes.com/city/bareilly "HTTP/1.1 200 OK"
2025-12-27 23:25:18,101 | INFO | httpx | HTTP Request: GET https://timesofindia.indiatimes.com/city/bhubaneswar "HTTP/1.1 200 OK"
2025-12-27 23:25:18,593 | INFO | httpx | HTTP Request: GET https://timesofindia.indiatimes.com/city/bhopal "HTTP/1.1 200 OK"
2025-12-27 23:25:19,080 | INFO | httpx | HTTP Request: GET https://timesofindia.indiatimes.com/city/chandigarh "HTTP/1.1 200 OK"
2025-12-27 23:25:19,561 | INFO | httpx | HTTP Request: GET https://timesofindia.indiatimes.com/city/aurangabad "HTTP/1.1 200 OK"
2025-12-27 23:25:20,044 | INFO | httpx | HTTP Request: GET https://timesofindia.indiatimes.com/city/coimbatore "HTTP/1.1 200 OK"
2025-12-27 23:25:20,525 | INFO | httpx | HTTP Request: GET https://timesofindia.indiatimes.com/city/cuttack "HTTP/1.1 200 OK"
2025-12-27 23:25:21,011 | INFO | httpx | HTTP Request: GET https://timesofindia.indiatimes.com/city/dehradun "HTTP/1.1 200 OK"
2025-12-27 23:25:21,480 | INFO | httpx | HTTP Request: GET https://timesofindia.indiatimes.com/city/erode "HTTP/1.1 200 OK"
2025-12-27 23:25:21,960 | INFO | httpx | HTTP Request: GET https://timesofindia.indiatimes.com/city/faridabad "HTTP/1.1 200 OK"
2025-12-27 23:25:22,448 | INFO | httpx | HTTP Request: GET https://timesofindia.indiatimes.com/city/imphal "HTTP/1.1 200 OK"
2025-12-27 23:25:22,937 | INFO | httpx | HTTP Request: GET https://timesofindia.indiatimes.com/city/jaipur "HTTP/1.1 200 OK"
2025-12-27 23:25:23,422 | INFO | httpx | HTTP Request: GET https://timesofindia.indiatimes.com/city/jammu "HTTP/1.1 200 OK"
2025-12-27 23:25:23,902 | INFO | httpx | HTTP Request: GET https://timesofindia.indiatimes.com/city/jodhpur "HTTP/1.1 200 OK"
2025-12-27 23:25:24,387 | INFO | httpx | HTTP Request: GET https://timesofindia.indiatimes.com/city/kanpur "HTTP/1.1 200 OK"
2025-12-27 23:25:24,866 | INFO | httpx | HTTP Request: GET https://timesofindia.indiatimes.com/city/kochi "HTTP/1.1 200 OK"
2025-12-27 23:25:25,349 | INFO | httpx | HTTP Request: GET https://timesofindia.indiatimes.com/city/kohima "HTTP/1.1 200 OK"
2025-12-27 23:25:25,852 | INFO | httpx | HTTP Request: GET https://timesofindia.indiatimes.com/city/kolhapur "HTTP/1.1 200 OK"
2025-12-27 23:25:26,340 | INFO | httpx | HTTP Request: GET https://timesofindia.indiatimes.com/city/kozhikode "HTTP/1.1 200 OK"
2025-12-27 23:25:26,819 | INFO | httpx | HTTP Request: GET https://timesofindia.indiatimes.com/city/ludhiana "HTTP/1.1 200 OK"
2025-12-27 23:25:27,442 | INFO | httpx | HTTP Request: GET https://timesofindia.indiatimes.com/city/lucknow "HTTP/1.1 200 OK"
2025-12-27 23:25:27,906 | INFO | httpx | HTTP Request: GET https://timesofindia.indiatimes.com/city/madurai "HTTP/1.1 200 OK"
2025-12-27 23:25:28,375 | INFO | httpx | HTTP Request: GET https://timesofindia.indiatimes.com/city/mangalore "HTTP/1.1 200 OK"
2025-12-27 23:25:28,853 | INFO | httpx | HTTP Request: GET https://timesofindia.indiatimes.com/city/meerut "HTTP/1.1 200 OK"
2025-12-27 23:25:29,353 | INFO | httpx | HTTP Request: GET https://timesofindia.indiatimes.com/city/mysore "HTTP/1.1 200 OK"
2025-12-27 23:25:29,847 | INFO | httpx | HTTP Request: GET https://timesofindia.indiatimes.com/city/nagpur "HTTP/1.1 200 OK"
2025-12-27 23:25:30,353 | INFO | httpx | HTTP Request: GET https://timesofindia.indiatimes.com/city/nashik "HTTP/1.1 200 OK"
2025-12-27 23:25:30,866 | INFO | httpx | HTTP Request: GET https://timesofindia.indiatimes.com/city/noida "HTTP/1.1 200 OK"
2025-12-27 23:25:31,344 | INFO | httpx | HTTP Request: GET https://timesofindia.indiatimes.com/city/patna "HTTP/1.1 200 OK"
2025-12-27 23:25:31,832 | INFO | httpx | HTTP Request: GET https://timesofindia.indiatimes.com/city/allahabad "HTTP/1.1 200 OK"
2025-12-27 23:25:32,313 | INFO | httpx | HTTP Request: GET https://timesofindia.indiatimes.com/city/puducherry "HTTP/1.1 200 OK"
2025-12-27 23:25:32,791 | INFO | httpx | HTTP Request: GET https://timesofindia.indiatimes.com/city/pune "HTTP/1.1 200 OK"
2025-12-27 23:25:33,272 | INFO | httpx | HTTP Request: GET https://timesofindia.indiatimes.com/city/raipur "HTTP/1.1 200 OK"
2025-12-27 23:25:33,764 | INFO | httpx | HTTP Request: GET https://timesofindia.indiatimes.com/city/rajkot "HTTP/1.1 200 OK"
2025-12-27 23:25:34,219 | INFO | httpx | HTTP Request: GET https://timesofindia.indiatimes.com/city/ranchi "HTTP/1.1 200 OK"
2025-12-27 23:25:35,421 | INFO | httpx | HTTP Request: GET https://timesofindia.indiatimes.com/city/salem "HTTP/1.1 200 OK"
2025-12-27 23:25:35,917 | INFO | httpx | HTTP Request: GET https://timesofindia.indiatimes.com/city/shillong "HTTP/1.1 200 OK"
2025-12-27 23:25:36,390 | INFO | httpx | HTTP Request: GET https://timesofindia.indiatimes.com/city/shimla "HTTP/1.1 200 OK"
2025-12-27 23:25:37,202 | INFO | httpx | HTTP Request: GET https://timesofindia.indiatimes.com/city/surat "HTTP/1.1 200 OK"
2025-12-27 23:25:37,697 | INFO | httpx | HTTP Request: GET https://timesofindia.indiatimes.com/city/trichy "HTTP/1.1 200 OK"
2025-12-27 23:25:38,188 | INFO | httpx | HTTP Request: GET https://timesofindia.indiatimes.com/city/thiruvananthapuram "HTTP/1.1 200 OK"
2025-12-27 23:25:38,669 | INFO | httpx | HTTP Request: GET https://timesofindia.indiatimes.com/city/udaipur "HTTP/1.1 200 OK"
2025-12-27 23:25:39,143 | INFO | httpx | HTTP Request: GET https://timesofindia.indiatimes.com/city/vadodara "HTTP/1.1 200 OK"
2025-12-27 23:25:39,621 | INFO | httpx | HTTP Request: GET https://timesofindia.indiatimes.com/city/varanasi "HTTP/1.1 200 OK"
2025-12-27 23:25:40,101 | INFO | httpx | HTTP Request: GET https://timesofindia.indiatimes.com/city/vijayawada "HTTP/1.1 200 OK"
2025-12-27 23:25:40,606 | INFO | httpx | HTTP Request: GET https://timesofindia.indiatimes.com/city/visakhapatnam "HTTP/1.1 200 OK"
2025-12-27 23:25:41,094 | INFO | httpx | HTTP Request: GET https://timesofindia.indiatimes.com/city/photos "HTTP/1.1 200 OK"
2025-12-27 23:25:41,551 | INFO | httpx | HTTP Request: GET https://timesofindia.indiatimes.com/city/web-stories "HTTP/1.1 200 OK"
2025-12-27 23:25:44,211 | INFO | httpx | HTTP Request: GET https://timesofindia.indiatimes.com/city/guwahati/1 "HTTP/1.1 301 Moved Permanently"
2025-12-27 23:25:51,623 | INFO | httpx | HTTP Request: GET https://timesofindia.indiatimes.com/weather/kolkata-aqi-level-air-quality-index-today/3309 "HTTP/1.1 200 OK"
2025-12-27 23:25:56,254 | INFO | httpx | HTTP Request: GET https://timesofindia.indiatimes.com/weather/pune-aqi-level-air-quality-index-today/3325 "HTTP/1.1 200 OK"
2025-12-27 23:25:56,911 | INFO | httpx | HTTP Request: GET https://timesofindia.indiatimes.com/weather/jaipur-aqi-level-air-quality-index-today/3302 "HTTP/1.1 200 OK"
2025-12-27 23:25:57,511 | INFO | httpx | HTTP Request: GET https://timesofindia.indiatimes.com/weather/lucknow-aqi-level-air-quality-index-today/3267 "HTTP/1.1 200 OK"
2025-12-27 23:25:59,643 | INFO | httpx | HTTP Request: GET https://timesofindia.indiatimes.com/weather/chandigarh-aqi-level-air-quality-index-today/3259 "HTTP/1.1 200 OK"
2025-12-27 23:26:00,179 | INFO | httpx | HTTP Request: GET https://timesofindia.indiatimes.com/sports/cricket/icc-mens-t20-world-cup/schedule "HTTP/1.1 200 OK"
2025-12-27 23:26:00,665 | INFO | httpx | HTTP Request: GET https://www.indiatimes.com/termsandcondition "HTTP/1.1 200 OK"
2025-12-27 23:26:02,057 | INFO | httpx | HTTP Request: GET https://timesofindia.indiatimes.com/travel/destinations "HTTP/1.1 200 OK"
2025-12-27 23:26:04,493 | INFO | httpx | HTTP Request: GET https://timesofindia.indiatimes.com/sports "HTTP/1.1 200 OK"
2025-12-27 23:26:05,080 | INFO | httpx | HTTP Request: GET https://timesofindia.indiatimes.com/business "HTTP/1.1 200 OK"
2025-12-27 23:26:05,582 | INFO | httpx | HTTP Request: GET https://timesofindia.indiatimes.com/india "HTTP/1.1 200 OK"
2025-12-27 23:26:06,067 | INFO | httpx | HTTP Request: GET https://timesofindia.indiatimes.com/world "HTTP/1.1 200 OK"
2025-12-27 23:26:06,594 | INFO | httpx | HTTP Request: GET https://timesofindia.indiatimes.com/entertainment/hindi/bollywood/news "HTTP/1.1 200 OK"
2025-12-27 23:26:08,421 | INFO | httpx | HTTP Request: GET https://timesofindia.indiatimes.com/technology "HTTP/1.1 200 OK"
2025-12-27 23:26:08,905 | INFO | httpx | HTTP Request: GET https://timesofindia.indiatimes.com/travel "HTTP/1.1 301 Moved Permanently"
2025-12-27 23:26:09,469 | INFO | httpx | HTTP Request: GET https://timesofindia.indiatimes.com/travel/ "HTTP/1.1 200 OK"
2025-12-27 23:26:09,880 | INFO | httpx | HTTP Request: GET https://timesofindia.indiatimes.com/travel/ "HTTP/1.1 200 OK"
2025-12-27 23:26:11,029 | INFO | httpx | HTTP Request: GET https://timesofindia.indiatimes.com/business/gold-rates-today/gold-price-in-delhi "HTTP/1.1 200 OK"
2025-12-27 23:26:11,512 | INFO | httpx | HTTP Request: GET https://timesofindia.indiatimes.com/astrology/chinese-horoscope/rat "HTTP/1.1 200 OK"
2025-12-27 23:26:12,664 | INFO | httpx | HTTP Request: GET https://timesofindia.indiatimes.com/astrology "HTTP/1.1 200 OK"
2025-12-27 23:26:13,155 | INFO | httpx | HTTP Request: GET https://timesofindia.indiatimes.com/business/platinum-rates-today "HTTP/1.1 200 OK"
2025-12-27 23:26:13,953 | INFO | httpx | HTTP Request: GET https://timesofindia.indiatimes.com/business/gold-rates-today "HTTP/1.1 200 OK"
2025-12-27 23:26:14,416 | INFO | httpx | HTTP Request: GET https://timesofindia.indiatimes.com/business/bank-holidays/is-bank-open-today "HTTP/1.1 200 OK"
2025-12-27 23:26:14,899 | INFO | httpx | HTTP Request: GET https://timesofindia.indiatimes.com/business/bank-holidays/is-bank-open-tomorrow "HTTP/1.1 200 OK"
2025-12-27 23:26:15,385 | INFO | httpx | HTTP Request: GET https://timesofindia.indiatimes.com/business/bank-holidays/december "HTTP/1.1 200 OK"
2025-12-27 23:26:15,888 | INFO | httpx | HTTP Request: GET https://timesofindia.indiatimes.com/india/public-holidays/december "HTTP/1.1 200 OK"
2025-12-27 23:26:16,362 | INFO | httpx | HTTP Request: GET https://timesofindia.indiatimes.com/business/stock-market-holidays "HTTP/1.1 200 OK"
2025-12-27 23:26:16,887 | INFO | httpx | HTTP Request: GET https://timesofindia.indiatimes.com/sports/nfl/schedule "HTTP/1.1 200 OK"
2025-12-27 23:26:17,367 | INFO | httpx | HTTP Request: GET https://timesofindia.indiatimes.com/technology/tech-news "HTTP/1.1 200 OK"
2025-12-27 23:26:17,847 | INFO | httpx | HTTP Request: GET https://timesofindia.indiatimes.com/sports/international-sports "HTTP/1.1 200 OK"
2025-12-27 23:26:18,331 | INFO | httpx | HTTP Request: GET https://timesofindia.indiatimes.com/india/public-holidays "HTTP/1.1 200 OK"
2025-12-27 23:26:20,813 | INFO | __main__ | ✓ [1] Indore News: Latest Headlines, Breaking Updates & ...
2025-12-27 23:26:21,230 | INFO | httpx | HTTP Request: GET https://timesofindia.indiatimes.com/ "HTTP/1.1 200 OK"
2025-12-27 23:26:21,749 | INFO | httpx | HTTP Request: GET https://timesofindia.indiatimes.com/us "HTTP/1.1 200 OK"
2025-12-27 23:26:22,921 | INFO | httpx | HTTP Request: GET https://marathi.indiatimes.com/ "HTTP/1.1 301 Moved Permanently"
2025-12-27 23:26:23,228 | INFO | httpx | HTTP Request: GET https://maharashtratimes.com/ "HTTP/1.1 200 OK"
2025-12-27 23:26:23,568 | INFO | httpx | HTTP Request: GET https://maharashtratimes.com/ "HTTP/1.1 200 OK"
2025-12-27 23:26:24,363 | INFO | httpx | HTTP Request: GET https://timesofindia.indiatimes.com/weather "HTTP/1.1 200 OK"
2025-12-27 23:26:24,848 | INFO | httpx | HTTP Request: GET https://timesofindia.indiatimes.com "HTTP/1.1 200 OK"
2025-12-27 23:26:25,377 | INFO | httpx | HTTP Request: GET https://timesofindia.indiatimes.com/city "HTTP/1.1 200 OK"
2025-12-27 23:26:26,519 | INFO | httpx | HTTP Request: GET https://timesofindia.indiatimes.com/city/bangalore "HTTP/1.1 200 OK"
2025-12-27 23:26:27,021 | INFO | httpx | HTTP Request: GET https://timesofindia.indiatimes.com/city/hyderabad "HTTP/1.1 200 OK"
2025-12-27 23:26:27,500 | INFO | httpx | HTTP Request: GET https://timesofindia.indiatimes.com/city/kolkata "HTTP/1.1 200 OK"
2025-12-27 23:26:27,993 | INFO | httpx | HTTP Request: GET https://timesofindia.indiatimes.com/city/chennai "HTTP/1.1 200 OK"
2025-12-27 23:26:28,467 | INFO | httpx | HTTP Request: GET https://timesofindia.indiatimes.com/city/agra "HTTP/1.1 200 OK"
2025-12-27 23:26:28,940 | INFO | httpx | HTTP Request: GET https://timesofindia.indiatimes.com/city/agartala "HTTP/1.1 200 OK"
2025-12-27 23:26:29,431 | INFO | httpx | HTTP Request: GET https://timesofindia.indiatimes.com/city/ahmedabad "HTTP/1.1 200 OK"
2025-12-27 23:26:29,918 | INFO | httpx | HTTP Request: GET https://timesofindia.indiatimes.com/city/ajmer "HTTP/1.1 200 OK"
2025-12-27 23:26:30,398 | INFO | httpx | HTTP Request: GET https://timesofindia.indiatimes.com/city/amaravati "HTTP/1.1 200 OK"
2025-12-27 23:26:30,871 | INFO | httpx | HTTP Request: GET https://timesofindia.indiatimes.com/city/amritsar "HTTP/1.1 200 OK"
2025-12-27 23:26:31,348 | INFO | httpx | HTTP Request: GET https://timesofindia.indiatimes.com/city/bareilly "HTTP/1.1 200 OK"
2025-12-27 23:26:31,832 | INFO | httpx | HTTP Request: GET https://timesofindia.indiatimes.com/city/bhubaneswar "HTTP/1.1 200 OK"
2025-12-27 23:26:32,320 | INFO | httpx | HTTP Request: GET https://timesofindia.indiatimes.com/city/bhopal "HTTP/1.1 200 OK"
2025-12-27 23:26:32,802 | INFO | httpx | HTTP Request: GET https://timesofindia.indiatimes.com/city/chandigarh "HTTP/1.1 200 OK"
2025-12-27 23:26:33,281 | INFO | httpx | HTTP Request: GET https://timesofindia.indiatimes.com/city/aurangabad "HTTP/1.1 200 OK"
2025-12-27 23:26:33,773 | INFO | httpx | HTTP Request: GET https://timesofindia.indiatimes.com/city/coimbatore "HTTP/1.1 200 OK"
2025-12-27 23:26:34,252 | INFO | httpx | HTTP Request: GET https://timesofindia.indiatimes.com/city/cuttack "HTTP/1.1 200 OK"
2025-12-27 23:26:35,419 | INFO | httpx | HTTP Request: GET https://timesofindia.indiatimes.com/city/erode "HTTP/1.1 200 OK"
2025-12-27 23:26:35,895 | INFO | httpx | HTTP Request: GET https://timesofindia.indiatimes.com/city/faridabad "HTTP/1.1 200 OK"
2025-12-27 23:26:36,387 | INFO | httpx | HTTP Request: GET https://timesofindia.indiatimes.com/city/imphal "HTTP/1.1 200 OK"
2025-12-27 23:26:36,916 | INFO | httpx | HTTP Request: GET https://timesofindia.indiatimes.com/city/jaipur "HTTP/1.1 200 OK"
2025-12-27 23:26:37,391 | INFO | httpx | HTTP Request: GET https://timesofindia.indiatimes.com/city/jammu "HTTP/1.1 200 OK"
2025-12-27 23:26:37,864 | INFO | httpx | HTTP Request: GET https://timesofindia.indiatimes.com/city/jodhpur "HTTP/1.1 200 OK"
2025-12-27 23:26:38,332 | INFO | httpx | HTTP Request: GET https://timesofindia.indiatimes.com/city/kanpur "HTTP/1.1 200 OK"
2025-12-27 23:26:38,892 | INFO | httpx | HTTP Request: GET https://timesofindia.indiatimes.com/city/kochi "HTTP/1.1 200 OK"
2025-12-27 23:26:39,501 | INFO | httpx | HTTP Request: GET https://timesofindia.indiatimes.com/city/kohima "HTTP/1.1 200 OK"
2025-12-27 23:26:40,011 | INFO | httpx | HTTP Request: GET https://timesofindia.indiatimes.com/city/kolhapur "HTTP/1.1 200 OK"
2025-12-27 23:26:40,504 | INFO | httpx | HTTP Request: GET https://timesofindia.indiatimes.com/city/kozhikode "HTTP/1.1 200 OK"
2025-12-27 23:26:40,978 | INFO | httpx | HTTP Request: GET https://timesofindia.indiatimes.com/city/ludhiana "HTTP/1.1 200 OK"
2025-12-27 23:26:41,467 | INFO | httpx | HTTP Request: GET https://timesofindia.indiatimes.com/city/lucknow "HTTP/1.1 200 OK"
2025-12-27 23:26:41,947 | INFO | httpx | HTTP Request: GET https://timesofindia.indiatimes.com/city/madurai "HTTP/1.1 200 OK"
2025-12-27 23:26:42,433 | INFO | httpx | HTTP Request: GET https://timesofindia.indiatimes.com/city/mangalore "HTTP/1.1 200 OK"
2025-12-27 23:26:42,922 | INFO | httpx | HTTP Request: GET https://timesofindia.indiatimes.com/city/meerut "HTTP/1.1 200 OK"
2025-12-27 23:26:43,404 | INFO | httpx | HTTP Request: GET https://timesofindia.indiatimes.com/city/mysore "HTTP/1.1 200 OK"
2025-12-27 23:26:43,876 | INFO | httpx | HTTP Request: GET https://timesofindia.indiatimes.com/city/nagpur "HTTP/1.1 200 OK"
2025-12-27 23:26:44,351 | INFO | httpx | HTTP Request: GET https://timesofindia.indiatimes.com/city/nashik "HTTP/1.1 200 OK"
2025-12-27 23:26:59,283 | INFO | httpx | HTTP Request: GET https://timesofindia.indiatimes.com/city/photos "HTTP/1.1 200 OK"
2025-12-27 23:26:59,799 | INFO | httpx | HTTP Request: GET https://timesofindia.indiatimes.com/city/web-stories "HTTP/1.1 200 OK"
2025-12-27 23:27:10,046 | INFO | httpx | HTTP Request: GET https://timesofindia.indiatimes.com/weather/kolkata-aqi-level-air-quality-index-today/3309 "HTTP/1.1 200 OK"
2025-12-27 23:27:10,754 | INFO | httpx | HTTP Request: GET https://timesofindia.indiatimes.com/weather/bengaluru-aqi-level-air-quality-index-today/3261 "HTTP/1.1 301 Moved Permanently"
2025-12-27 23:27:11,859 | INFO | httpx | HTTP Request: GET https://timesofindia.indiatimes.com/weather/chennai-aqi-level-air-quality-index-today/3246 "HTTP/1.1 200 OK"
2025-12-27 23:27:12,406 | INFO | httpx | HTTP Request: GET https://timesofindia.indiatimes.com/weather/hyderabad-aqi-level-air-quality-index-today/3288 "HTTP/1.1 200 OK"
2025-12-27 23:27:13,029 | INFO | httpx | HTTP Request: GET https://timesofindia.indiatimes.com/weather/gurugram-aqi-level-air-quality-index-today/3227 "HTTP/1.1 301 Moved Permanently"
2025-12-27 23:27:14,145 | INFO | httpx | HTTP Request: GET https://timesofindia.indiatimes.com/weather/noida-aqi-level-air-quality-index-today/3319 "HTTP/1.1 200 OK"
2025-12-27 23:27:14,775 | INFO | httpx | HTTP Request: GET https://timesofindia.indiatimes.com/weather/ahmedabad-aqi-level-air-quality-index-today/3252 "HTTP/1.1 200 OK"
2025-12-27 23:27:16,076 | INFO | httpx | HTTP Request: GET https://timesofindia.indiatimes.com/weather/jaipur-aqi-level-air-quality-index-today/3302 "HTTP/1.1 200 OK"
2025-12-27 23:27:16,607 | INFO | httpx | HTTP Request: GET https://timesofindia.indiatimes.com/weather/lucknow-aqi-level-air-quality-index-today/3267 "HTTP/1.1 200 OK"
2025-12-27 23:27:17,375 | INFO | httpx | HTTP Request: GET https://timesofindia.indiatimes.com/weather/patna-aqi-level-air-quality-index-today/3234 "HTTP/1.1 301 Moved Permanently"
2025-12-27 23:27:18,526 | INFO | httpx | HTTP Request: GET https://timesofindia.indiatimes.com/weather/agra-aqi-level-air-quality-index-today/3229 "HTTP/1.1 200 OK"
2025-12-27 23:27:20,513 | INFO | httpx | HTTP Request: GET https://www.indiatimes.com/termsandcondition "HTTP/1.1 200 OK"
2025-12-27 23:27:21,988 | INFO | httpx | HTTP Request: GET https://timesofindia.indiatimes.com/travel/destinations "HTTP/1.1 200 OK"
2025-12-27 23:27:23,303 | INFO | httpx | HTTP Request: GET https://gadgetsnow.indiatimes.com/?_gl=1%2Ah4drpd%2A_ga%2AMjAzNTc2Njg5OS4xNzI3MjUzODEz%2A_ga_FCN624MN68%2AMTczNzQ1MDg1OS4xMzIuMS4xNzM3NDUzMzIyLjU0LjAuMA.. "HTTP/1.1 200 OK"
2025-12-27 23:27:25,998 | INFO | httpx | HTTP Request: GET https://timesofindia.indiatimes.com/india "HTTP/1.1 200 OK"
2025-12-27 23:27:26,490 | INFO | httpx | HTTP Request: GET https://timesofindia.indiatimes.com/world "HTTP/1.1 200 OK"
2025-12-27 23:27:27,145 | INFO | httpx | HTTP Request: GET https://timesofindia.indiatimes.com/entertainment/hindi/bollywood/news "HTTP/1.1 200 OK"
2025-12-27 23:27:29,100 | INFO | httpx | HTTP Request: GET https://timesofindia.indiatimes.com/technology "HTTP/1.1 200 OK"
2025-12-27 23:27:29,591 | INFO | httpx | HTTP Request: GET https://timesofindia.indiatimes.com/travel "HTTP/1.1 301 Moved Permanently"
2025-12-27 23:27:30,124 | INFO | httpx | HTTP Request: GET https://timesofindia.indiatimes.com/travel/ "HTTP/1.1 200 OK"
2025-12-27 23:27:31,876 | INFO | httpx | HTTP Request: GET https://timesofindia.indiatimes.com/business/gold-rates-today/gold-price-in-delhi "HTTP/1.1 200 OK"
2025-12-27 23:27:32,954 | INFO | httpx | HTTP Request: GET https://timesofindia.indiatimes.com/business/markets "HTTP/1.1 200 OK"
2025-12-27 23:27:33,436 | INFO | httpx | HTTP Request: GET https://timesofindia.indiatimes.com/astrology "HTTP/1.1 200 OK"
2025-12-27 23:27:33,930 | INFO | httpx | HTTP Request: GET https://timesofindia.indiatimes.com/business/platinum-rates-today "HTTP/1.1 200 OK"
2025-12-27 23:27:35,160 | INFO | httpx | HTTP Request: GET https://timesofindia.indiatimes.com/business/gold-rates-today "HTTP/1.1 200 OK"
2025-12-27 23:27:35,645 | INFO | httpx | HTTP Request: GET https://timesofindia.indiatimes.com/business/bank-holidays/is-bank-open-today "HTTP/1.1 200 OK"
2025-12-27 23:27:36,129 | INFO | httpx | HTTP Request: GET https://timesofindia.indiatimes.com/business/bank-holidays/is-bank-open-tomorrow "HTTP/1.1 200 OK"
2025-12-27 23:27:36,602 | INFO | httpx | HTTP Request: GET https://timesofindia.indiatimes.com/business/bank-holidays/december "HTTP/1.1 200 OK"
2025-12-27 23:27:37,108 | INFO | httpx | HTTP Request: GET https://timesofindia.indiatimes.com/india/public-holidays/december "HTTP/1.1 200 OK"
2025-12-27 23:27:37,600 | INFO | httpx | HTTP Request: GET https://timesofindia.indiatimes.com/business/stock-market-holidays "HTTP/1.1 200 OK"
2025-12-27 23:27:38,082 | INFO | httpx | HTTP Request: GET https://timesofindia.indiatimes.com/sports/nfl/schedule "HTTP/1.1 200 OK"
2025-12-27 23:27:38,547 | INFO | httpx | HTTP Request: GET https://timesofindia.indiatimes.com/technology/tech-news "HTTP/1.1 200 OK"
2025-12-27 23:27:39,036 | INFO | httpx | HTTP Request: GET https://timesofindia.indiatimes.com/sports/international-sports "HTTP/1.1 200 OK"
2025-12-27 23:27:39,585 | INFO | httpx | HTTP Request: GET https://timesofindia.indiatimes.com/india/public-holidays "HTTP/1.1 200 OK"
2025-12-27 23:27:43,131 | INFO | __main__ | ✓ [1] Mumbai News Live: Check the latest Mumbai news, Al...
2025-12-27 23:27:45,590 | INFO | httpx | HTTP Request: GET https://timesofindia.indiatimes.com/city/kolhapur "HTTP/1.1 200 OK"
2025-12-27 23:27:46,089 | INFO | httpx | HTTP Request: GET https://timesofindia.indiatimes.com/city/nagpur "HTTP/1.1 200 OK"
2025-12-27 23:27:47,264 | INFO | httpx | HTTP Request: GET https://timesofindia.indiatimes.com/city/pune "HTTP/1.1 200 OK"
2025-12-27 23:27:47,744 | INFO | httpx | HTTP Request: GET https://timesofindia.indiatimes.com/city/thane "HTTP/1.1 200 OK"
2025-12-27 23:27:48,248 | INFO | httpx | HTTP Request: GET https://timesofindia.indiatimes.com/city/mumbai/0 "HTTP/1.1 301 Moved Permanently"
2025-12-27 23:27:48,759 | INFO | httpx | HTTP Request: GET https://timesofindia.indiatimes.com/city/mumbai "HTTP/1.1 200 OK"
2025-12-27 23:27:49,184 | INFO | httpx | HTTP Request: GET https://timesofindia.indiatimes.com/city/mumbai "HTTP/1.1 200 OK"
2025-12-27 23:27:49,752 | INFO | httpx | HTTP Request: GET https://timesofindia.indiatimes.com/city/mumbai/1 "HTTP/1.1 301 Moved Permanently"
2025-12-27 23:27:50,162 | INFO | httpx | HTTP Request: GET https://timesofindia.indiatimes.com/city/mumbai "HTTP/1.1 200 OK"
2025-12-27 23:27:50,620 | INFO | httpx | HTTP Request: GET https://timesofindia.indiatimes.com/city/mumbai "HTTP/1.1 200 OK"
2025-12-27 23:27:54,062 | INFO | httpx | HTTP Request: GET https://timesofindia.indiatimes.com/city/mumbai/photos "HTTP/1.1 200 OK"
2025-12-27 23:27:55,268 | INFO | httpx | HTTP Request: GET https://timesofindia.indiatimes.com/entertainment/hindi/movie-reviews "HTTP/1.1 200 OK"
2025-12-27 23:27:57,185 | INFO | httpx | HTTP Request: GET https://timesofindia.indiatimes.com/tv/hindi "HTTP/1.1 200 OK"
2025-12-27 23:27:58,832 | INFO | httpx | HTTP Request: GET https://timesofindia.indiatimes.com/weather/mumbai-aqi-level-air-quality-index-today/3258 "HTTP/1.1 200 OK"
2025-12-27 23:27:59,345 | INFO | httpx | HTTP Request: GET https://timesofindia.indiatimes.com/weather/kolkata-aqi-level-air-quality-index-today/3309 "HTTP/1.1 200 OK"
2025-12-27 23:28:00,503 | INFO | httpx | HTTP Request: GET https://timesofindia.indiatimes.com/weather/chennai-aqi-level-air-quality-index-today/3246 "HTTP/1.1 200 OK"
2025-12-27 23:28:01,012 | INFO | httpx | HTTP Request: GET https://timesofindia.indiatimes.com/weather/hyderabad-aqi-level-air-quality-index-today/3288 "HTTP/1.1 200 OK"
2025-12-27 23:28:01,569 | INFO | httpx | HTTP Request: GET https://timesofindia.indiatimes.com/weather/gurugram-aqi-level-air-quality-index-today/3227 "HTTP/1.1 301 Moved Permanently"
2025-12-27 23:28:02,654 | INFO | httpx | HTTP Request: GET https://timesofindia.indiatimes.com/weather/noida-aqi-level-air-quality-index-today/3319 "HTTP/1.1 200 OK"
2025-12-27 23:28:03,126 | INFO | httpx | HTTP Request: GET https://timesofindia.indiatimes.com/weather/ahmedabad-aqi-level-air-quality-index-today/3252 "HTTP/1.1 200 OK"
2025-12-27 23:28:03,608 | INFO | httpx | HTTP Request: GET https://timesofindia.indiatimes.com/weather/pune-aqi-level-air-quality-index-today/3325 "HTTP/1.1 200 OK"
2025-12-27 23:28:04,773 | INFO | httpx | HTTP Request: GET https://timesofindia.indiatimes.com/weather/lucknow-aqi-level-air-quality-index-today/3267 "HTTP/1.1 200 OK"
2025-12-27 23:28:05,291 | INFO | httpx | HTTP Request: GET https://timesofindia.indiatimes.com/weather/patna-aqi-level-air-quality-index-today/3234 "HTTP/1.1 301 Moved Permanently"
2025-12-27 23:28:05,682 | INFO | httpx | HTTP Request: GET https://timesofindia.indiatimes.com/weather/patna-aqi-level-air-quality-index-today/1425 "HTTP/1.1 200 OK"
2025-12-27 23:28:06,156 | INFO | httpx | HTTP Request: GET https://timesofindia.indiatimes.com/weather/patna-aqi-level-air-quality-index-today/1425 "HTTP/1.1 200 OK"
2025-12-27 23:28:06,621 | INFO | httpx | HTTP Request: GET https://timesofindia.indiatimes.com/weather/agra-aqi-level-air-quality-index-today/3229 "HTTP/1.1 200 OK"
2025-12-27 23:28:07,147 | INFO | httpx | HTTP Request: GET https://timesofindia.indiatimes.com/weather/chandigarh-aqi-level-air-quality-index-today/3259 "HTTP/1.1 200 OK"
2025-12-27 23:28:10,125 | INFO | __main__ | ✓ [2] Chennai AQI Today | Chennai Pollution Level | Air ...
2025-12-27 23:28:10,553 | INFO | httpx | HTTP Request: GET https://timesofindia.indiatimes.com/ "HTTP/1.1 200 OK"
2025-12-27 23:28:11,111 | INFO | httpx | HTTP Request: GET https://timesofindia.indiatimes.com/us "HTTP/1.1 200 OK"
2025-12-27 23:28:12,600 | INFO | httpx | HTTP Request: GET https://bangla.indiatimes.com/ "HTTP/1.1 200 OK"
2025-12-27 23:28:13,085 | INFO | httpx | HTTP Request: GET https://timesofindia.indiatimes.com/weather "HTTP/1.1 200 OK"
2025-12-27 23:28:13,684 | INFO | httpx | HTTP Request: GET https://timesofindia.indiatimes.com "HTTP/1.1 200 OK"
2025-12-27 23:28:14,207 | INFO | httpx | HTTP Request: GET https://timesofindia.indiatimes.com/weather/new-delhi-aqi-level-air-quality-index-today/3291 "HTTP/1.1 200 OK"
2025-12-27 23:28:14,783 | INFO | httpx | HTTP Request: GET https://timesofindia.indiatimes.com/weather/mumbai-aqi-level-air-quality-index-today/3258 "HTTP/1.1 200 OK"
2025-12-27 23:28:15,928 | INFO | httpx | HTTP Request: GET https://timesofindia.indiatimes.com/weather/hyderabad-aqi-level-air-quality-index-today/3288 "HTTP/1.1 200 OK"
2025-12-27 23:28:16,410 | INFO | httpx | HTTP Request: GET https://timesofindia.indiatimes.com/weather/chandigarh-aqi-level-air-quality-index-today/3259 "HTTP/1.1 200 OK"
2025-12-27 23:28:16,895 | INFO | httpx | HTTP Request: GET https://timesofindia.indiatimes.com/weather/pune-aqi-level-air-quality-index-today/3325 "HTTP/1.1 200 OK"
2025-12-27 23:28:17,391 | INFO | httpx | HTTP Request: GET https://timesofindia.indiatimes.com/weather/ahmedabad-aqi-level-air-quality-index-today/3252 "HTTP/1.1 200 OK"
2025-12-27 23:28:17,909 | INFO | httpx | HTTP Request: GET https://timesofindia.indiatimes.com/weather/lucknow-aqi-level-air-quality-index-today/3267 "HTTP/1.1 200 OK"
2025-12-27 23:28:19,102 | INFO | httpx | HTTP Request: GET https://timesofindia.indiatimes.com/weather/noida-aqi-level-air-quality-index-today/3319 "HTTP/1.1 200 OK"
2025-12-27 23:28:19,588 | INFO | httpx | HTTP Request: GET https://timesofindia.indiatimes.com/weather/gurgaon-aqi-level-air-quality-index-today/3227 "HTTP/1.1 200 OK"
2025-12-27 23:28:24,224 | INFO | httpx | HTTP Request: GET https://timesofindia.indiatimes.com/weather/agra-aqi-level-air-quality-index-today/3229 "HTTP/1.1 200 OK"
2025-12-27 23:30:21,268 | INFO | httpx | HTTP Request: GET https://timesofindia.indiatimes.com/weather/jaipur-aqi-level-air-quality-index-today/3302 "HTTP/1.1 200 OK"
2025-12-27 23:32:48,995 | INFO | httpx | HTTP Request: GET https://timesofindia.indiatimes.com/weather/thiruvananthapuram-aqi-level-air-quality-index-today/3292 "HTTP/1.1 301 Moved Permanently"
2025-12-27 23:33:17,291 | INFO | httpx | HTTP Request: GET https://www.indiatimes.com/termsandcondition "HTTP/1.1 200 OK"
2025-12-27 23:33:19,691 | INFO | httpx | HTTP Request: GET https://timesofindia.indiatimes.com/travel/destinations "HTTP/1.1 200 OK"
2025-12-27 23:33:20,170 | INFO | httpx | HTTP Request: GET https://timesofindia.indiatimes.com/etimes "HTTP/1.1 200 OK"
2025-12-27 23:33:24,636 | INFO | httpx | HTTP Request: GET https://timesofindia.indiatimes.com/entertainment/hindi/bollywood/news "HTTP/1.1 200 OK"
2025-12-27 23:33:26,772 | INFO | httpx | HTTP Request: GET https://timesofindia.indiatimes.com/travel "HTTP/1.1 301 Moved Permanently"
2025-12-27 23:33:27,206 | INFO | httpx | HTTP Request: GET https://timesofindia.indiatimes.com/travel/ "HTTP/1.1 200 OK"
2025-12-27 23:33:27,670 | INFO | httpx | HTTP Request: GET https://timesofindia.indiatimes.com/travel/ "HTTP/1.1 200 OK"
2025-12-27 23:33:28,306 | INFO | httpx | HTTP Request: GET https://timesofindia.indiatimes.com/life-style/health-fitness/health-news "HTTP/1.1 200 OK"
2025-12-27 23:33:28,788 | INFO | httpx | HTTP Request: GET https://timesofindia.indiatimes.com/business/gold-rates-today/gold-price-in-delhi "HTTP/1.1 200 OK"
2025-12-27 23:33:31,323 | INFO | httpx | HTTP Request: GET https://timesofindia.indiatimes.com/business/platinum-rates-today "HTTP/1.1 200 OK"
2025-12-27 23:33:31,810 | INFO | httpx | HTTP Request: GET https://timesofindia.indiatimes.com/business/silver-rates-today "HTTP/1.1 200 OK"
2025-12-27 23:33:32,290 | INFO | httpx | HTTP Request: GET https://timesofindia.indiatimes.com/business/gold-rates-today "HTTP/1.1 200 OK"
2025-12-27 23:33:41,917 | INFO | __main__ | ✓ [2] New Delhi AQI Today | New Delhi Pollution Level | ...
2025-12-27 23:33:42,350 | INFO | httpx | HTTP Request: GET https://timesofindia.indiatimes.com/ "HTTP/1.1 200 OK"
2025-12-27 23:33:42,881 | INFO | httpx | HTTP Request: GET https://timesofindia.indiatimes.com/us "HTTP/1.1 200 OK"
2025-12-27 23:33:45,651 | INFO | httpx | HTTP Request: GET https://timesofindia.indiatimes.com "HTTP/1.1 200 OK"
2025-12-27 23:33:54,571 | INFO | httpx | HTTP Request: GET https://timesofindia.indiatimes.com/weather/abu-aqi-level-air-quality-index-today/1051 "HTTP/1.1 301 Moved Permanently"
2025-12-27 23:36:54,959 | INFO | __main__ | Discovering from Google News RSS (max: 100)
2025-12-27 23:36:54,959 | INFO | crawler.url_seeder | Fetching news from 5 Google News RSS feeds
2025-12-27 23:36:56,043 | INFO | crawler.url_seeder | Parsed 30 articles from Google News RSS
2025-12-27 23:36:56,074 | INFO | crawler.url_seeder | Parsed 30 articles from Google News RSS
2025-12-27 23:36:56,077 | INFO | crawler.url_seeder | Parsed 30 articles from Google News RSS
2025-12-27 23:36:56,757 | INFO | crawler.url_seeder | Parsed 30 articles from Google News RSS
2025-12-27 23:36:57,170 | INFO | crawler.url_seeder | Parsed 30 articles from Google News RSS
2025-12-27 23:36:57,170 | INFO | crawler.url_seeder | Total articles from Google News: 150
2025-12-27 23:37:04,406 | INFO | httpx | HTTP Request: GET https://timesofindia.indiatimes.com/weather/nabadwip-aqi-level-air-quality-index-today/1141 "HTTP/1.1 301 Moved Permanently"
2025-12-27 23:37:06,096 | INFO | crawler.url_seeder | Discovered 147 unique URLs from Google News
2025-12-27 23:37:06,108 | INFO | __main__ | Found 100 URLs from Google News, 100 new
2025-12-27 23:37:06,108 | INFO | __main__ | Crawling 100 URLs
2025-12-27 23:37:06,108 | INFO | __main__ | Started session: 20251227_233706 (mode: seed_and_crawl)
2025-12-27 23:37:06,514 | INFO | crawler.core_engine | Crawling 100 URLs
2025-12-27 23:37:08,664 | INFO | __main__ | ✓ Crawled: Google News... (score: 0.00)
2025-12-27 23:37:31,983 | INFO | httpx | HTTP Request: GET https://timesofindia.indiatimes.com/weather/patna-aqi-level-air-quality-index-today/3234 "HTTP/1.1 301 Moved Permanently"
2025-12-27 23:38:26,059 | INFO | httpx | HTTP Request: GET https://timesofindia.indiatimes.com/weather/thiruvananthapuram-aqi-level-air-quality-index-today/3292 "HTTP/1.1 301 Moved Permanently"
2025-12-27 23:38:54,734 | INFO | httpx | HTTP Request: GET https://www.indiatimes.com/termsandcondition "HTTP/1.1 200 OK"
2025-12-27 23:38:56,737 | INFO | httpx | HTTP Request: GET https://timesofindia.indiatimes.com/tv/hindi "HTTP/1.1 200 OK"
2025-12-27 23:38:57,445 | INFO | httpx | HTTP Request: GET https://timesofindia.indiatimes.com/travel/destinations "HTTP/1.1 200 OK"
2025-12-27 23:39:02,657 | INFO | httpx | HTTP Request: GET https://timesofindia.indiatimes.com/entertainment/hindi/bollywood/news "HTTP/1.1 200 OK"
2025-12-27 23:39:05,360 | INFO | httpx | HTTP Request: GET https://timesofindia.indiatimes.com/travel "HTTP/1.1 301 Moved Permanently"
2025-12-27 23:39:05,858 | INFO | httpx | HTTP Request: GET https://timesofindia.indiatimes.com/travel/ "HTTP/1.1 200 OK"
2025-12-27 23:39:06,369 | INFO | httpx | HTTP Request: GET https://timesofindia.indiatimes.com/travel/ "HTTP/1.1 200 OK"
2025-12-27 23:39:07,494 | INFO | httpx | HTTP Request: GET https://timesofindia.indiatimes.com/business/gold-rates-today/gold-price-in-delhi "HTTP/1.1 200 OK"
2025-12-27 23:39:10,046 | INFO | httpx | HTTP Request: GET https://timesofindia.indiatimes.com/business/platinum-rates-today "HTTP/1.1 200 OK"
2025-12-27 23:39:10,534 | INFO | httpx | HTTP Request: GET https://timesofindia.indiatimes.com/business/silver-rates-today "HTTP/1.1 200 OK"
2025-12-27 23:39:11,016 | INFO | httpx | HTTP Request: GET https://timesofindia.indiatimes.com/business/gold-rates-today "HTTP/1.1 200 OK"
2025-12-27 23:39:11,516 | INFO | httpx | HTTP Request: GET https://timesofindia.indiatimes.com/business/bank-holidays/is-bank-open-today "HTTP/1.1 200 OK"
2025-12-27 23:39:18,956 | INFO | __main__ | ✓ [2] Kolkata AQI Today | Kolkata Pollution Level | Air ...
2025-12-27 23:39:19,387 | INFO | httpx | HTTP Request: GET https://timesofindia.indiatimes.com/ "HTTP/1.1 200 OK"
2025-12-27 23:39:19,918 | INFO | httpx | HTTP Request: GET https://timesofindia.indiatimes.com/us "HTTP/1.1 200 OK"
2025-12-27 23:39:20,447 | INFO | httpx | HTTP Request: GET https://navbharattimes.indiatimes.com/ "HTTP/1.1 200 OK"
2025-12-27 23:39:22,742 | INFO | httpx | HTTP Request: GET https://timesofindia.indiatimes.com "HTTP/1.1 200 OK"
2025-12-27 23:39:43,040 | INFO | __main__ | Shutdown requested...
2025-12-27 23:39:43,463 | INFO | __main__ | Shutdown requested, stopping crawl
2025-12-27 23:39:48,292 | INFO | __main__ | Discovering from Google News RSS (max: 100)
2025-12-27 23:39:48,292 | INFO | crawler.url_seeder | Fetching news from 5 Google News RSS feeds
2025-12-27 23:39:48,924 | INFO | crawler.url_seeder | Parsed 30 articles from Google News RSS
2025-12-27 23:39:49,229 | INFO | crawler.url_seeder | Parsed 30 articles from Google News RSS
2025-12-27 23:39:49,281 | INFO | crawler.url_seeder | Parsed 30 articles from Google News RSS
2025-12-27 23:39:49,317 | INFO | crawler.url_seeder | Parsed 30 articles from Google News RSS
2025-12-27 23:39:49,415 | INFO | crawler.url_seeder | Parsed 30 articles from Google News RSS
2025-12-27 23:39:49,415 | INFO | crawler.url_seeder | Total articles from Google News: 150
2025-12-27 23:39:57,670 | INFO | crawler.url_seeder | Discovered 147 unique URLs from Google News
2025-12-27 23:39:57,681 | INFO | __main__ | Found 100 URLs from Google News, 99 new
2025-12-27 23:39:57,681 | INFO | __main__ | Crawling 99 URLs
2025-12-27 23:39:57,682 | INFO | __main__ | Started session: 20251227_233957 (mode: seed_and_crawl)
2025-12-27 23:39:58,166 | INFO | crawler.core_engine | Crawling 99 URLs
2025-12-27 23:40:01,185 | INFO | __main__ | ✓ Crawled: Google News... (score: 0.00)
2025-12-27 23:40:13,908 | INFO | httpx | HTTP Request: GET https://timesofindia.indiatimes.com/weather/bhilwara-aqi-level-air-quality-index-today/3488 "HTTP/1.1 200 OK"
2025-12-27 23:40:51,945 | INFO | httpx | HTTP Request: GET https://timesofindia.indiatimes.com/weather/dhule-aqi-level-air-quality-index-today/1098 "HTTP/1.1 301 Moved Permanently"
2025-12-27 23:42:13,481 | INFO | httpx | HTTP Request: GET https://timesofindia.indiatimes.com/weather/panipat-aqi-level-air-quality-index-today/3383 "HTTP/1.1 200 OK"
2025-12-27 23:42:15,391 | INFO | httpx | HTTP Request: GET https://timesofindia.indiatimes.com/weather/parigi-aqi-level-air-quality-index-today/1273 "HTTP/1.1 200 OK"
2025-12-27 23:42:19,494 | INFO | httpx | HTTP Request: GET https://timesofindia.indiatimes.com/weather/pedda-nandipadu-aqi-level-air-quality-index-today/1391 "HTTP/1.1 200 OK"
2025-12-27 23:42:21,522 | INFO | httpx | HTTP Request: GET https://timesofindia.indiatimes.com/weather/pithapuram-aqi-level-air-quality-index-today/1346 "HTTP/1.1 200 OK"
2025-12-27 23:42:22,314 | INFO | httpx | HTTP Request: GET https://timesofindia.indiatimes.com/weather/ponduru-aqi-level-air-quality-index-today/1116 "HTTP/1.1 200 OK"
2025-12-27 23:42:25,276 | INFO | httpx | HTTP Request: GET https://timesofindia.indiatimes.com/weather/puducherry-aqi-level-air-quality-index-today/3385 "HTTP/1.1 200 OK"
2025-12-27 23:42:33,254 | INFO | httpx | HTTP Request: GET https://timesofindia.indiatimes.com/weather/rajapalaiyam-aqi-level-air-quality-index-today/1060 "HTTP/1.1 200 OK"
2025-12-27 23:42:34,841 | INFO | httpx | HTTP Request: GET https://timesofindia.indiatimes.com/weather/rajkot-aqi-level-air-quality-index-today/1166 "HTTP/1.1 200 OK"
2025-12-27 23:42:35,720 | INFO | httpx | HTTP Request: GET https://timesofindia.indiatimes.com/weather/rajmahal-aqi-level-air-quality-index-today/1211 "HTTP/1.1 200 OK"
2025-12-27 23:42:36,564 | INFO | httpx | HTTP Request: GET https://timesofindia.indiatimes.com/weather/rameswaram-aqi-level-air-quality-index-today/1002 "HTTP/1.1 200 OK"
2025-12-27 23:42:37,574 | INFO | httpx | HTTP Request: GET https://timesofindia.indiatimes.com/weather/ramgundam-aqi-level-air-quality-index-today/1093 "HTTP/1.1 200 OK"
2025-12-27 23:42:38,063 | INFO | httpx | HTTP Request: GET https://timesofindia.indiatimes.com/weather/rampur-aqi-level-air-quality-index-today/1257 "HTTP/1.1 200 OK"
2025-12-27 23:42:39,613 | INFO | httpx | HTTP Request: GET https://timesofindia.indiatimes.com/weather/ratlam-aqi-level-air-quality-index-today/3467 "HTTP/1.1 200 OK"
2025-12-27 23:42:40,370 | INFO | httpx | HTTP Request: GET https://timesofindia.indiatimes.com/weather/raurkela-aqi-level-air-quality-index-today/3294 "HTTP/1.1 200 OK"
2025-12-27 23:42:42,393 | INFO | httpx | HTTP Request: GET https://timesofindia.indiatimes.com/weather/rishra-aqi-level-air-quality-index-today/1163 "HTTP/1.1 200 OK"
2025-12-27 23:43:05,601 | INFO | httpx | HTTP Request: GET https://timesofindia.indiatimes.com/weather/tadepalle-aqi-level-air-quality-index-today/1399 "HTTP/1.1 200 OK"
2025-12-27 23:43:06,044 | INFO | httpx | HTTP Request: GET https://timesofindia.indiatimes.com/weather/tadepallegudem-aqi-level-air-quality-index-today/1403 "HTTP/1.1 200 OK"
2025-12-27 23:43:06,512 | INFO | httpx | HTTP Request: GET https://timesofindia.indiatimes.com/weather/tadpatri-aqi-level-air-quality-index-today/1301 "HTTP/1.1 200 OK"
2025-12-27 23:43:06,953 | INFO | httpx | HTTP Request: GET https://timesofindia.indiatimes.com/weather/tanjore-aqi-level-air-quality-index-today/1138 "HTTP/1.1 200 OK"
2025-12-27 23:43:07,452 | INFO | httpx | HTTP Request: GET https://timesofindia.indiatimes.com/weather/tanuku-aqi-level-air-quality-index-today/1246 "HTTP/1.1 200 OK"
2025-12-27 23:43:07,969 | INFO | httpx | HTTP Request: GET https://timesofindia.indiatimes.com/weather/tenali-aqi-level-air-quality-index-today/1427 "HTTP/1.1 200 OK"
2025-12-27 23:43:08,481 | INFO | httpx | HTTP Request: GET https://timesofindia.indiatimes.com/weather/tezpur-aqi-level-air-quality-index-today/1227 "HTTP/1.1 200 OK"
2025-12-27 23:43:08,937 | INFO | httpx | HTTP Request: GET https://timesofindia.indiatimes.com/weather/thane-aqi-level-air-quality-index-today/3411 "HTTP/1.1 200 OK"
2025-12-27 23:43:09,945 | INFO | httpx | HTTP Request: GET https://timesofindia.indiatimes.com/weather/tinnevelly-aqi-level-air-quality-index-today/1212 "HTTP/1.1 200 OK"
2025-12-27 23:43:10,929 | INFO | httpx | HTTP Request: GET https://timesofindia.indiatimes.com/weather/tiruppur-aqi-level-air-quality-index-today/1192 "HTTP/1.1 200 OK"
2025-12-27 23:43:11,603 | INFO | httpx | HTTP Request: GET https://timesofindia.indiatimes.com/weather/titagarh-aqi-level-air-quality-index-today/1094 "HTTP/1.1 200 OK"
2025-12-27 23:43:11,966 | INFO | httpx | HTTP Request: GET https://timesofindia.indiatimes.com/weather/tonk-aqi-level-air-quality-index-today/3402 "HTTP/1.1 200 OK"
2025-12-27 23:43:12,442 | INFO | httpx | HTTP Request: GET https://timesofindia.indiatimes.com/weather/trichinopoly-aqi-level-air-quality-index-today/1416 "HTTP/1.1 200 OK"
2025-12-27 23:43:12,944 | INFO | httpx | HTTP Request: GET https://timesofindia.indiatimes.com/weather/trichur-aqi-level-air-quality-index-today/3471 "HTTP/1.1 200 OK"
2025-12-27 23:43:14,003 | INFO | httpx | HTTP Request: GET https://timesofindia.indiatimes.com/weather/tuni-aqi-level-air-quality-index-today/1422 "HTTP/1.1 200 OK"
2025-12-27 23:43:14,424 | INFO | httpx | HTTP Request: GET https://timesofindia.indiatimes.com/weather/tuticorin-aqi-level-air-quality-index-today/3315 "HTTP/1.1 200 OK"
2025-12-27 23:43:14,795 | INFO | httpx | HTTP Request: GET https://timesofindia.indiatimes.com/weather/udaipur-aqi-level-air-quality-index-today/3416 "HTTP/1.1 200 OK"
2025-12-27 23:43:15,857 | INFO | httpx | HTTP Request: GET https://timesofindia.indiatimes.com/weather/udupi-aqi-level-air-quality-index-today/3425 "HTTP/1.1 200 OK"
2025-12-27 23:43:16,352 | INFO | httpx | HTTP Request: GET https://timesofindia.indiatimes.com/weather/ujjain-aqi-level-air-quality-index-today/3431 "HTTP/1.1 200 OK"
2025-12-27 23:43:16,886 | INFO | httpx | HTTP Request: GET https://timesofindia.indiatimes.com/weather/ulhasnagar-aqi-level-air-quality-index-today/3432 "HTTP/1.1 200 OK"
2025-12-27 23:43:17,307 | INFO | __main__ | JSONL output at: output/crawl_output.jsonl
2025-12-27 23:43:17,971 | INFO | httpx | HTTP Request: GET https://timesofindia.indiatimes.com/weather/umaria-aqi-level-air-quality-index-today/1288 "HTTP/1.1 200 OK"
2025-12-27 23:43:18,913 | INFO | httpx | HTTP Request: GET https://timesofindia.indiatimes.com/weather/vadodara-aqi-level-air-quality-index-today/1123 "HTTP/1.1 200 OK"
2025-12-27 23:43:20,555 | INFO | httpx | HTTP Request: GET https://timesofindia.indiatimes.com/weather/vapi-aqi-level-air-quality-index-today/3327 "HTTP/1.1 200 OK"
2025-12-27 23:43:20,935 | INFO | httpx | HTTP Request: GET https://timesofindia.indiatimes.com/weather/varanasi-aqi-level-air-quality-index-today/3360 "HTTP/1.1 200 OK"
2025-12-27 23:43:21,366 | INFO | httpx | HTTP Request: GET https://timesofindia.indiatimes.com/weather/vellore-aqi-level-air-quality-index-today/1063 "HTTP/1.1 301 Moved Permanently"
2025-12-27 23:43:25,530 | INFO | httpx | HTTP Request: GET https://timesofindia.indiatimes.com/weather/vizianagaram-aqi-level-air-quality-index-today/1168 "HTTP/1.1 200 OK"
2025-12-27 23:43:26,038 | INFO | httpx | HTTP Request: GET https://timesofindia.indiatimes.com/weather/vrindavan-aqi-level-air-quality-index-today/3428 "HTTP/1.1 200 OK"
2025-12-27 23:43:26,565 | INFO | httpx | HTTP Request: GET https://timesofindia.indiatimes.com/weather/wanparti-aqi-level-air-quality-index-today/1061 "HTTP/1.1 200 OK"
2025-12-27 23:43:27,117 | INFO | httpx | HTTP Request: GET https://timesofindia.indiatimes.com/weather/warangal-aqi-level-air-quality-index-today/1154 "HTTP/1.1 200 OK"
2025-12-27 23:43:27,607 | INFO | httpx | HTTP Request: GET https://timesofindia.indiatimes.com/weather/yavatmal-aqi-level-air-quality-index-today/1117 "HTTP/1.1 200 OK"
2025-12-27 23:43:29,482 | INFO | httpx | HTTP Request: GET https://timesofindia.indiatimes.com/weather/ooty-aqi-level-air-quality-index-today/4054 "HTTP/1.1 200 OK"
2025-12-27 23:43:30,000 | INFO | httpx | HTTP Request: GET https://timesofindia.indiatimes.com/weather/chikkamagaluru-aqi-level-air-quality-index-today/4015 "HTTP/1.1 200 OK"
2025-12-27 23:43:30,530 | INFO | httpx | HTTP Request: GET https://timesofindia.indiatimes.com/sports/cricket/icc-mens-t20-world-cup/schedule "HTTP/1.1 200 OK"
2025-12-27 23:43:31,015 | INFO | httpx | HTTP Request: GET https://www.indiatimes.com/termsandcondition "HTTP/1.1 200 OK"
2025-12-27 23:43:31,663 | INFO | httpx | HTTP Request: GET https://timesofindia.indiatimes.com/life-style "HTTP/1.1 200 OK"
2025-12-27 23:43:32,808 | INFO | httpx | HTTP Request: GET https://timesofindia.indiatimes.com/tv/hindi "HTTP/1.1 200 OK"
2025-12-27 23:43:33,183 | INFO | httpx | HTTP Request: GET https://timesofindia.indiatimes.com/travel/destinations "HTTP/1.1 200 OK"
2025-12-27 23:43:33,532 | INFO | httpx | HTTP Request: GET https://timesofindia.indiatimes.com/etimes "HTTP/1.1 200 OK"
2025-12-27 23:43:36,029 | INFO | httpx | HTTP Request: GET https://timesofindia.indiatimes.com/business "HTTP/1.1 200 OK"
2025-12-27 23:43:36,528 | INFO | httpx | HTTP Request: GET https://timesofindia.indiatimes.com/india "HTTP/1.1 200 OK"
2025-12-27 23:43:38,012 | INFO | httpx | HTTP Request: GET https://timesofindia.indiatimes.com/entertainment/hindi/bollywood/news "HTTP/1.1 200 OK"
2025-12-27 23:43:40,585 | INFO | httpx | HTTP Request: GET https://timesofindia.indiatimes.com/travel "HTTP/1.1 301 Moved Permanently"
2025-12-27 23:43:41,129 | INFO | httpx | HTTP Request: GET https://timesofindia.indiatimes.com/travel/ "HTTP/1.1 200 OK"
2025-12-27 23:43:41,625 | INFO | httpx | HTTP Request: GET https://timesofindia.indiatimes.com/travel/ "HTTP/1.1 200 OK"
2025-12-27 23:43:42,770 | INFO | httpx | HTTP Request: GET https://timesofindia.indiatimes.com/business/gold-rates-today/gold-price-in-delhi "HTTP/1.1 200 OK"
2025-12-27 23:43:45,293 | INFO | httpx | HTTP Request: GET https://timesofindia.indiatimes.com/business/platinum-rates-today "HTTP/1.1 200 OK"
2025-12-27 23:43:45,784 | INFO | httpx | HTTP Request: GET https://timesofindia.indiatimes.com/business/silver-rates-today "HTTP/1.1 200 OK"
2025-12-27 23:43:46,312 | INFO | httpx | HTTP Request: GET https://timesofindia.indiatimes.com/business/gold-rates-today "HTTP/1.1 200 OK"
2025-12-27 23:43:56,387 | INFO | __main__ | ✓ [2] Mumbai AQI Today | Mumbai Pollution Level | Air Qu...
2025-12-27 23:43:56,896 | INFO | httpx | HTTP Request: GET https://timesofindia.indiatimes.com/ "HTTP/1.1 200 OK"
2025-12-27 23:43:57,581 | INFO | httpx | HTTP Request: GET https://timesofindia.indiatimes.com/us "HTTP/1.1 200 OK"
2025-12-27 23:43:58,056 | INFO | httpx | HTTP Request: GET https://navbharattimes.indiatimes.com/ "HTTP/1.1 200 OK"
2025-12-27 23:43:58,441 | INFO | httpx | HTTP Request: GET https://marathi.indiatimes.com/ "HTTP/1.1 301 Moved Permanently"
2025-12-27 23:44:00,547 | INFO | httpx | HTTP Request: GET https://timesofindia.indiatimes.com "HTTP/1.1 200 OK"
2025-12-27 23:44:01,098 | INFO | httpx | HTTP Request: GET https://timesofindia.indiatimes.com/weather/new-delhi-aqi-level-air-quality-index-today/3291 "HTTP/1.1 200 OK"
2025-12-27 23:44:06,317 | INFO | httpx | HTTP Request: GET https://timesofindia.indiatimes.com/weather/noida-aqi-level-air-quality-index-today/3319 "HTTP/1.1 200 OK"
2025-12-27 23:44:07,274 | INFO | httpx | HTTP Request: GET https://timesofindia.indiatimes.com/weather/abohar-aqi-level-air-quality-index-today/1050 "HTTP/1.1 200 OK"
2025-12-27 23:44:07,707 | INFO | httpx | HTTP Request: GET https://timesofindia.indiatimes.com/weather/abu-aqi-level-air-quality-index-today/1051 "HTTP/1.1 301 Moved Permanently"
2025-12-27 23:44:08,609 | INFO | httpx | HTTP Request: GET https://timesofindia.indiatimes.com/weather/addanki-aqi-level-air-quality-index-today/1225 "HTTP/1.1 200 OK"
2025-12-27 23:44:08,970 | INFO | httpx | HTTP Request: GET https://timesofindia.indiatimes.com/weather/adilabad-aqi-level-air-quality-index-today/1231 "HTTP/1.1 200 OK"
2025-12-27 23:44:09,325 | INFO | httpx | HTTP Request: GET https://timesofindia.indiatimes.com/weather/adoni-aqi-level-air-quality-index-today/1327 "HTTP/1.1 200 OK"
2025-12-27 23:44:09,700 | INFO | httpx | HTTP Request: GET https://timesofindia.indiatimes.com/weather/agartala-aqi-level-air-quality-index-today/3272 "HTTP/1.1 200 OK"
2025-12-27 23:44:10,051 | INFO | httpx | HTTP Request: GET https://timesofindia.indiatimes.com/weather/agra-aqi-level-air-quality-index-today/3229 "HTTP/1.1 200 OK"
2025-12-27 23:44:10,422 | INFO | httpx | HTTP Request: GET https://timesofindia.indiatimes.com/weather/ahilyanagar-aqi-level-air-quality-index-today/3410 "HTTP/1.1 200 OK"
2025-12-27 23:44:11,360 | INFO | httpx | HTTP Request: GET https://timesofindia.indiatimes.com/weather/ajmer-aqi-level-air-quality-index-today/3415 "HTTP/1.1 200 OK"
2025-12-27 23:44:11,704 | INFO | httpx | HTTP Request: GET https://timesofindia.indiatimes.com/weather/akola-aqi-level-air-quality-index-today/3365 "HTTP/1.1 200 OK"
2025-12-27 23:44:12,652 | INFO | httpx | HTTP Request: GET https://timesofindia.indiatimes.com/weather/alipur-duar-aqi-level-air-quality-index-today/1034 "HTTP/1.1 200 OK"
2025-12-27 23:44:13,589 | INFO | httpx | HTTP Request: GET https://timesofindia.indiatimes.com/weather/alleppey-aqi-level-air-quality-index-today/1009 "HTTP/1.1 200 OK"
2025-12-27 23:44:13,933 | INFO | httpx | HTTP Request: GET https://timesofindia.indiatimes.com/weather/alwar-aqi-level-air-quality-index-today/3277 "HTTP/1.1 200 OK"
2025-12-27 23:44:14,284 | INFO | httpx | HTTP Request: GET https://timesofindia.indiatimes.com/weather/amalapuram-aqi-level-air-quality-index-today/1241 "HTTP/1.1 200 OK"
2025-12-27 23:44:14,662 | INFO | httpx | HTTP Request: GET https://timesofindia.indiatimes.com/weather/amarkantak-aqi-level-air-quality-index-today/1172 "HTTP/1.1 200 OK"
2025-12-27 23:44:15,011 | INFO | httpx | HTTP Request: GET https://timesofindia.indiatimes.com/weather/ambala-aqi-level-air-quality-index-today/3322 "HTTP/1.1 200 OK"
2025-12-27 23:44:15,354 | INFO | httpx | HTTP Request: GET https://timesofindia.indiatimes.com/weather/amravati-aqi-level-air-quality-index-today/3453 "HTTP/1.1 200 OK"
2025-12-27 23:44:15,701 | INFO | httpx | HTTP Request: GET https://timesofindia.indiatimes.com/weather/amritsar-aqi-level-air-quality-index-today/3386 "HTTP/1.1 200 OK"
2025-12-27 23:44:16,060 | INFO | httpx | HTTP Request: GET https://timesofindia.indiatimes.com/weather/amudalavalasa-aqi-level-air-quality-index-today/1216 "HTTP/1.1 200 OK"
2025-12-27 23:44:16,417 | INFO | httpx | HTTP Request: GET https://timesofindia.indiatimes.com/weather/anakapalle-aqi-level-air-quality-index-today/1321 "HTTP/1.1 200 OK"
2025-12-27 23:44:17,975 | INFO | httpx | HTTP Request: GET https://timesofindia.indiatimes.com/weather/ankleshwar-aqi-level-air-quality-index-today/3412 "HTTP/1.1 200 OK"
2025-12-27 23:44:18,320 | INFO | httpx | HTTP Request: GET https://timesofindia.indiatimes.com/weather/armur-aqi-level-air-quality-index-today/1052 "HTTP/1.1 200 OK"
2025-12-27 23:44:18,658 | INFO | httpx | HTTP Request: GET https://timesofindia.indiatimes.com/weather/asansol-aqi-level-air-quality-index-today/3492 "HTTP/1.1 200 OK"
2025-12-27 23:44:20,207 | INFO | httpx | HTTP Request: GET https://timesofindia.indiatimes.com/weather/baharampur-aqi-level-air-quality-index-today/1158 "HTTP/1.1 200 OK"
2025-12-27 23:44:21,147 | INFO | httpx | HTTP Request: GET https://timesofindia.indiatimes.com/weather/baidyabati-aqi-level-air-quality-index-today/1362 "HTTP/1.1 200 OK"
2025-12-27 23:44:21,531 | INFO | httpx | HTTP Request: GET https://timesofindia.indiatimes.com/weather/bali-aqi-level-air-quality-index-today/1208 "HTTP/1.1 200 OK"
2025-12-27 23:44:21,867 | INFO | httpx | HTTP Request: GET https://timesofindia.indiatimes.com/weather/balurghat-aqi-level-air-quality-index-today/1337 "HTTP/1.1 200 OK"
2025-12-27 23:44:22,225 | INFO | httpx | HTTP Request: GET https://timesofindia.indiatimes.com/weather/banda-aqi-level-air-quality-index-today/1150 "HTTP/1.1 200 OK"
2025-12-27 23:44:22,568 | INFO | httpx | HTTP Request: GET https://timesofindia.indiatimes.com/weather/bandipora-aqi-level-air-quality-index-today/1430 "HTTP/1.1 200 OK"
2025-12-27 23:44:22,908 | INFO | httpx | HTTP Request: GET https://timesofindia.indiatimes.com/weather/bangaon-aqi-level-air-quality-index-today/1354 "HTTP/1.1 200 OK"
2025-12-27 23:44:23,248 | INFO | httpx | HTTP Request: GET https://timesofindia.indiatimes.com/weather/bankura-aqi-level-air-quality-index-today/1259 "HTTP/1.1 200 OK"
2025-12-27 23:44:24,805 | INFO | httpx | HTTP Request: GET https://timesofindia.indiatimes.com/weather/baramulla-aqi-level-air-quality-index-today/1367 "HTTP/1.1 200 OK"
2025-12-27 23:44:25,763 | INFO | httpx | HTTP Request: GET https://timesofindia.indiatimes.com/weather/barddhaman-aqi-level-air-quality-index-today/1339 "HTTP/1.1 200 OK"
2025-12-27 23:44:27,362 | INFO | httpx | HTTP Request: GET https://timesofindia.indiatimes.com/weather/basirhat-aqi-level-air-quality-index-today/1067 "HTTP/1.1 200 OK"
2025-12-27 23:44:28,342 | INFO | httpx | HTTP Request: GET https://timesofindia.indiatimes.com/weather/belagavi-aqi-level-air-quality-index-today/3334 "HTTP/1.1 200 OK"
2025-12-27 23:44:28,695 | INFO | httpx | HTTP Request: GET https://timesofindia.indiatimes.com/weather/belampalli-aqi-level-air-quality-index-today/1414 "HTTP/1.1 200 OK"
2025-12-27 23:44:29,042 | INFO | httpx | HTTP Request: GET https://timesofindia.indiatimes.com/weather/bellary-aqi-level-air-quality-index-today/1012 "HTTP/1.1 200 OK"
2025-12-27 23:44:29,406 | INFO | httpx | HTTP Request: GET https://timesofindia.indiatimes.com/weather/belur-aqi-level-air-quality-index-today/1157 "HTTP/1.1 200 OK"
2025-12-27 23:44:29,770 | INFO | httpx | HTTP Request: GET https://timesofindia.indiatimes.com/weather/betma-aqi-level-air-quality-index-today/1049 "HTTP/1.1 200 OK"
2025-12-27 23:44:30,750 | INFO | httpx | HTTP Request: GET https://timesofindia.indiatimes.com/weather/bhadreswar-aqi-level-air-quality-index-today/1003 "HTTP/1.1 200 OK"
2025-12-27 23:44:31,105 | INFO | httpx | HTTP Request: GET https://timesofindia.indiatimes.com/weather/bhagalpur-aqi-level-air-quality-index-today/3242 "HTTP/1.1 200 OK"
2025-12-27 23:44:31,454 | INFO | httpx | HTTP Request: GET https://timesofindia.indiatimes.com/weather/bhainsa-aqi-level-air-quality-index-today/1308 "HTTP/1.1 200 OK"
2025-12-27 23:44:31,804 | INFO | httpx | HTTP Request: GET https://timesofindia.indiatimes.com/weather/bharatpur-aqi-level-air-quality-index-today/3296 "HTTP/1.1 200 OK"
2025-12-27 23:44:32,156 | INFO | httpx | HTTP Request: GET https://timesofindia.indiatimes.com/weather/bhatpara-aqi-level-air-quality-index-today/1386 "HTTP/1.1 200 OK"
2025-12-27 23:44:32,499 | INFO | httpx | HTTP Request: GET https://timesofindia.indiatimes.com/weather/bhavnagar-aqi-level-air-quality-index-today/1306 "HTTP/1.1 200 OK"
2025-12-27 23:44:33,444 | INFO | httpx | HTTP Request: GET https://timesofindia.indiatimes.com/weather/bhilai-aqi-level-air-quality-index-today/3335 "HTTP/1.1 200 OK"
2025-12-27 23:44:33,813 | INFO | httpx | HTTP Request: GET https://timesofindia.indiatimes.com/weather/bhilwara-aqi-level-air-quality-index-today/3488 "HTTP/1.1 200 OK"
2025-12-27 23:44:34,159 | INFO | httpx | HTTP Request: GET https://timesofindia.indiatimes.com/weather/bhimavaram-aqi-level-air-quality-index-today/1363 "HTTP/1.1 200 OK"
2025-12-27 23:44:34,511 | INFO | httpx | HTTP Request: GET https://timesofindia.indiatimes.com/weather/bhimunipatnam-aqi-level-air-quality-index-today/1146 "HTTP/1.1 200 OK"
2025-12-27 23:44:34,854 | INFO | httpx | HTTP Request: GET https://timesofindia.indiatimes.com/weather/bhiwadi-aqi-level-air-quality-index-today/3342 "HTTP/1.1 200 OK"
2025-12-27 23:44:35,796 | INFO | httpx | HTTP Request: GET https://timesofindia.indiatimes.com/weather/bhiwani-aqi-level-air-quality-index-today/3468 "HTTP/1.1 200 OK"
2025-12-27 23:44:36,155 | INFO | httpx | HTTP Request: GET https://timesofindia.indiatimes.com/weather/bhopal-aqi-level-air-quality-index-today/3298 "HTTP/1.1 200 OK"
2025-12-27 23:44:37,124 | INFO | httpx | HTTP Request: GET https://timesofindia.indiatimes.com/weather/bhuj-aqi-level-air-quality-index-today/1159 "HTTP/1.1 200 OK"
2025-12-27 23:44:37,475 | INFO | httpx | HTTP Request: GET https://timesofindia.indiatimes.com/weather/bhusawal-aqi-level-air-quality-index-today/1151 "HTTP/1.1 200 OK"
2025-12-27 23:44:37,835 | INFO | httpx | HTTP Request: GET https://timesofindia.indiatimes.com/weather/bidar-aqi-level-air-quality-index-today/3317 "HTTP/1.1 200 OK"
2025-12-27 23:44:38,802 | INFO | httpx | HTTP Request: GET https://timesofindia.indiatimes.com/weather/bikaner-aqi-level-air-quality-index-today/3346 "HTTP/1.1 200 OK"
2025-12-27 23:44:39,157 | INFO | httpx | HTTP Request: GET https://timesofindia.indiatimes.com/weather/bilaspur-aqi-level-air-quality-index-today/3439 "HTTP/1.1 200 OK"
2025-12-27 23:44:39,517 | INFO | httpx | HTTP Request: GET https://timesofindia.indiatimes.com/weather/bishnupur-aqi-level-air-quality-index-today/1030 "HTTP/1.1 200 OK"
2025-12-27 23:44:39,887 | INFO | httpx | HTTP Request: GET https://timesofindia.indiatimes.com/weather/bobbili-aqi-level-air-quality-index-today/1013 "HTTP/1.1 200 OK"
2025-12-27 23:44:40,244 | INFO | httpx | HTTP Request: GET https://timesofindia.indiatimes.com/weather/bodhan-aqi-level-air-quality-index-today/1107 "HTTP/1.1 200 OK"
2025-12-27 23:44:40,601 | INFO | httpx | HTTP Request: GET https://timesofindia.indiatimes.com/weather/bodupal-aqi-level-air-quality-index-today/1160 "HTTP/1.1 200 OK"
2025-12-27 23:44:40,968 | INFO | httpx | HTTP Request: GET https://timesofindia.indiatimes.com/weather/brahmapur-aqi-level-air-quality-index-today/1194 "HTTP/1.1 200 OK"
2025-12-27 23:44:59,669 | INFO | httpx | HTTP Request: GET https://timesofindia.indiatimes.com/weather/deo-aqi-level-air-quality-index-today/1008 "HTTP/1.1 200 OK"
2025-12-27 23:45:00,047 | INFO | httpx | HTTP Request: GET https://timesofindia.indiatimes.com/weather/devarakonda-aqi-level-air-quality-index-today/1347 "HTTP/1.1 200 OK"
2025-12-27 23:45:01,616 | INFO | httpx | HTTP Request: GET https://timesofindia.indiatimes.com/weather/dharmavaram-aqi-level-air-quality-index-today/1311 "HTTP/1.1 200 OK"
2025-12-27 23:45:01,971 | INFO | httpx | HTTP Request: GET https://timesofindia.indiatimes.com/weather/dholka-aqi-level-air-quality-index-today/1329 "HTTP/1.1 200 OK"
2025-12-27 23:45:04,126 | INFO | httpx | HTTP Request: GET https://timesofindia.indiatimes.com/weather/dispur-aqi-level-air-quality-index-today/1349 "HTTP/1.1 200 OK"
2025-12-27 23:45:04,469 | INFO | httpx | HTTP Request: GET https://timesofindia.indiatimes.com/weather/diu-aqi-level-air-quality-index-today/1064 "HTTP/1.1 200 OK"
2025-12-27 23:45:04,841 | INFO | httpx | HTTP Request: GET https://timesofindia.indiatimes.com/weather/draksharama-aqi-level-air-quality-index-today/1440 "HTTP/1.1 200 OK"
2025-12-27 23:45:05,789 | INFO | httpx | HTTP Request: GET https://timesofindia.indiatimes.com/weather/dubbak-aqi-level-air-quality-index-today/1131 "HTTP/1.1 200 OK"
2025-12-27 23:45:06,938 | INFO | httpx | HTTP Request: GET https://timesofindia.indiatimes.com/weather/durg-aqi-level-air-quality-index-today/1304 "HTTP/1.1 200 OK"
2025-12-27 23:45:07,300 | INFO | httpx | HTTP Request: GET https://timesofindia.indiatimes.com/weather/durgapur-aqi-level-air-quality-index-today/3392 "HTTP/1.1 200 OK"
2025-12-27 23:45:07,642 | INFO | httpx | HTTP Request: GET https://timesofindia.indiatimes.com/weather/dwarka-aqi-level-air-quality-index-today/1118 "HTTP/1.1 200 OK"
2025-12-27 23:45:08,014 | INFO | httpx | HTTP Request: GET https://timesofindia.indiatimes.com/weather/eluru-aqi-level-air-quality-index-today/1274 "HTTP/1.1 200 OK"
2025-12-27 23:45:08,363 | INFO | httpx | HTTP Request: GET https://timesofindia.indiatimes.com/weather/emmiganur-aqi-level-air-quality-index-today/1258 "HTTP/1.1 200 OK"
2025-12-27 23:45:09,357 | INFO | httpx | HTTP Request: GET https://timesofindia.indiatimes.com/weather/erode-aqi-level-air-quality-index-today/1074 "HTTP/1.1 200 OK"
2025-12-27 23:45:09,708 | INFO | httpx | HTTP Request: GET https://timesofindia.indiatimes.com/weather/etawah-aqi-level-air-quality-index-today/1331 "HTTP/1.1 200 OK"
2025-12-27 23:45:10,090 | INFO | httpx | HTTP Request: GET https://timesofindia.indiatimes.com/weather/faizabad-aqi-level-air-quality-index-today/1023 "HTTP/1.1 200 OK"
2025-12-27 23:45:10,430 | INFO | httpx | HTTP Request: GET https://timesofindia.indiatimes.com/weather/faridabad-aqi-level-air-quality-index-today/3266 "HTTP/1.1 200 OK"
2025-12-27 23:45:10,785 | INFO | httpx | HTTP Request: GET https://timesofindia.indiatimes.com/weather/fatehpur-aqi-level-air-quality-index-today/1316 "HTTP/1.1 200 OK"
2025-12-27 23:45:11,126 | INFO | httpx | HTTP Request: GET https://timesofindia.indiatimes.com/weather/fatehpur-sikri-aqi-level-air-quality-index-today/1145 "HTTP/1.1 200 OK"
2025-12-27 23:45:12,084 | INFO | httpx | HTTP Request: GET https://timesofindia.indiatimes.com/weather/fyzabad-aqi-level-air-quality-index-today/1398 "HTTP/1.1 200 OK"
2025-12-27 23:45:13,051 | INFO | httpx | HTTP Request: GET https://timesofindia.indiatimes.com/weather/gandhinagar-aqi-level-air-quality-index-today/3420 "HTTP/1.1 200 OK"
2025-12-27 23:45:13,400 | INFO | httpx | HTTP Request: GET https://timesofindia.indiatimes.com/weather/ganganagar-aqi-level-air-quality-index-today/3404 "HTTP/1.1 200 OK"
2025-12-27 23:45:13,752 | INFO | httpx | HTTP Request: GET https://timesofindia.indiatimes.com/weather/gangtok-aqi-level-air-quality-index-today/3324 "HTTP/1.1 200 OK"
2025-12-27 23:45:14,110 | INFO | httpx | HTTP Request: GET https://timesofindia.indiatimes.com/weather/gauripur-aqi-level-air-quality-index-today/1396 "HTTP/1.1 200 OK"
2025-12-27 23:45:15,053 | INFO | httpx | HTTP Request: GET https://timesofindia.indiatimes.com/weather/ghaziabad-aqi-level-air-quality-index-today/3262 "HTTP/1.1 200 OK"
2025-12-27 23:45:15,408 | INFO | httpx | HTTP Request: GET https://timesofindia.indiatimes.com/weather/giddalur-aqi-level-air-quality-index-today/1191 "HTTP/1.1 200 OK"
2025-12-27 23:45:16,353 | INFO | httpx | HTTP Request: GET https://timesofindia.indiatimes.com/weather/gorakhpur-aqi-level-air-quality-index-today/3472 "HTTP/1.1 200 OK"
2025-12-27 23:45:17,300 | INFO | httpx | HTTP Request: GET https://timesofindia.indiatimes.com/weather/gulbarga-aqi-level-air-quality-index-today/3371 "HTTP/1.1 200 OK"
2025-12-27 23:45:17,645 | INFO | httpx | HTTP Request: GET https://timesofindia.indiatimes.com/weather/guntakal-aqi-level-air-quality-index-today/1011 "HTTP/1.1 200 OK"
2025-12-27 23:45:18,613 | INFO | httpx | HTTP Request: GET https://timesofindia.indiatimes.com/weather/guwahati-aqi-level-air-quality-index-today/3281 "HTTP/1.1 200 OK"
2025-12-27 23:45:18,962 | INFO | httpx | HTTP Request: GET https://timesofindia.indiatimes.com/weather/gwalior-aqi-level-air-quality-index-today/3314 "HTTP/1.1 200 OK"
2025-12-27 23:45:19,922 | INFO | httpx | HTTP Request: GET https://timesofindia.indiatimes.com/weather/haldia-aqi-level-air-quality-index-today/3454 "HTTP/1.1 200 OK"
2025-12-27 23:45:20,886 | INFO | httpx | HTTP Request: GET https://timesofindia.indiatimes.com/weather/handwara-aqi-level-air-quality-index-today/1369 "HTTP/1.1 200 OK"
2025-12-27 23:45:22,453 | INFO | httpx | HTTP Request: GET https://timesofindia.indiatimes.com/weather/hassan-aqi-level-air-quality-index-today/3269 "HTTP/1.1 200 OK"
2025-12-27 23:45:22,800 | INFO | httpx | HTTP Request: GET https://timesofindia.indiatimes.com/weather/hathras-aqi-level-air-quality-index-today/1289 "HTTP/1.1 200 OK"
2025-12-27 23:45:23,142 | INFO | httpx | HTTP Request: GET https://timesofindia.indiatimes.com/weather/hindupur-aqi-level-air-quality-index-today/1252 "HTTP/1.1 200 OK"
2025-12-27 23:45:23,496 | INFO | httpx | HTTP Request: GET https://timesofindia.indiatimes.com/weather/hisar-aqi-level-air-quality-index-today/3330 "HTTP/1.1 200 OK"
2025-12-27 23:45:23,842 | INFO | httpx | HTTP Request: GET https://timesofindia.indiatimes.com/weather/hospet-aqi-level-air-quality-index-today/1298 "HTTP/1.1 200 OK"
2025-12-27 23:45:24,191 | INFO | httpx | HTTP Request: GET https://timesofindia.indiatimes.com/weather/howrah-aqi-level-air-quality-index-today/3357 "HTTP/1.1 200 OK"
2025-12-27 23:45:24,552 | INFO | httpx | HTTP Request: GET https://timesofindia.indiatimes.com/weather/hubballi-aqi-level-air-quality-index-today/3336 "HTTP/1.1 200 OK"
2025-12-27 23:45:25,514 | INFO | httpx | HTTP Request: GET https://timesofindia.indiatimes.com/weather/ichalkaranji-aqi-level-air-quality-index-today/1436 "HTTP/1.1 200 OK"
2025-12-27 23:45:26,477 | INFO | httpx | HTTP Request: GET https://timesofindia.indiatimes.com/weather/indore-aqi-level-air-quality-index-today/3348 "HTTP/1.1 200 OK"
2025-12-27 23:45:26,861 | INFO | httpx | HTTP Request: GET https://timesofindia.indiatimes.com/weather/itanagar-aqi-level-air-quality-index-today/1243 "HTTP/1.1 200 OK"
2025-12-27 23:45:27,814 | INFO | httpx | HTTP Request: GET https://timesofindia.indiatimes.com/weather/jaggayyapeta-aqi-level-air-quality-index-today/1203 "HTTP/1.1 200 OK"
2025-12-27 23:45:28,166 | INFO | httpx | HTTP Request: GET https://timesofindia.indiatimes.com/weather/jagtial-aqi-level-air-quality-index-today/1204 "HTTP/1.1 200 OK"
2025-12-27 23:45:28,537 | INFO | httpx | HTTP Request: GET https://timesofindia.indiatimes.com/weather/jaipur-aqi-level-air-quality-index-today/3302 "HTTP/1.1 200 OK"
2025-12-27 23:45:28,925 | INFO | httpx | HTTP Request: GET https://timesofindia.indiatimes.com/weather/jaisalmer-aqi-level-air-quality-index-today/3307 "HTTP/1.1 200 OK"
2025-12-27 23:45:29,299 | INFO | httpx | HTTP Request: GET https://timesofindia.indiatimes.com/weather/jalandhar-aqi-level-air-quality-index-today/3387 "HTTP/1.1 200 OK"
2025-12-27 23:45:29,717 | INFO | httpx | HTTP Request: GET https://timesofindia.indiatimes.com/weather/jalgaon-aqi-level-air-quality-index-today/3449 "HTTP/1.1 200 OK"
2025-12-27 23:45:30,104 | INFO | httpx | HTTP Request: GET https://timesofindia.indiatimes.com/weather/jalor-aqi-level-air-quality-index-today/3455 "HTTP/1.1 200 OK"
2025-12-27 23:45:30,450 | INFO | httpx | HTTP Request: GET https://timesofindia.indiatimes.com/weather/jalpaiguri-aqi-level-air-quality-index-today/1342 "HTTP/1.1 200 OK"
2025-12-27 23:45:30,797 | INFO | httpx | HTTP Request: GET https://timesofindia.indiatimes.com/weather/jammalamadugu-aqi-level-air-quality-index-today/1271 "HTTP/1.1 200 OK"
2025-12-27 23:45:31,886 | INFO | httpx | HTTP Request: GET https://timesofindia.indiatimes.com/weather/jamnagar-aqi-level-air-quality-index-today/1148 "HTTP/1.1 200 OK"
2025-12-27 23:45:32,252 | INFO | httpx | HTTP Request: GET https://timesofindia.indiatimes.com/weather/jamshedpur-aqi-level-air-quality-index-today/1429 "HTTP/1.1 200 OK"
2025-12-27 23:45:33,220 | INFO | httpx | HTTP Request: GET https://timesofindia.indiatimes.com/weather/jangaon-aqi-level-air-quality-index-today/1201 "HTTP/1.1 200 OK"
2025-12-27 23:45:34,190 | INFO | httpx | HTTP Request: GET https://timesofindia.indiatimes.com/weather/jatani-aqi-level-air-quality-index-today/1102 "HTTP/1.1 200 OK"
2025-12-27 23:45:34,546 | INFO | httpx | HTTP Request: GET https://timesofindia.indiatimes.com/weather/jaunpur-aqi-level-air-quality-index-today/1164 "HTTP/1.1 200 OK"
2025-12-27 23:45:34,930 | INFO | httpx | HTTP Request: GET https://timesofindia.indiatimes.com/weather/jaynagar-majilpur-aqi-level-air-quality-index-today/1389 "HTTP/1.1 200 OK"
2025-12-27 23:45:35,909 | INFO | httpx | HTTP Request: GET https://timesofindia.indiatimes.com/weather/jodhpur-aqi-level-air-quality-index-today/3353 "HTTP/1.1 200 OK"
2025-12-27 23:45:36,260 | INFO | httpx | HTTP Request: GET https://timesofindia.indiatimes.com/weather/jorhat-aqi-level-air-quality-index-today/1071 "HTTP/1.1 200 OK"
2025-12-27 23:45:36,606 | INFO | httpx | HTTP Request: GET https://timesofindia.indiatimes.com/weather/junnar-aqi-level-air-quality-index-today/1253 "HTTP/1.1 200 OK"
2025-12-27 23:45:36,959 | INFO | httpx | HTTP Request: GET https://timesofindia.indiatimes.com/weather/kadiri-aqi-level-air-quality-index-today/1424 "HTTP/1.1 200 OK"
2025-12-27 23:45:58,645 | INFO | httpx | HTTP Request: GET https://timesofindia.indiatimes.com/weather/krishnanagar-aqi-level-air-quality-index-today/1086 "HTTP/1.1 200 OK"
2025-12-27 23:46:45,847 | INFO | __main__ | Discovering from Google News RSS (max: 100)
2025-12-27 23:46:45,847 | INFO | crawler.url_seeder | Fetching news from 5 Google News RSS feeds
2025-12-27 23:46:46,778 | INFO | crawler.url_seeder | Parsed 30 articles from Google News RSS
2025-12-27 23:46:46,791 | INFO | crawler.url_seeder | Parsed 30 articles from Google News RSS
2025-12-27 23:46:46,794 | INFO | crawler.url_seeder | Parsed 30 articles from Google News RSS
2025-12-27 23:46:46,832 | INFO | crawler.url_seeder | Parsed 30 articles from Google News RSS
2025-12-27 23:46:46,954 | INFO | crawler.url_seeder | Parsed 30 articles from Google News RSS
2025-12-27 23:46:46,954 | INFO | crawler.url_seeder | Total articles from Google News: 150
2025-12-27 23:46:47,745 | INFO | httpx | HTTP Request: GET https://timesofindia.indiatimes.com/weather/patna-aqi-level-air-quality-index-today/3234 "HTTP/1.1 301 Moved Permanently"
2025-12-27 23:46:54,684 | INFO | crawler.url_seeder | Discovered 148 unique URLs from Google News
2025-12-27 23:46:54,696 | INFO | __main__ | Found 100 URLs from Google News, 99 new
2025-12-27 23:46:54,696 | INFO | __main__ | Crawling 99 URLs
2025-12-27 23:46:54,696 | INFO | __main__ | Started session: 20251227_234654 (mode: seed_and_crawl)
2025-12-27 23:46:55,129 | INFO | crawler.core_engine | Crawling 99 URLs
2025-12-27 23:46:57,698 | INFO | __main__ | ✓ Crawled: Google News... (score: 0.00)
2025-12-27 23:47:00,834 | INFO | httpx | HTTP Request: GET https://timesofindia.indiatimes.com/weather/rajahmundry-aqi-level-air-quality-index-today/1075 "HTTP/1.1 200 OK"
2025-12-27 23:47:01,186 | INFO | httpx | HTTP Request: GET https://timesofindia.indiatimes.com/weather/rajapalaiyam-aqi-level-air-quality-index-today/1060 "HTTP/1.1 200 OK"
2025-12-27 23:47:01,552 | INFO | httpx | HTTP Request: GET https://timesofindia.indiatimes.com/weather/rajgir-aqi-level-air-quality-index-today/3255 "HTTP/1.1 200 OK"
2025-12-27 23:47:01,907 | INFO | httpx | HTTP Request: GET https://timesofindia.indiatimes.com/weather/rajkot-aqi-level-air-quality-index-today/1166 "HTTP/1.1 200 OK"
2025-12-27 23:47:02,253 | INFO | httpx | HTTP Request: GET https://timesofindia.indiatimes.com/weather/rajmahal-aqi-level-air-quality-index-today/1211 "HTTP/1.1 200 OK"
2025-12-27 23:47:03,848 | INFO | httpx | HTTP Request: GET https://timesofindia.indiatimes.com/weather/ramgundam-aqi-level-air-quality-index-today/1093 "HTTP/1.1 200 OK"
2025-12-27 23:47:04,249 | INFO | httpx | HTTP Request: GET https://timesofindia.indiatimes.com/weather/rampur-aqi-level-air-quality-index-today/1257 "HTTP/1.1 200 OK"
2025-12-27 23:47:05,255 | INFO | httpx | HTTP Request: GET https://timesofindia.indiatimes.com/weather/ratlam-aqi-level-air-quality-index-today/3467 "HTTP/1.1 200 OK"
2025-12-27 23:47:06,246 | INFO | httpx | HTTP Request: GET https://timesofindia.indiatimes.com/weather/rayachoti-aqi-level-air-quality-index-today/1370 "HTTP/1.1 200 OK"
2025-12-27 23:47:07,250 | INFO | httpx | HTTP Request: GET https://timesofindia.indiatimes.com/weather/rishra-aqi-level-air-quality-index-today/1163 "HTTP/1.1 200 OK"
2025-12-27 23:47:27,405 | INFO | httpx | HTTP Request: GET https://timesofindia.indiatimes.com/weather/suryapet-aqi-level-air-quality-index-today/1378 "HTTP/1.1 200 OK"
2025-12-27 23:47:27,776 | INFO | httpx | HTTP Request: GET https://timesofindia.indiatimes.com/weather/tadepalle-aqi-level-air-quality-index-today/1399 "HTTP/1.1 200 OK"
2025-12-27 23:47:28,124 | INFO | httpx | HTTP Request: GET https://timesofindia.indiatimes.com/weather/tadepallegudem-aqi-level-air-quality-index-today/1403 "HTTP/1.1 200 OK"
2025-12-27 23:47:28,468 | INFO | httpx | HTTP Request: GET https://timesofindia.indiatimes.com/weather/tadpatri-aqi-level-air-quality-index-today/1301 "HTTP/1.1 200 OK"
2025-12-27 23:47:28,833 | INFO | httpx | HTTP Request: GET https://timesofindia.indiatimes.com/weather/tanjore-aqi-level-air-quality-index-today/1138 "HTTP/1.1 200 OK"
2025-12-27 23:47:29,183 | INFO | httpx | HTTP Request: GET https://timesofindia.indiatimes.com/weather/tanuku-aqi-level-air-quality-index-today/1246 "HTTP/1.1 200 OK"
2025-12-27 23:47:30,142 | INFO | httpx | HTTP Request: GET https://timesofindia.indiatimes.com/weather/tezpur-aqi-level-air-quality-index-today/1227 "HTTP/1.1 200 OK"
2025-12-27 23:47:30,486 | INFO | httpx | HTTP Request: GET https://timesofindia.indiatimes.com/weather/thane-aqi-level-air-quality-index-today/3411 "HTTP/1.1 200 OK"
2025-12-27 23:47:30,909 | INFO | httpx | HTTP Request: GET https://timesofindia.indiatimes.com/weather/thiruvananthapuram-aqi-level-air-quality-index-today/3292 "HTTP/1.1 301 Moved Permanently"
2025-12-27 23:47:31,823 | INFO | httpx | HTTP Request: GET https://timesofindia.indiatimes.com/weather/tinnevelly-aqi-level-air-quality-index-today/1212 "HTTP/1.1 200 OK"
2025-12-27 23:47:32,210 | INFO | httpx | HTTP Request: GET https://timesofindia.indiatimes.com/weather/tirupati-aqi-level-air-quality-index-today/3321 "HTTP/1.1 200 OK"
2025-12-27 23:47:32,562 | INFO | httpx | HTTP Request: GET https://timesofindia.indiatimes.com/weather/tiruppur-aqi-level-air-quality-index-today/1192 "HTTP/1.1 200 OK"
2025-12-27 23:47:33,508 | INFO | httpx | HTTP Request: GET https://timesofindia.indiatimes.com/weather/titagarh-aqi-level-air-quality-index-today/1094 "HTTP/1.1 200 OK"
2025-12-27 23:47:33,858 | INFO | httpx | HTTP Request: GET https://timesofindia.indiatimes.com/weather/tonk-aqi-level-air-quality-index-today/3402 "HTTP/1.1 200 OK"
2025-12-27 23:47:34,826 | INFO | httpx | HTTP Request: GET https://timesofindia.indiatimes.com/weather/trichur-aqi-level-air-quality-index-today/3471 "HTTP/1.1 200 OK"
2025-12-27 23:47:35,174 | INFO | httpx | HTTP Request: GET https://timesofindia.indiatimes.com/weather/tumkur-aqi-level-air-quality-index-today/1248 "HTTP/1.1 200 OK"
2025-12-27 23:47:35,543 | INFO | httpx | HTTP Request: GET https://timesofindia.indiatimes.com/weather/tuni-aqi-level-air-quality-index-today/1422 "HTTP/1.1 200 OK"
2025-12-27 23:47:36,505 | INFO | httpx | HTTP Request: GET https://timesofindia.indiatimes.com/weather/udaipur-aqi-level-air-quality-index-today/3416 "HTTP/1.1 200 OK"
2025-12-27 23:47:37,496 | INFO | httpx | HTTP Request: GET https://timesofindia.indiatimes.com/weather/udupi-aqi-level-air-quality-index-today/3425 "HTTP/1.1 200 OK"
2025-12-27 23:47:37,851 | INFO | httpx | HTTP Request: GET https://timesofindia.indiatimes.com/weather/ujjain-aqi-level-air-quality-index-today/3431 "HTTP/1.1 200 OK"
2025-12-27 23:47:38,820 | INFO | httpx | HTTP Request: GET https://timesofindia.indiatimes.com/weather/uluberiya-aqi-level-air-quality-index-today/1112 "HTTP/1.1 200 OK"
2025-12-27 23:47:39,179 | INFO | httpx | HTTP Request: GET https://timesofindia.indiatimes.com/weather/umaria-aqi-level-air-quality-index-today/1288 "HTTP/1.1 200 OK"
2025-12-27 23:47:40,158 | INFO | httpx | HTTP Request: GET https://timesofindia.indiatimes.com/weather/vadodara-aqi-level-air-quality-index-today/1123 "HTTP/1.1 200 OK"
2025-12-27 23:47:40,499 | INFO | httpx | HTTP Request: GET https://timesofindia.indiatimes.com/weather/valparai-aqi-level-air-quality-index-today/1183 "HTTP/1.1 200 OK"
2025-12-27 23:47:41,446 | INFO | httpx | HTTP Request: GET https://timesofindia.indiatimes.com/weather/vapi-aqi-level-air-quality-index-today/3327 "HTTP/1.1 200 OK"
2025-12-27 23:47:41,841 | INFO | httpx | HTTP Request: GET https://timesofindia.indiatimes.com/weather/varanasi-aqi-level-air-quality-index-today/3360 "HTTP/1.1 200 OK"
2025-12-27 23:47:42,815 | INFO | httpx | HTTP Request: GET https://timesofindia.indiatimes.com/weather/venkatagiri-aqi-level-air-quality-index-today/1278 "HTTP/1.1 200 OK"
2025-12-27 23:47:44,241 | INFO | httpx | HTTP Request: GET https://timesofindia.indiatimes.com/weather/vinukonda-aqi-level-air-quality-index-today/1181 "HTTP/1.1 200 OK"
2025-12-27 23:47:51,318 | INFO | httpx | HTTP Request: GET https://www.indiatimes.com/termsandcondition "HTTP/1.1 200 OK"
2025-12-27 23:47:54,077 | INFO | httpx | HTTP Request: GET https://timesofindia.indiatimes.com/travel/destinations "HTTP/1.1 200 OK"
2025-12-27 23:47:55,413 | INFO | httpx | HTTP Request: GET https://gadgetsnow.indiatimes.com/?_gl=1%2Ah4drpd%2A_ga%2AMjAzNTc2Njg5OS4xNzI3MjUzODEz%2A_ga_FCN624MN68%2AMTczNzQ1MDg1OS4xMzIuMS4xNzM3NDUzMzIyLjU0LjAuMA.. "HTTP/1.1 200 OK"
2025-12-27 23:47:55,761 | INFO | httpx | HTTP Request: GET https://timesofindia.indiatimes.com/news "HTTP/1.1 200 OK"
2025-12-27 23:47:56,233 | INFO | httpx | HTTP Request: GET https://timesofindia.indiatimes.com/sports "HTTP/1.1 200 OK"
2025-12-27 23:47:56,664 | INFO | httpx | HTTP Request: GET https://timesofindia.indiatimes.com/business "HTTP/1.1 200 OK"
2025-12-27 23:47:57,035 | INFO | httpx | HTTP Request: GET https://timesofindia.indiatimes.com/india "HTTP/1.1 200 OK"
2025-12-27 23:47:58,089 | INFO | httpx | HTTP Request: GET https://timesofindia.indiatimes.com/entertainment/hindi/bollywood/news "HTTP/1.1 200 OK"
2025-12-27 23:47:59,758 | INFO | httpx | HTTP Request: GET https://timesofindia.indiatimes.com/technology "HTTP/1.1 200 OK"
2025-12-27 23:48:00,163 | INFO | httpx | HTTP Request: GET https://timesofindia.indiatimes.com/travel "HTTP/1.1 301 Moved Permanently"
2025-12-27 23:48:00,502 | INFO | httpx | HTTP Request: GET https://timesofindia.indiatimes.com/travel/ "HTTP/1.1 200 OK"
2025-12-27 23:48:00,811 | INFO | httpx | HTTP Request: GET https://timesofindia.indiatimes.com/travel/ "HTTP/1.1 200 OK"
2025-12-27 23:48:01,750 | INFO | httpx | HTTP Request: GET https://timesofindia.indiatimes.com/business/gold-rates-today/gold-price-in-delhi "HTTP/1.1 200 OK"
2025-12-27 23:48:02,109 | INFO | httpx | HTTP Request: GET https://timesofindia.indiatimes.com/astrology/chinese-horoscope/rat "HTTP/1.1 200 OK"
2025-12-27 23:48:03,057 | INFO | httpx | HTTP Request: GET https://timesofindia.indiatimes.com/astrology "HTTP/1.1 200 OK"
2025-12-27 23:48:03,569 | INFO | httpx | HTTP Request: GET https://timesofindia.indiatimes.com/business/platinum-rates-today "HTTP/1.1 200 OK"
2025-12-27 23:48:03,903 | INFO | httpx | HTTP Request: GET https://timesofindia.indiatimes.com/business/silver-rates-today "HTTP/1.1 200 OK"
2025-12-27 23:48:04,262 | INFO | httpx | HTTP Request: GET https://timesofindia.indiatimes.com/business/gold-rates-today "HTTP/1.1 200 OK"
2025-12-27 23:48:04,620 | INFO | httpx | HTTP Request: GET https://timesofindia.indiatimes.com/business/bank-holidays/is-bank-open-today "HTTP/1.1 200 OK"
2025-12-27 23:48:05,000 | INFO | httpx | HTTP Request: GET https://timesofindia.indiatimes.com/business/bank-holidays/is-bank-open-tomorrow "HTTP/1.1 200 OK"
2025-12-27 23:48:07,858 | INFO | httpx | HTTP Request: GET https://timesofindia.indiatimes.com/technology/tech-news "HTTP/1.1 200 OK"
2025-12-27 23:48:11,258 | INFO | __main__ | ✓ [2] Bengaluru News: Latest Bangalore News Headlines & ...
2025-12-27 23:48:11,638 | INFO | httpx | HTTP Request: GET https://timesofindia.indiatimes.com/ "HTTP/1.1 200 OK"
2025-12-27 23:48:12,103 | INFO | httpx | HTTP Request: GET https://timesofindia.indiatimes.com/us "HTTP/1.1 200 OK"
2025-12-27 23:48:12,484 | INFO | httpx | HTTP Request: GET https://navbharattimes.indiatimes.com/ "HTTP/1.1 200 OK"
2025-12-27 23:48:13,118 | INFO | httpx | HTTP Request: GET https://marathi.indiatimes.com/ "HTTP/1.1 301 Moved Permanently"
2025-12-27 23:48:13,452 | INFO | httpx | HTTP Request: GET https://maharashtratimes.com/ "HTTP/1.1 200 OK"
2025-12-27 23:48:14,833 | INFO | httpx | HTTP Request: GET https://timesofindia.indiatimes.com/weather "HTTP/1.1 200 OK"
2025-12-27 23:48:15,563 | INFO | httpx | HTTP Request: GET https://timesofindia.indiatimes.com "HTTP/1.1 200 OK"
2025-12-27 23:48:17,378 | INFO | httpx | HTTP Request: GET https://timesofindia.indiatimes.com/city/hyderabad "HTTP/1.1 200 OK"
2025-12-27 23:48:17,730 | INFO | httpx | HTTP Request: GET https://timesofindia.indiatimes.com/city/kolkata "HTTP/1.1 200 OK"
2025-12-27 23:48:18,084 | INFO | httpx | HTTP Request: GET https://timesofindia.indiatimes.com/city/chennai "HTTP/1.1 200 OK"
2025-12-27 23:48:19,069 | INFO | httpx | HTTP Request: GET https://timesofindia.indiatimes.com/city/agartala "HTTP/1.1 200 OK"
2025-12-27 23:48:20,637 | INFO | httpx | HTTP Request: GET https://timesofindia.indiatimes.com/city/amaravati "HTTP/1.1 200 OK"
2025-12-27 23:48:21,020 | INFO | httpx | HTTP Request: GET https://timesofindia.indiatimes.com/city/amritsar "HTTP/1.1 200 OK"
2025-12-27 23:48:21,377 | INFO | httpx | HTTP Request: GET https://timesofindia.indiatimes.com/city/bareilly "HTTP/1.1 200 OK"
2025-12-27 23:48:21,716 | INFO | httpx | HTTP Request: GET https://timesofindia.indiatimes.com/city/bhubaneswar "HTTP/1.1 200 OK"
2025-12-27 23:48:22,086 | INFO | httpx | HTTP Request: GET https://timesofindia.indiatimes.com/city/bhopal "HTTP/1.1 200 OK"
2025-12-27 23:48:22,469 | INFO | httpx | HTTP Request: GET https://timesofindia.indiatimes.com/city/chandigarh "HTTP/1.1 200 OK"
2025-12-27 23:48:23,462 | INFO | httpx | HTTP Request: GET https://timesofindia.indiatimes.com/city/coimbatore "HTTP/1.1 200 OK"
2025-12-27 23:48:24,411 | INFO | httpx | HTTP Request: GET https://timesofindia.indiatimes.com/city/dehradun "HTTP/1.1 200 OK"
2025-12-27 23:48:25,413 | INFO | httpx | HTTP Request: GET https://timesofindia.indiatimes.com/city/faridabad "HTTP/1.1 200 OK"
2025-12-27 23:48:26,376 | INFO | httpx | HTTP Request: GET https://timesofindia.indiatimes.com/city/jaipur "HTTP/1.1 200 OK"
2025-12-27 23:48:27,322 | INFO | httpx | HTTP Request: GET https://timesofindia.indiatimes.com/city/jodhpur "HTTP/1.1 200 OK"
2025-12-27 23:48:27,672 | INFO | httpx | HTTP Request: GET https://timesofindia.indiatimes.com/city/kanpur "HTTP/1.1 200 OK"
2025-12-27 23:48:28,627 | INFO | httpx | HTTP Request: GET https://timesofindia.indiatimes.com/city/kohima "HTTP/1.1 200 OK"
2025-12-27 23:48:29,584 | INFO | httpx | HTTP Request: GET https://timesofindia.indiatimes.com/city/kozhikode "HTTP/1.1 200 OK"
2025-12-27 23:48:31,764 | INFO | httpx | HTTP Request: GET https://timesofindia.indiatimes.com/city/mangalore "HTTP/1.1 200 OK"
2025-12-27 23:48:32,759 | INFO | httpx | HTTP Request: GET https://timesofindia.indiatimes.com/city/mysore "HTTP/1.1 200 OK"
2025-12-27 23:48:33,126 | INFO | httpx | HTTP Request: GET https://timesofindia.indiatimes.com/city/nagpur "HTTP/1.1 200 OK"
2025-12-27 23:48:33,480 | INFO | httpx | HTTP Request: GET https://timesofindia.indiatimes.com/city/nashik "HTTP/1.1 200 OK"
2025-12-27 23:48:34,462 | INFO | httpx | HTTP Request: GET https://timesofindia.indiatimes.com/city/patna "HTTP/1.1 200 OK"
2025-12-27 23:48:35,440 | INFO | httpx | HTTP Request: GET https://timesofindia.indiatimes.com/city/puducherry "HTTP/1.1 200 OK"
2025-12-27 23:48:35,789 | INFO | httpx | HTTP Request: GET https://timesofindia.indiatimes.com/city/pune "HTTP/1.1 200 OK"
2025-12-27 23:48:36,749 | INFO | httpx | HTTP Request: GET https://timesofindia.indiatimes.com/city/rajkot "HTTP/1.1 200 OK"
2025-12-27 23:48:55,833 | INFO | httpx | HTTP Request: GET https://timesofindia.indiatimes.com/tv/hindi "HTTP/1.1 200 OK"
2025-12-27 23:48:56,570 | INFO | httpx | HTTP Request: GET https://timesofindia.indiatimes.com/weather/bengaluru-aqi-level-air-quality-index-today/3261 "HTTP/1.1 301 Moved Permanently"
2025-12-27 23:48:57,015 | INFO | httpx | HTTP Request: GET https://timesofindia.indiatimes.com/weather/bangalore-aqi-level-air-quality-index-today/3261 "HTTP/1.1 200 OK"
2025-12-27 23:48:58,622 | INFO | httpx | HTTP Request: GET https://timesofindia.indiatimes.com/weather/gurugram-aqi-level-air-quality-index-today/3227 "HTTP/1.1 200 OK"
2025-12-27 23:48:58,982 | INFO | httpx | HTTP Request: GET https://timesofindia.indiatimes.com/weather/noida-aqi-level-air-quality-index-today/3319 "HTTP/1.1 200 OK"
2025-12-27 23:48:59,959 | INFO | httpx | HTTP Request: GET https://timesofindia.indiatimes.com/weather/pune-aqi-level-air-quality-index-today/3325 "HTTP/1.1 200 OK"
2025-12-27 23:49:00,315 | INFO | httpx | HTTP Request: GET https://timesofindia.indiatimes.com/weather/jaipur-aqi-level-air-quality-index-today/3302 "HTTP/1.1 200 OK"
2025-12-27 23:49:00,689 | INFO | httpx | HTTP Request: GET https://timesofindia.indiatimes.com/weather/lucknow-aqi-level-air-quality-index-today/3267 "HTTP/1.1 200 OK"
2025-12-27 23:49:01,087 | INFO | httpx | HTTP Request: GET https://timesofindia.indiatimes.com/weather/patna-aqi-level-air-quality-index-today/3234 "HTTP/1.1 301 Moved Permanently"
2025-12-27 23:49:01,401 | INFO | httpx | HTTP Request: GET https://timesofindia.indiatimes.com/weather/patna-aqi-level-air-quality-index-today/1425 "HTTP/1.1 200 OK"
2025-12-27 23:49:01,727 | INFO | httpx | HTTP Request: GET https://timesofindia.indiatimes.com/weather/patna-aqi-level-air-quality-index-today/1425 "HTTP/1.1 200 OK"
2025-12-27 23:49:02,100 | INFO | httpx | HTTP Request: GET https://timesofindia.indiatimes.com/weather/agra-aqi-level-air-quality-index-today/3229 "HTTP/1.1 200 OK"
2025-12-27 23:49:03,748 | INFO | httpx | HTTP Request: GET https://www.indiatimes.com/termsandcondition "HTTP/1.1 200 OK"
2025-12-27 23:49:04,364 | INFO | httpx | HTTP Request: GET https://timesofindia.indiatimes.com/life-style/food-news "HTTP/1.1 200 OK"
2025-12-27 23:49:04,760 | INFO | httpx | HTTP Request: GET https://timesofindia.indiatimes.com/travel/destinations "HTTP/1.1 200 OK"
2025-12-27 23:49:06,960 | INFO | httpx | HTTP Request: GET https://timesofindia.indiatimes.com/sports "HTTP/1.1 200 OK"
2025-12-27 23:49:08,688 | INFO | httpx | HTTP Request: GET https://timesofindia.indiatimes.com/entertainment/hindi/bollywood/news "HTTP/1.1 200 OK"
2025-12-27 23:49:10,295 | INFO | httpx | HTTP Request: GET https://timesofindia.indiatimes.com/technology "HTTP/1.1 200 OK"
2025-12-27 23:49:10,650 | INFO | httpx | HTTP Request: GET https://timesofindia.indiatimes.com/travel "HTTP/1.1 301 Moved Permanently"
2025-12-27 23:49:10,992 | INFO | httpx | HTTP Request: GET https://timesofindia.indiatimes.com/travel/ "HTTP/1.1 200 OK"
2025-12-27 23:49:11,416 | INFO | httpx | HTTP Request: GET https://timesofindia.indiatimes.com/travel/ "HTTP/1.1 200 OK"
2025-12-27 23:49:12,541 | INFO | httpx | HTTP Request: GET https://timesofindia.indiatimes.com/business/gold-rates-today/gold-price-in-delhi "HTTP/1.1 200 OK"
2025-12-27 23:49:12,963 | INFO | httpx | HTTP Request: GET https://timesofindia.indiatimes.com/astrology/chinese-horoscope/rat "HTTP/1.1 200 OK"
2025-12-27 23:49:13,809 | INFO | httpx | HTTP Request: GET https://timesofindia.indiatimes.com/astrology "HTTP/1.1 200 OK"
2025-12-27 23:49:14,757 | INFO | httpx | HTTP Request: GET https://timesofindia.indiatimes.com/business/silver-rates-today "HTTP/1.1 200 OK"
2025-12-27 23:49:16,023 | INFO | httpx | HTTP Request: GET https://timesofindia.indiatimes.com/business/bank-holidays/is-bank-open-tomorrow "HTTP/1.1 200 OK"
2025-12-27 23:49:16,700 | INFO | httpx | HTTP Request: GET https://timesofindia.indiatimes.com/india/public-holidays/december "HTTP/1.1 200 OK"
2025-12-27 23:49:17,041 | INFO | httpx | HTTP Request: GET https://timesofindia.indiatimes.com/business/stock-market-holidays "HTTP/1.1 200 OK"
2025-12-27 23:49:17,393 | INFO | httpx | HTTP Request: GET https://timesofindia.indiatimes.com/sports/nfl/schedule "HTTP/1.1 200 OK"
2025-12-27 23:49:17,762 | INFO | httpx | HTTP Request: GET https://timesofindia.indiatimes.com/technology/tech-news "HTTP/1.1 200 OK"
2025-12-27 23:49:18,161 | INFO | httpx | HTTP Request: GET https://timesofindia.indiatimes.com/sports/international-sports "HTTP/1.1 200 OK"
2025-12-27 23:49:18,539 | INFO | httpx | HTTP Request: GET https://timesofindia.indiatimes.com/india/public-holidays "HTTP/1.1 200 OK"
2025-12-27 23:49:18,895 | INFO | httpx | HTTP Request: GET https://timesofindia.indiatimes.com/business/bank-holidays "HTTP/1.1 200 OK"
2025-12-27 23:49:21,433 | INFO | __main__ | ✓ [3] New Delhi AQI Today | New Delhi Pollution Level | ...
2025-12-27 23:49:23,841 | INFO | __main__ | ✓ [2] Chennai News: Latest Chennai News Headlines & Coro...
2025-12-27 23:49:24,167 | INFO | httpx | HTTP Request: GET https://timesofindia.indiatimes.com/ "HTTP/1.1 200 OK"
2025-12-27 23:49:24,581 | INFO | httpx | HTTP Request: GET https://timesofindia.indiatimes.com/us "HTTP/1.1 200 OK"
2025-12-27 23:49:25,924 | INFO | httpx | HTTP Request: GET https://bangla.indiatimes.com/ "HTTP/1.1 200 OK"
2025-12-27 23:49:26,318 | INFO | httpx | HTTP Request: GET https://timesofindia.indiatimes.com/weather "HTTP/1.1 200 OK"
2025-12-27 23:49:26,709 | INFO | httpx | HTTP Request: GET https://timesofindia.indiatimes.com "HTTP/1.1 200 OK"
2025-12-27 23:49:27,072 | INFO | httpx | HTTP Request: GET https://timesofindia.indiatimes.com/city "HTTP/1.1 200 OK"
2025-12-27 23:49:27,416 | INFO | httpx | HTTP Request: GET https://timesofindia.indiatimes.com/city/hyderabad "HTTP/1.1 200 OK"
2025-12-27 23:49:27,766 | INFO | httpx | HTTP Request: GET https://timesofindia.indiatimes.com/city/kolkata "HTTP/1.1 200 OK"
2025-12-27 23:49:28,166 | INFO | httpx | HTTP Request: GET https://timesofindia.indiatimes.com/city/agra "HTTP/1.1 200 OK"
2025-12-27 23:49:28,515 | INFO | httpx | HTTP Request: GET https://timesofindia.indiatimes.com/city/agartala "HTTP/1.1 200 OK"
2025-12-27 23:49:28,859 | INFO | httpx | HTTP Request: GET https://timesofindia.indiatimes.com/city/ahmedabad "HTTP/1.1 200 OK"
2025-12-27 23:49:29,472 | INFO | httpx | HTTP Request: GET https://timesofindia.indiatimes.com/city/ajmer "HTTP/1.1 200 OK"
2025-12-27 23:49:30,079 | INFO | httpx | HTTP Request: GET https://timesofindia.indiatimes.com/city/amaravati "HTTP/1.1 200 OK"
2025-12-27 23:49:30,427 | INFO | httpx | HTTP Request: GET https://timesofindia.indiatimes.com/city/amritsar "HTTP/1.1 200 OK"
2025-12-27 23:49:31,700 | INFO | httpx | HTTP Request: GET https://timesofindia.indiatimes.com/city/bhopal "HTTP/1.1 200 OK"
2025-12-27 23:49:32,115 | INFO | httpx | HTTP Request: GET https://timesofindia.indiatimes.com/city/chandigarh "HTTP/1.1 200 OK"
2025-12-27 23:49:32,454 | INFO | httpx | HTTP Request: GET https://timesofindia.indiatimes.com/city/aurangabad "HTTP/1.1 200 OK"
2025-12-27 23:49:32,813 | INFO | httpx | HTTP Request: GET https://timesofindia.indiatimes.com/city/coimbatore "HTTP/1.1 200 OK"
2025-12-27 23:49:33,156 | INFO | httpx | HTTP Request: GET https://timesofindia.indiatimes.com/city/cuttack "HTTP/1.1 200 OK"
2025-12-27 23:49:33,535 | INFO | httpx | HTTP Request: GET https://timesofindia.indiatimes.com/city/dehradun "HTTP/1.1 200 OK"
2025-12-27 23:49:33,884 | INFO | httpx | HTTP Request: GET https://timesofindia.indiatimes.com/city/erode "HTTP/1.1 200 OK"
2025-12-27 23:49:34,239 | INFO | httpx | HTTP Request: GET https://timesofindia.indiatimes.com/city/faridabad "HTTP/1.1 200 OK"
2025-12-27 23:49:34,602 | INFO | httpx | HTTP Request: GET https://timesofindia.indiatimes.com/city/imphal "HTTP/1.1 200 OK"
2025-12-27 23:49:34,984 | INFO | httpx | HTTP Request: GET https://timesofindia.indiatimes.com/city/jaipur "HTTP/1.1 200 OK"
2025-12-27 23:49:35,417 | INFO | httpx | HTTP Request: GET https://timesofindia.indiatimes.com/city/jammu "HTTP/1.1 200 OK"
2025-12-27 23:49:35,762 | INFO | httpx | HTTP Request: GET https://timesofindia.indiatimes.com/city/jodhpur "HTTP/1.1 200 OK"
2025-12-27 23:49:36,117 | INFO | httpx | HTTP Request: GET https://timesofindia.indiatimes.com/city/kanpur "HTTP/1.1 200 OK"
2025-12-27 23:49:36,534 | INFO | httpx | HTTP Request: GET https://timesofindia.indiatimes.com/city/kochi "HTTP/1.1 200 OK"
2025-12-27 23:49:36,883 | INFO | httpx | HTTP Request: GET https://timesofindia.indiatimes.com/city/kohima "HTTP/1.1 200 OK"
2025-12-27 23:49:37,238 | INFO | httpx | HTTP Request: GET https://timesofindia.indiatimes.com/city/kolhapur "HTTP/1.1 200 OK"
2025-12-27 23:49:49,012 | INFO | httpx | HTTP Request: GET https://timesofindia.indiatimes.com/city/ranchi "HTTP/1.1 200 OK"
2025-12-27 23:49:49,532 | INFO | httpx | HTTP Request: GET https://timesofindia.indiatimes.com/city/thane "HTTP/1.1 200 OK"
2025-12-27 23:49:50,107 | INFO | httpx | HTTP Request: GET https://timesofindia.indiatimes.com/city/salem "HTTP/1.1 200 OK"
2025-12-27 23:49:50,653 | INFO | httpx | HTTP Request: GET https://timesofindia.indiatimes.com/city/shillong "HTTP/1.1 200 OK"
2025-12-27 23:49:51,885 | INFO | httpx | HTTP Request: GET https://timesofindia.indiatimes.com/city/srinagar "HTTP/1.1 200 OK"
2025-12-27 23:49:52,446 | INFO | httpx | HTTP Request: GET https://timesofindia.indiatimes.com/city/surat "HTTP/1.1 200 OK"
2025-12-27 23:49:53,292 | INFO | httpx | HTTP Request: GET https://timesofindia.indiatimes.com/city/thiruvananthapuram "HTTP/1.1 200 OK"
2025-12-27 23:49:53,767 | INFO | httpx | HTTP Request: GET https://timesofindia.indiatimes.com/city/udaipur "HTTP/1.1 200 OK"
2025-12-27 23:49:54,324 | INFO | httpx | HTTP Request: GET https://timesofindia.indiatimes.com/city/vadodara "HTTP/1.1 200 OK"
2025-12-27 23:49:54,985 | INFO | httpx | HTTP Request: GET https://timesofindia.indiatimes.com/city/varanasi "HTTP/1.1 200 OK"
2025-12-27 23:49:55,610 | INFO | httpx | HTTP Request: GET https://timesofindia.indiatimes.com/city/vijayawada "HTTP/1.1 200 OK"
2025-12-27 23:49:59,511 | INFO | httpx | HTTP Request: GET https://timesofindia.indiatimes.com/weather/chennai-weather-forecast-today/600017 "HTTP/1.1 301 Moved Permanently"
2025-12-27 23:50:01,872 | INFO | httpx | HTTP Request: GET https://timesofindia.indiatimes.com/city/chennai/1 "HTTP/1.1 301 Moved Permanently"
2025-12-27 23:50:07,067 | INFO | httpx | HTTP Request: GET https://timesofindia.indiatimes.com/weather/bengaluru-aqi-level-air-quality-index-today/3261 "HTTP/1.1 301 Moved Permanently"
2025-12-27 23:50:07,360 | INFO | httpx | HTTP Request: GET https://timesofindia.indiatimes.com/weather/bangalore-aqi-level-air-quality-index-today/3261 "HTTP/1.1 200 OK"
2025-12-27 23:50:07,696 | INFO | httpx | HTTP Request: GET https://timesofindia.indiatimes.com/weather/bangalore-aqi-level-air-quality-index-today/3261 "HTTP/1.1 200 OK"
2025-12-27 23:50:08,048 | INFO | httpx | HTTP Request: GET https://timesofindia.indiatimes.com/weather/hyderabad-aqi-level-air-quality-index-today/3288 "HTTP/1.1 200 OK"
2025-12-27 23:50:08,392 | INFO | httpx | HTTP Request: GET https://timesofindia.indiatimes.com/weather/gurugram-aqi-level-air-quality-index-today/3227 "HTTP/1.1 200 OK"
2025-12-27 23:50:08,751 | INFO | httpx | HTTP Request: GET https://timesofindia.indiatimes.com/weather/noida-aqi-level-air-quality-index-today/3319 "HTTP/1.1 200 OK"
2025-12-27 23:50:09,159 | INFO | httpx | HTTP Request: GET https://timesofindia.indiatimes.com/weather/ahmedabad-aqi-level-air-quality-index-today/3252 "HTTP/1.1 200 OK"
2025-12-27 23:50:09,525 | INFO | httpx | HTTP Request: GET https://timesofindia.indiatimes.com/weather/pune-aqi-level-air-quality-index-today/3325 "HTTP/1.1 200 OK"
2025-12-27 23:50:09,906 | INFO | httpx | HTTP Request: GET https://timesofindia.indiatimes.com/weather/jaipur-aqi-level-air-quality-index-today/3302 "HTTP/1.1 200 OK"
2025-12-27 23:50:10,274 | INFO | httpx | HTTP Request: GET https://timesofindia.indiatimes.com/weather/lucknow-aqi-level-air-quality-index-today/3267 "HTTP/1.1 200 OK"
2025-12-27 23:50:11,237 | INFO | httpx | HTTP Request: GET https://timesofindia.indiatimes.com/weather/agra-aqi-level-air-quality-index-today/3229 "HTTP/1.1 200 OK"
2025-12-27 23:50:11,600 | INFO | httpx | HTTP Request: GET https://timesofindia.indiatimes.com/weather/chandigarh-aqi-level-air-quality-index-today/3259 "HTTP/1.1 200 OK"
2025-12-27 23:50:11,972 | INFO | httpx | HTTP Request: GET https://timesofindia.indiatimes.com/sports/cricket/icc-mens-t20-world-cup/schedule "HTTP/1.1 200 OK"
2025-12-27 23:50:13,869 | INFO | httpx | HTTP Request: GET https://timesofindia.indiatimes.com/etimes "HTTP/1.1 200 OK"
2025-12-27 23:50:14,505 | INFO | httpx | HTTP Request: GET https://gadgetsnow.indiatimes.com/?_gl=1%2Ah4drpd%2A_ga%2AMjAzNTc2Njg5OS4xNzI3MjUzODEz%2A_ga_FCN624MN68%2AMTczNzQ1MDg1OS4xMzIuMS4xNzM3NDUzMzIyLjU0LjAuMA.. "HTTP/1.1 200 OK"
2025-12-27 23:50:19,495 | INFO | httpx | HTTP Request: GET https://timesofindia.indiatimes.com/technology "HTTP/1.1 200 OK"
2025-12-27 23:50:19,951 | INFO | httpx | HTTP Request: GET https://timesofindia.indiatimes.com/travel "HTTP/1.1 301 Moved Permanently"
2025-12-27 23:50:20,333 | INFO | httpx | HTTP Request: GET https://timesofindia.indiatimes.com/travel/ "HTTP/1.1 200 OK"
2025-12-27 23:50:20,614 | INFO | __main__ | Markdown export at: output/markdown
2025-12-27 23:50:20,636 | INFO | httpx | HTTP Request: GET https://timesofindia.indiatimes.com/travel/ "HTTP/1.1 200 OK"
2025-12-27 23:50:21,560 | INFO | httpx | HTTP Request: GET https://timesofindia.indiatimes.com/business/gold-rates-today/gold-price-in-delhi "HTTP/1.1 200 OK"
2025-12-27 23:50:21,932 | INFO | httpx | HTTP Request: GET https://timesofindia.indiatimes.com/astrology/chinese-horoscope/rat "HTTP/1.1 200 OK"
2025-12-27 23:50:22,281 | INFO | httpx | HTTP Request: GET https://timesofindia.indiatimes.com/business/markets "HTTP/1.1 200 OK"
2025-12-27 23:50:23,228 | INFO | httpx | HTTP Request: GET https://timesofindia.indiatimes.com/business/platinum-rates-today "HTTP/1.1 200 OK"
2025-12-27 23:50:23,571 | INFO | httpx | HTTP Request: GET https://timesofindia.indiatimes.com/business/silver-rates-today "HTTP/1.1 200 OK"
2025-12-27 23:50:23,917 | INFO | httpx | HTTP Request: GET https://timesofindia.indiatimes.com/business/gold-rates-today "HTTP/1.1 200 OK"
2025-12-27 23:50:24,273 | INFO | httpx | HTTP Request: GET https://timesofindia.indiatimes.com/business/bank-holidays/is-bank-open-today "HTTP/1.1 200 OK"
2025-12-27 23:50:24,605 | INFO | httpx | HTTP Request: GET https://timesofindia.indiatimes.com/business/bank-holidays/is-bank-open-tomorrow "HTTP/1.1 200 OK"
2025-12-27 23:50:24,940 | INFO | httpx | HTTP Request: GET https://timesofindia.indiatimes.com/business/bank-holidays/december "HTTP/1.1 200 OK"
2025-12-27 23:50:25,299 | INFO | httpx | HTTP Request: GET https://timesofindia.indiatimes.com/india/public-holidays/december "HTTP/1.1 200 OK"
2025-12-27 23:50:25,707 | INFO | httpx | HTTP Request: GET https://timesofindia.indiatimes.com/business/stock-market-holidays "HTTP/1.1 200 OK"
2025-12-27 23:50:26,055 | INFO | httpx | HTTP Request: GET https://timesofindia.indiatimes.com/sports/nfl/schedule "HTTP/1.1 200 OK"
2025-12-27 23:50:26,404 | INFO | httpx | HTTP Request: GET https://timesofindia.indiatimes.com/technology/tech-news "HTTP/1.1 200 OK"
2025-12-27 23:50:26,785 | INFO | httpx | HTTP Request: GET https://timesofindia.indiatimes.com/sports/international-sports "HTTP/1.1 200 OK"
2025-12-27 23:50:27,198 | INFO | httpx | HTTP Request: GET https://timesofindia.indiatimes.com/india/public-holidays "HTTP/1.1 200 OK"
2025-12-27 23:50:27,568 | INFO | httpx | HTTP Request: GET https://timesofindia.indiatimes.com/business/bank-holidays "HTTP/1.1 200 OK"
2025-12-27 23:50:29,479 | INFO | __main__ | ✓ [2] Delhi News:दिल्ली समाचार -Latest Delhi News Headli...
2025-12-27 23:50:29,802 | INFO | httpx | HTTP Request: GET https://timesofindia.indiatimes.com/ "HTTP/1.1 200 OK"
2025-12-27 23:50:30,210 | INFO | httpx | HTTP Request: GET https://timesofindia.indiatimes.com/us "HTTP/1.1 200 OK"
2025-12-27 23:50:31,299 | INFO | httpx | HTTP Request: GET https://marathi.indiatimes.com/ "HTTP/1.1 301 Moved Permanently"
2025-12-27 23:50:31,615 | INFO | httpx | HTTP Request: GET https://maharashtratimes.com/ "HTTP/1.1 200 OK"
2025-12-27 23:50:31,971 | INFO | httpx | HTTP Request: GET https://maharashtratimes.com/ "HTTP/1.1 200 OK"
2025-12-27 23:50:32,648 | INFO | httpx | HTTP Request: GET https://timesofindia.indiatimes.com/weather "HTTP/1.1 200 OK"
2025-12-27 23:50:33,027 | INFO | httpx | HTTP Request: GET https://timesofindia.indiatimes.com "HTTP/1.1 200 OK"
2025-12-27 23:50:33,438 | INFO | httpx | HTTP Request: GET https://timesofindia.indiatimes.com/city "HTTP/1.1 200 OK"
2025-12-27 23:50:33,778 | INFO | httpx | HTTP Request: GET https://timesofindia.indiatimes.com/city/hyderabad "HTTP/1.1 200 OK"
2025-12-27 23:50:34,121 | INFO | httpx | HTTP Request: GET https://timesofindia.indiatimes.com/city/kolkata "HTTP/1.1 200 OK"
2025-12-27 23:50:34,458 | INFO | httpx | HTTP Request: GET https://timesofindia.indiatimes.com/city/agra "HTTP/1.1 200 OK"
2025-12-27 23:50:34,810 | INFO | httpx | HTTP Request: GET https://timesofindia.indiatimes.com/city/agartala "HTTP/1.1 200 OK"
2025-12-27 23:50:35,159 | INFO | httpx | HTTP Request: GET https://timesofindia.indiatimes.com/city/ahmedabad "HTTP/1.1 200 OK"
2025-12-27 23:50:35,515 | INFO | httpx | HTTP Request: GET https://timesofindia.indiatimes.com/city/ajmer "HTTP/1.1 200 OK"
2025-12-27 23:50:35,865 | INFO | httpx | HTTP Request: GET https://timesofindia.indiatimes.com/city/amaravati "HTTP/1.1 200 OK"
2025-12-27 23:50:36,835 | INFO | httpx | HTTP Request: GET https://timesofindia.indiatimes.com/city/bareilly "HTTP/1.1 200 OK"
2025-12-27 23:50:37,199 | INFO | httpx | HTTP Request: GET https://timesofindia.indiatimes.com/city/bhubaneswar "HTTP/1.1 200 OK"
2025-12-27 23:50:37,556 | INFO | httpx | HTTP Request: GET https://timesofindia.indiatimes.com/city/bhopal "HTTP/1.1 200 OK"
2025-12-27 23:50:37,909 | INFO | httpx | HTTP Request: GET https://timesofindia.indiatimes.com/city/chandigarh "HTTP/1.1 200 OK"
2025-12-27 23:50:38,265 | INFO | httpx | HTTP Request: GET https://timesofindia.indiatimes.com/city/aurangabad "HTTP/1.1 200 OK"
2025-12-27 23:50:39,242 | INFO | httpx | HTTP Request: GET https://timesofindia.indiatimes.com/city/cuttack "HTTP/1.1 200 OK"
2025-12-27 23:50:39,592 | INFO | httpx | HTTP Request: GET https://timesofindia.indiatimes.com/city/dehradun "HTTP/1.1 200 OK"
2025-12-27 23:50:39,938 | INFO | httpx | HTTP Request: GET https://timesofindia.indiatimes.com/city/erode "HTTP/1.1 200 OK"
2025-12-27 23:50:40,304 | INFO | httpx | HTTP Request: GET https://timesofindia.indiatimes.com/city/faridabad "HTTP/1.1 200 OK"
2025-12-27 23:50:40,654 | INFO | httpx | HTTP Request: GET https://timesofindia.indiatimes.com/city/imphal "HTTP/1.1 200 OK"
2025-12-27 23:50:41,009 | INFO | httpx | HTTP Request: GET https://timesofindia.indiatimes.com/city/jaipur "HTTP/1.1 200 OK"
2025-12-27 23:50:41,368 | INFO | httpx | HTTP Request: GET https://timesofindia.indiatimes.com/city/jammu "HTTP/1.1 200 OK"
2025-12-27 23:50:41,752 | INFO | httpx | HTTP Request: GET https://timesofindia.indiatimes.com/city/jodhpur "HTTP/1.1 200 OK"
2025-12-27 23:50:42,094 | INFO | httpx | HTTP Request: GET https://timesofindia.indiatimes.com/city/kanpur "HTTP/1.1 200 OK"
2025-12-27 23:50:42,437 | INFO | httpx | HTTP Request: GET https://timesofindia.indiatimes.com/city/kochi "HTTP/1.1 200 OK"
2025-12-27 23:50:42,773 | INFO | httpx | HTTP Request: GET https://timesofindia.indiatimes.com/city/kohima "HTTP/1.1 200 OK"
2025-12-27 23:50:43,119 | INFO | httpx | HTTP Request: GET https://timesofindia.indiatimes.com/city/kolhapur "HTTP/1.1 200 OK"
2025-12-27 23:50:43,457 | INFO | httpx | HTTP Request: GET https://timesofindia.indiatimes.com/city/kozhikode "HTTP/1.1 200 OK"
2025-12-27 23:50:43,840 | INFO | httpx | HTTP Request: GET https://timesofindia.indiatimes.com/city/ludhiana "HTTP/1.1 200 OK"
2025-12-27 23:50:44,222 | INFO | httpx | HTTP Request: GET https://timesofindia.indiatimes.com/city/lucknow "HTTP/1.1 200 OK"
2025-12-27 23:50:44,631 | INFO | httpx | HTTP Request: GET https://timesofindia.indiatimes.com/city/madurai "HTTP/1.1 200 OK"
2025-12-27 23:50:45,592 | INFO | httpx | HTTP Request: GET https://timesofindia.indiatimes.com/city/meerut "HTTP/1.1 200 OK"
2025-12-27 23:50:45,937 | INFO | httpx | HTTP Request: GET https://timesofindia.indiatimes.com/city/mysore "HTTP/1.1 200 OK"
2025-12-27 23:50:46,278 | INFO | httpx | HTTP Request: GET https://timesofindia.indiatimes.com/city/nagpur "HTTP/1.1 200 OK"
2025-12-27 23:50:46,615 | INFO | httpx | HTTP Request: GET https://timesofindia.indiatimes.com/city/nashik "HTTP/1.1 200 OK"
2025-12-27 23:50:46,956 | INFO | httpx | HTTP Request: GET https://timesofindia.indiatimes.com/city/noida "HTTP/1.1 200 OK"
2025-12-27 23:50:47,299 | INFO | httpx | HTTP Request: GET https://timesofindia.indiatimes.com/city/patna "HTTP/1.1 200 OK"
2025-12-27 23:50:47,635 | INFO | httpx | HTTP Request: GET https://timesofindia.indiatimes.com/city/allahabad "HTTP/1.1 200 OK"
2025-12-27 23:50:49,191 | INFO | httpx | HTTP Request: GET https://timesofindia.indiatimes.com/city/raipur "HTTP/1.1 200 OK"
2025-12-27 23:50:49,537 | INFO | httpx | HTTP Request: GET https://timesofindia.indiatimes.com/city/rajkot "HTTP/1.1 200 OK"
2025-12-27 23:50:50,548 | INFO | httpx | HTTP Request: GET https://timesofindia.indiatimes.com/city/thane "HTTP/1.1 200 OK"
2025-12-27 23:50:51,284 | INFO | httpx | HTTP Request: GET https://timesofindia.indiatimes.com/city/shillong "HTTP/1.1 200 OK"
2025-12-27 23:50:51,733 | INFO | httpx | HTTP Request: GET https://timesofindia.indiatimes.com/city/shimla "HTTP/1.1 200 OK"
2025-12-27 23:50:52,083 | INFO | httpx | HTTP Request: GET https://timesofindia.indiatimes.com/city/srinagar "HTTP/1.1 200 OK"
2025-12-27 23:50:52,454 | INFO | httpx | HTTP Request: GET https://timesofindia.indiatimes.com/city/surat "HTTP/1.1 200 OK"
2025-12-27 23:50:52,792 | INFO | httpx | HTTP Request: GET https://timesofindia.indiatimes.com/city/trichy "HTTP/1.1 200 OK"
2025-12-27 23:50:53,144 | INFO | httpx | HTTP Request: GET https://timesofindia.indiatimes.com/city/thiruvananthapuram "HTTP/1.1 200 OK"
2025-12-27 23:50:55,936 | INFO | httpx | HTTP Request: GET https://timesofindia.indiatimes.com/city/visakhapatnam "HTTP/1.1 200 OK"
2025-12-27 23:50:56,907 | INFO | httpx | HTTP Request: GET https://timesofindia.indiatimes.com/city/web-stories "HTTP/1.1 200 OK"
2025-12-27 23:50:58,748 | INFO | httpx | HTTP Request: GET https://timesofindia.indiatimes.com/city/delhi/0 "HTTP/1.1 301 Moved Permanently"
2025-12-27 23:50:59,055 | INFO | httpx | HTTP Request: GET https://timesofindia.indiatimes.com/city/delhi "HTTP/1.1 200 OK"
2025-12-27 23:51:06,184 | INFO | httpx | HTTP Request: GET https://timesofindia.indiatimes.com/news "HTTP/1.1 200 OK"
2025-12-27 23:51:06,733 | INFO | httpx | HTTP Request: GET https://timesofindia.indiatimes.com/topics/delhi-traffic-police "HTTP/1.1 410 Gone"
2025-12-27 23:51:12,874 | INFO | httpx | HTTP Request: GET https://timesofindia.indiatimes.com/weather/patna-aqi-level-air-quality-index-today/3234 "HTTP/1.1 301 Moved Permanently"
2025-12-27 23:51:17,382 | INFO | httpx | HTTP Request: GET https://timesofindia.indiatimes.com/travel/destinations "HTTP/1.1 200 OK"
2025-12-27 23:51:19,660 | INFO | httpx | HTTP Request: GET https://timesofindia.indiatimes.com/business "HTTP/1.1 200 OK"
2025-12-27 23:51:20,006 | INFO | httpx | HTTP Request: GET https://timesofindia.indiatimes.com/india "HTTP/1.1 200 OK"
2025-12-27 23:51:20,358 | INFO | httpx | HTTP Request: GET https://timesofindia.indiatimes.com/world "HTTP/1.1 200 OK"
2025-12-27 23:51:20,827 | INFO | httpx | HTTP Request: GET https://timesofindia.indiatimes.com/entertainment/hindi/bollywood/news "HTTP/1.1 200 OK"
2025-12-27 23:51:22,397 | INFO | httpx | HTTP Request: GET https://timesofindia.indiatimes.com/technology "HTTP/1.1 200 OK"
2025-12-27 23:51:22,782 | INFO | httpx | HTTP Request: GET https://timesofindia.indiatimes.com/travel "HTTP/1.1 301 Moved Permanently"
2025-12-27 23:51:24,028 | INFO | httpx | HTTP Request: GET https://timesofindia.indiatimes.com/business/gold-rates-today/gold-price-in-delhi "HTTP/1.1 200 OK"
2025-12-27 23:51:24,376 | INFO | httpx | HTTP Request: GET https://timesofindia.indiatimes.com/astrology/chinese-horoscope/rat "HTTP/1.1 200 OK"
2025-12-27 23:51:24,733 | INFO | httpx | HTTP Request: GET https://timesofindia.indiatimes.com/business/markets "HTTP/1.1 200 OK"
2025-12-27 23:51:25,084 | INFO | httpx | HTTP Request: GET https://timesofindia.indiatimes.com/astrology "HTTP/1.1 200 OK"
2025-12-27 23:51:25,534 | INFO | httpx | HTTP Request: GET https://timesofindia.indiatimes.com/business/platinum-rates-today "HTTP/1.1 200 OK"
2025-12-27 23:51:25,883 | INFO | httpx | HTTP Request: GET https://timesofindia.indiatimes.com/business/silver-rates-today "HTTP/1.1 200 OK"
2025-12-27 23:51:26,231 | INFO | httpx | HTTP Request: GET https://timesofindia.indiatimes.com/business/gold-rates-today "HTTP/1.1 200 OK"
2025-12-27 23:51:26,601 | INFO | httpx | HTTP Request: GET https://timesofindia.indiatimes.com/business/bank-holidays/is-bank-open-today "HTTP/1.1 200 OK"
2025-12-27 23:51:26,962 | INFO | httpx | HTTP Request: GET https://timesofindia.indiatimes.com/business/bank-holidays/is-bank-open-tomorrow "HTTP/1.1 200 OK"
2025-12-27 23:51:27,295 | INFO | httpx | HTTP Request: GET https://timesofindia.indiatimes.com/business/bank-holidays/december "HTTP/1.1 200 OK"
2025-12-27 23:51:27,670 | INFO | httpx | HTTP Request: GET https://timesofindia.indiatimes.com/india/public-holidays/december "HTTP/1.1 200 OK"
2025-12-27 23:51:28,021 | INFO | httpx | HTTP Request: GET https://timesofindia.indiatimes.com/business/stock-market-holidays "HTTP/1.1 200 OK"
2025-12-27 23:51:28,397 | INFO | httpx | HTTP Request: GET https://timesofindia.indiatimes.com/sports/nfl/schedule "HTTP/1.1 200 OK"
2025-12-27 23:51:28,740 | INFO | httpx | HTTP Request: GET https://timesofindia.indiatimes.com/technology/tech-news "HTTP/1.1 200 OK"
2025-12-27 23:51:29,083 | INFO | httpx | HTTP Request: GET https://timesofindia.indiatimes.com/sports/international-sports "HTTP/1.1 200 OK"
2025-12-27 23:51:29,436 | INFO | httpx | HTTP Request: GET https://timesofindia.indiatimes.com/india/public-holidays "HTTP/1.1 200 OK"
2025-12-27 23:51:29,813 | INFO | httpx | HTTP Request: GET https://timesofindia.indiatimes.com/business/bank-holidays "HTTP/1.1 200 OK"
2025-12-27 23:51:31,759 | INFO | __main__ | ✓ [2] Kolkata News, Latest Kolkata News Headlines & Live...
2025-12-27 23:51:32,084 | INFO | httpx | HTTP Request: GET https://timesofindia.indiatimes.com/ "HTTP/1.1 200 OK"
2025-12-27 23:51:32,471 | INFO | httpx | HTTP Request: GET https://timesofindia.indiatimes.com/us "HTTP/1.1 200 OK"
2025-12-27 23:51:32,858 | INFO | httpx | HTTP Request: GET https://navbharattimes.indiatimes.com/ "HTTP/1.1 200 OK"
2025-12-27 23:51:33,727 | INFO | httpx | HTTP Request: GET https://bangla.indiatimes.com/ "HTTP/1.1 200 OK"
2025-12-27 23:51:34,105 | INFO | httpx | HTTP Request: GET https://timesofindia.indiatimes.com/weather "HTTP/1.1 200 OK"
2025-12-27 23:51:34,465 | INFO | httpx | HTTP Request: GET https://timesofindia.indiatimes.com "HTTP/1.1 200 OK"
2025-12-27 23:51:35,039 | INFO | httpx | HTTP Request: GET https://timesofindia.indiatimes.com/city "HTTP/1.1 200 OK"
2025-12-27 23:51:54,138 | INFO | httpx | HTTP Request: GET https://timesofindia.indiatimes.com/city/ludhiana "HTTP/1.1 200 OK"
2025-12-27 23:51:55,980 | INFO | httpx | HTTP Request: GET https://timesofindia.indiatimes.com/city/meerut "HTTP/1.1 200 OK"
2025-12-27 23:51:56,531 | INFO | httpx | HTTP Request: GET https://timesofindia.indiatimes.com/city/mysore "HTTP/1.1 200 OK"
2025-12-27 23:51:57,229 | INFO | httpx | HTTP Request: GET https://timesofindia.indiatimes.com/city/nashik "HTTP/1.1 200 OK"
2025-12-27 23:51:58,153 | INFO | httpx | HTTP Request: GET https://timesofindia.indiatimes.com/city/patna "HTTP/1.1 200 OK"
2025-12-27 23:51:59,066 | INFO | httpx | HTTP Request: GET https://timesofindia.indiatimes.com/city/puducherry "HTTP/1.1 200 OK"
2025-12-27 23:51:59,413 | INFO | httpx | HTTP Request: GET https://timesofindia.indiatimes.com/city/pune "HTTP/1.1 200 OK"
2025-12-27 23:51:59,773 | INFO | httpx | HTTP Request: GET https://timesofindia.indiatimes.com/city/raipur "HTTP/1.1 200 OK"
2025-12-27 23:52:00,722 | INFO | httpx | HTTP Request: GET https://timesofindia.indiatimes.com/city/ranchi "HTTP/1.1 200 OK"
2025-12-27 23:52:01,077 | INFO | httpx | HTTP Request: GET https://timesofindia.indiatimes.com/city/thane "HTTP/1.1 200 OK"
2025-12-27 23:52:02,654 | INFO | httpx | HTTP Request: GET https://timesofindia.indiatimes.com/city/shimla "HTTP/1.1 200 OK"
2025-12-27 23:52:03,015 | INFO | httpx | HTTP Request: GET https://timesofindia.indiatimes.com/city/srinagar "HTTP/1.1 200 OK"
2025-12-27 23:52:03,672 | INFO | httpx | HTTP Request: GET https://timesofindia.indiatimes.com/city/trichy "HTTP/1.1 200 OK"
2025-12-27 23:52:04,012 | INFO | httpx | HTTP Request: GET https://timesofindia.indiatimes.com/city/thiruvananthapuram "HTTP/1.1 200 OK"
2025-12-27 23:52:04,523 | INFO | httpx | HTTP Request: GET https://timesofindia.indiatimes.com/city/udaipur "HTTP/1.1 200 OK"
2025-12-27 23:52:04,887 | INFO | httpx | HTTP Request: GET https://timesofindia.indiatimes.com/city/vadodara "HTTP/1.1 200 OK"
2025-12-27 23:52:05,288 | INFO | httpx | HTTP Request: GET https://timesofindia.indiatimes.com/city/varanasi "HTTP/1.1 200 OK"
2025-12-27 23:52:06,238 | INFO | httpx | HTTP Request: GET https://timesofindia.indiatimes.com/city/visakhapatnam "HTTP/1.1 200 OK"
2025-12-27 23:52:06,580 | INFO | httpx | HTTP Request: GET https://timesofindia.indiatimes.com/city/photos "HTTP/1.1 200 OK"
2025-12-27 23:52:06,922 | INFO | httpx | HTTP Request: GET https://timesofindia.indiatimes.com/city/web-stories "HTTP/1.1 200 OK"
2025-12-27 23:52:14,828 | INFO | httpx | HTTP Request: GET https://timesofindia.indiatimes.com/tv/hindi "HTTP/1.1 200 OK"
2025-12-27 23:52:15,196 | INFO | httpx | HTTP Request: GET https://timesofindia.indiatimes.com/weather/bengaluru-aqi-level-air-quality-index-today/3261 "HTTP/1.1 301 Moved Permanently"
2025-12-27 23:52:20,859 | INFO | httpx | HTTP Request: GET https://timesofindia.indiatimes.com/weather/patna-aqi-level-air-quality-index-today/3234 "HTTP/1.1 301 Moved Permanently"
2025-12-27 23:52:21,972 | INFO | httpx | HTTP Request: GET https://timesofindia.indiatimes.com/weather/agra-aqi-level-air-quality-index-today/3229 "HTTP/1.1 200 OK"
2025-12-27 23:52:22,566 | INFO | httpx | HTTP Request: GET https://timesofindia.indiatimes.com/weather/chandigarh-aqi-level-air-quality-index-today/3259 "HTTP/1.1 200 OK"
2025-12-27 23:52:24,819 | INFO | httpx | HTTP Request: GET https://timesofindia.indiatimes.com/travel/destinations "HTTP/1.1 200 OK"
2025-12-27 23:52:26,697 | INFO | httpx | HTTP Request: GET https://timesofindia.indiatimes.com/sports "HTTP/1.1 200 OK"
2025-12-27 23:52:27,069 | INFO | httpx | HTTP Request: GET https://timesofindia.indiatimes.com/business "HTTP/1.1 200 OK"
2025-12-27 23:52:27,883 | INFO | httpx | HTTP Request: GET https://timesofindia.indiatimes.com/world "HTTP/1.1 200 OK"
2025-12-27 23:52:28,794 | INFO | httpx | HTTP Request: GET https://timesofindia.indiatimes.com/life-style/health-fitness "HTTP/1.1 200 OK"
2025-12-27 23:52:29,722 | INFO | httpx | HTTP Request: GET https://timesofindia.indiatimes.com/technology "HTTP/1.1 200 OK"
2025-12-27 23:52:30,113 | INFO | httpx | HTTP Request: GET https://timesofindia.indiatimes.com/travel "HTTP/1.1 301 Moved Permanently"
2025-12-27 23:52:31,624 | INFO | httpx | HTTP Request: GET https://timesofindia.indiatimes.com/business/gold-rates-today/gold-price-in-delhi "HTTP/1.1 200 OK"
2025-12-27 23:52:32,573 | INFO | httpx | HTTP Request: GET https://timesofindia.indiatimes.com/business/markets "HTTP/1.1 200 OK"
2025-12-27 23:52:32,950 | INFO | httpx | HTTP Request: GET https://timesofindia.indiatimes.com/astrology "HTTP/1.1 200 OK"
2025-12-27 23:52:33,302 | INFO | httpx | HTTP Request: GET https://timesofindia.indiatimes.com/business/platinum-rates-today "HTTP/1.1 200 OK"
2025-12-27 23:52:33,659 | INFO | httpx | HTTP Request: GET https://timesofindia.indiatimes.com/business/silver-rates-today "HTTP/1.1 200 OK"
2025-12-27 23:52:34,010 | INFO | httpx | HTTP Request: GET https://timesofindia.indiatimes.com/business/gold-rates-today "HTTP/1.1 200 OK"
2025-12-27 23:52:34,367 | INFO | httpx | HTTP Request: GET https://timesofindia.indiatimes.com/business/bank-holidays/is-bank-open-today "HTTP/1.1 200 OK"
2025-12-27 23:52:34,710 | INFO | httpx | HTTP Request: GET https://timesofindia.indiatimes.com/business/bank-holidays/is-bank-open-tomorrow "HTTP/1.1 200 OK"
2025-12-27 23:52:35,064 | INFO | httpx | HTTP Request: GET https://timesofindia.indiatimes.com/business/bank-holidays/december "HTTP/1.1 200 OK"
2025-12-27 23:52:35,419 | INFO | httpx | HTTP Request: GET https://timesofindia.indiatimes.com/india/public-holidays/december "HTTP/1.1 200 OK"
2025-12-27 23:52:42,285 | INFO | __main__ | ✓ [2] Mumbai News Live: Check the latest Mumbai news, Al...
2025-12-27 23:52:42,930 | INFO | httpx | HTTP Request: GET https://timesofindia.indiatimes.com/ "HTTP/1.1 200 OK"
2025-12-27 23:52:43,597 | INFO | httpx | HTTP Request: GET https://timesofindia.indiatimes.com/us "HTTP/1.1 200 OK"
2025-12-27 23:52:44,150 | INFO | httpx | HTTP Request: GET https://navbharattimes.indiatimes.com/ "HTTP/1.1 200 OK"
2025-12-27 23:52:44,545 | INFO | httpx | HTTP Request: GET https://marathi.indiatimes.com/ "HTTP/1.1 301 Moved Permanently"
2025-12-27 23:52:44,845 | INFO | httpx | HTTP Request: GET https://maharashtratimes.com/ "HTTP/1.1 200 OK"
2025-12-27 23:52:45,214 | INFO | httpx | HTTP Request: GET https://maharashtratimes.com/ "HTTP/1.1 200 OK"
2025-12-27 23:52:45,894 | INFO | httpx | HTTP Request: GET https://timesofindia.indiatimes.com/weather "HTTP/1.1 200 OK"
2025-12-27 23:52:46,270 | INFO | httpx | HTTP Request: GET https://timesofindia.indiatimes.com "HTTP/1.1 200 OK"
2025-12-27 23:52:46,650 | INFO | httpx | HTTP Request: GET https://timesofindia.indiatimes.com/city "HTTP/1.1 200 OK"
2025-12-27 23:52:46,997 | INFO | httpx | HTTP Request: GET https://timesofindia.indiatimes.com/city/hyderabad "HTTP/1.1 200 OK"
2025-12-27 23:52:47,342 | INFO | httpx | HTTP Request: GET https://timesofindia.indiatimes.com/city/agra "HTTP/1.1 200 OK"
2025-12-27 23:52:47,682 | INFO | httpx | HTTP Request: GET https://timesofindia.indiatimes.com/city/agartala "HTTP/1.1 200 OK"
2025-12-27 23:52:48,016 | INFO | httpx | HTTP Request: GET https://timesofindia.indiatimes.com/city/ahmedabad "HTTP/1.1 200 OK"
2025-12-27 23:52:48,355 | INFO | httpx | HTTP Request: GET https://timesofindia.indiatimes.com/city/ajmer "HTTP/1.1 200 OK"
2025-12-27 23:52:48,699 | INFO | httpx | HTTP Request: GET https://timesofindia.indiatimes.com/city/amaravati "HTTP/1.1 200 OK"
2025-12-27 23:52:49,051 | INFO | httpx | HTTP Request: GET https://timesofindia.indiatimes.com/city/amritsar "HTTP/1.1 200 OK"
2025-12-27 23:52:49,399 | INFO | httpx | HTTP Request: GET https://timesofindia.indiatimes.com/city/bareilly "HTTP/1.1 200 OK"
2025-12-27 23:52:49,738 | INFO | httpx | HTTP Request: GET https://timesofindia.indiatimes.com/city/bhubaneswar "HTTP/1.1 200 OK"
2025-12-27 23:52:50,085 | INFO | httpx | HTTP Request: GET https://timesofindia.indiatimes.com/city/bhopal "HTTP/1.1 200 OK"
2025-12-27 23:52:50,425 | INFO | httpx | HTTP Request: GET https://timesofindia.indiatimes.com/city/chandigarh "HTTP/1.1 200 OK"
2025-12-27 23:52:51,009 | INFO | httpx | HTTP Request: GET https://timesofindia.indiatimes.com/city/aurangabad "HTTP/1.1 200 OK"
2025-12-27 23:52:51,358 | INFO | httpx | HTTP Request: GET https://timesofindia.indiatimes.com/city/coimbatore "HTTP/1.1 200 OK"
2025-12-27 23:52:51,699 | INFO | httpx | HTTP Request: GET https://timesofindia.indiatimes.com/city/cuttack "HTTP/1.1 200 OK"
2025-12-27 23:52:52,111 | INFO | httpx | HTTP Request: GET https://timesofindia.indiatimes.com/city/dehradun "HTTP/1.1 200 OK"
2025-12-27 23:52:52,456 | INFO | httpx | HTTP Request: GET https://timesofindia.indiatimes.com/city/erode "HTTP/1.1 200 OK"
2025-12-27 23:52:52,801 | INFO | httpx | HTTP Request: GET https://timesofindia.indiatimes.com/city/faridabad "HTTP/1.1 200 OK"
2025-12-27 23:52:53,144 | INFO | httpx | HTTP Request: GET https://timesofindia.indiatimes.com/city/imphal "HTTP/1.1 200 OK"
2025-12-27 23:52:53,482 | INFO | httpx | HTTP Request: GET https://timesofindia.indiatimes.com/city/jaipur "HTTP/1.1 200 OK"
2025-12-27 23:52:53,842 | INFO | httpx | HTTP Request: GET https://timesofindia.indiatimes.com/city/jammu "HTTP/1.1 200 OK"
2025-12-27 23:52:54,217 | INFO | httpx | HTTP Request: GET https://timesofindia.indiatimes.com/city/jodhpur "HTTP/1.1 200 OK"
2025-12-27 23:52:54,553 | INFO | httpx | HTTP Request: GET https://timesofindia.indiatimes.com/city/kanpur "HTTP/1.1 200 OK"
2025-12-27 23:52:54,887 | INFO | httpx | HTTP Request: GET https://timesofindia.indiatimes.com/city/kochi "HTTP/1.1 200 OK"
2025-12-27 23:52:55,301 | INFO | httpx | HTTP Request: GET https://timesofindia.indiatimes.com/city/kohima "HTTP/1.1 200 OK"
2025-12-27 23:52:55,704 | INFO | httpx | HTTP Request: GET https://timesofindia.indiatimes.com/city/kolhapur "HTTP/1.1 200 OK"
2025-12-27 23:52:56,051 | INFO | httpx | HTTP Request: GET https://timesofindia.indiatimes.com/city/kozhikode "HTTP/1.1 200 OK"
2025-12-27 23:52:56,396 | INFO | httpx | HTTP Request: GET https://timesofindia.indiatimes.com/city/ludhiana "HTTP/1.1 200 OK"
2025-12-27 23:52:56,741 | INFO | httpx | HTTP Request: GET https://timesofindia.indiatimes.com/city/lucknow "HTTP/1.1 200 OK"
2025-12-27 23:52:57,088 | INFO | httpx | HTTP Request: GET https://timesofindia.indiatimes.com/city/madurai "HTTP/1.1 200 OK"
2025-12-27 23:52:57,429 | INFO | httpx | HTTP Request: GET https://timesofindia.indiatimes.com/city/mangalore "HTTP/1.1 200 OK"
2025-12-27 23:52:57,757 | INFO | httpx | HTTP Request: GET https://timesofindia.indiatimes.com/city/meerut "HTTP/1.1 200 OK"
2025-12-27 23:52:58,170 | INFO | httpx | HTTP Request: GET https://timesofindia.indiatimes.com/city/mysore "HTTP/1.1 200 OK"
2025-12-27 23:52:58,529 | INFO | httpx | HTTP Request: GET https://timesofindia.indiatimes.com/city/nagpur "HTTP/1.1 200 OK"
2025-12-27 23:52:58,897 | INFO | httpx | HTTP Request: GET https://timesofindia.indiatimes.com/city/nashik "HTTP/1.1 200 OK"
2025-12-27 23:52:59,260 | INFO | httpx | HTTP Request: GET https://timesofindia.indiatimes.com/city/noida "HTTP/1.1 200 OK"
2025-12-27 23:52:59,770 | INFO | httpx | HTTP Request: GET https://timesofindia.indiatimes.com/city/patna "HTTP/1.1 200 OK"
2025-12-27 23:53:00,230 | INFO | httpx | HTTP Request: GET https://timesofindia.indiatimes.com/city/allahabad "HTTP/1.1 200 OK"
2025-12-27 23:53:00,597 | INFO | httpx | HTTP Request: GET https://timesofindia.indiatimes.com/city/puducherry "HTTP/1.1 200 OK"
2025-12-27 23:53:00,999 | INFO | httpx | HTTP Request: GET https://timesofindia.indiatimes.com/city/pune "HTTP/1.1 200 OK"
2025-12-27 23:53:01,343 | INFO | httpx | HTTP Request: GET https://timesofindia.indiatimes.com/city/raipur "HTTP/1.1 200 OK"
2025-12-27 23:53:01,698 | INFO | httpx | HTTP Request: GET https://timesofindia.indiatimes.com/city/rajkot "HTTP/1.1 200 OK"
2025-12-27 23:53:02,040 | INFO | httpx | HTTP Request: GET https://timesofindia.indiatimes.com/city/ranchi "HTTP/1.1 200 OK"
2025-12-27 23:53:02,391 | INFO | httpx | HTTP Request: GET https://timesofindia.indiatimes.com/city/thane "HTTP/1.1 200 OK"
2025-12-27 23:53:02,750 | INFO | httpx | HTTP Request: GET https://timesofindia.indiatimes.com/city/salem "HTTP/1.1 200 OK"
2025-12-27 23:53:03,098 | INFO | httpx | HTTP Request: GET https://timesofindia.indiatimes.com/city/shillong "HTTP/1.1 200 OK"
2025-12-27 23:53:03,472 | INFO | httpx | HTTP Request: GET https://timesofindia.indiatimes.com/city/shimla "HTTP/1.1 200 OK"
2025-12-27 23:53:03,829 | INFO | httpx | HTTP Request: GET https://timesofindia.indiatimes.com/city/srinagar "HTTP/1.1 200 OK"
2025-12-27 23:53:04,788 | INFO | httpx | HTTP Request: GET https://timesofindia.indiatimes.com/city/trichy "HTTP/1.1 200 OK"
2025-12-27 23:53:05,139 | INFO | httpx | HTTP Request: GET https://timesofindia.indiatimes.com/city/thiruvananthapuram "HTTP/1.1 200 OK"
2025-12-27 23:53:05,489 | INFO | httpx | HTTP Request: GET https://timesofindia.indiatimes.com/city/udaipur "HTTP/1.1 200 OK"
2025-12-27 23:53:05,917 | INFO | httpx | HTTP Request: GET https://timesofindia.indiatimes.com/city/vadodara "HTTP/1.1 200 OK"
2025-12-27 23:53:06,266 | INFO | httpx | HTTP Request: GET https://timesofindia.indiatimes.com/city/varanasi "HTTP/1.1 200 OK"
2025-12-27 23:53:06,625 | INFO | httpx | HTTP Request: GET https://timesofindia.indiatimes.com/city/vijayawada "HTTP/1.1 200 OK"
2025-12-27 23:53:06,984 | INFO | httpx | HTTP Request: GET https://timesofindia.indiatimes.com/city/visakhapatnam "HTTP/1.1 200 OK"
2025-12-27 23:53:07,354 | INFO | httpx | HTTP Request: GET https://timesofindia.indiatimes.com/city/photos "HTTP/1.1 200 OK"
2025-12-27 23:53:07,708 | INFO | httpx | HTTP Request: GET https://timesofindia.indiatimes.com/city/web-stories "HTTP/1.1 200 OK"
2025-12-27 23:53:14,782 | INFO | httpx | HTTP Request: GET https://timesofindia.indiatimes.com/etimes "HTTP/1.1 200 OK"
2025-12-27 23:53:16,611 | INFO | httpx | HTTP Request: GET https://timesofindia.indiatimes.com/life-style "HTTP/1.1 200 OK"
2025-12-27 23:53:17,031 | INFO | httpx | HTTP Request: GET https://timesofindia.indiatimes.com/tv/hindi "HTTP/1.1 200 OK"
2025-12-27 23:53:17,403 | INFO | httpx | HTTP Request: GET https://timesofindia.indiatimes.com/news "HTTP/1.1 200 OK"
2025-12-27 23:53:17,788 | INFO | httpx | HTTP Request: GET https://timesofindia.indiatimes.com/weather/bengaluru-aqi-level-air-quality-index-today/3261 "HTTP/1.1 301 Moved Permanently"
2025-12-27 23:53:18,082 | INFO | httpx | HTTP Request: GET https://timesofindia.indiatimes.com/weather/bangalore-aqi-level-air-quality-index-today/3261 "HTTP/1.1 200 OK"
2025-12-27 23:53:18,405 | INFO | httpx | HTTP Request: GET https://timesofindia.indiatimes.com/weather/bangalore-aqi-level-air-quality-index-today/3261 "HTTP/1.1 200 OK"
2025-12-27 23:53:18,792 | INFO | httpx | HTTP Request: GET https://timesofindia.indiatimes.com/weather/hyderabad-aqi-level-air-quality-index-today/3288 "HTTP/1.1 200 OK"
2025-12-27 23:53:19,743 | INFO | httpx | HTTP Request: GET https://timesofindia.indiatimes.com/weather/noida-aqi-level-air-quality-index-today/3319 "HTTP/1.1 200 OK"
2025-12-27 23:53:20,116 | INFO | httpx | HTTP Request: GET https://timesofindia.indiatimes.com/weather/ahmedabad-aqi-level-air-quality-index-today/3252 "HTTP/1.1 200 OK"
2025-12-27 23:53:20,483 | INFO | httpx | HTTP Request: GET https://timesofindia.indiatimes.com/weather/pune-aqi-level-air-quality-index-today/3325 "HTTP/1.1 200 OK"
2025-12-27 23:53:20,840 | INFO | httpx | HTTP Request: GET https://timesofindia.indiatimes.com/weather/jaipur-aqi-level-air-quality-index-today/3302 "HTTP/1.1 200 OK"
2025-12-27 23:53:21,202 | INFO | httpx | HTTP Request: GET https://timesofindia.indiatimes.com/weather/lucknow-aqi-level-air-quality-index-today/3267 "HTTP/1.1 200 OK"
2025-12-27 23:53:21,579 | INFO | httpx | HTTP Request: GET https://timesofindia.indiatimes.com/weather/patna-aqi-level-air-quality-index-today/3234 "HTTP/1.1 301 Moved Permanently"
2025-12-27 23:53:22,498 | INFO | httpx | HTTP Request: GET https://timesofindia.indiatimes.com/weather/agra-aqi-level-air-quality-index-today/3229 "HTTP/1.1 200 OK"
2025-12-27 23:53:22,842 | INFO | httpx | HTTP Request: GET https://timesofindia.indiatimes.com/weather/chandigarh-aqi-level-air-quality-index-today/3259 "HTTP/1.1 200 OK"
2025-12-27 23:53:23,198 | INFO | httpx | HTTP Request: GET https://timesofindia.indiatimes.com/sports/cricket/icc-mens-t20-world-cup/schedule "HTTP/1.1 200 OK"
2025-12-27 23:53:23,658 | INFO | httpx | HTTP Request: GET https://www.indiatimes.com/termsandcondition "HTTP/1.1 200 OK"
2025-12-27 23:53:24,977 | INFO | httpx | HTTP Request: GET https://timesofindia.indiatimes.com/travel/destinations "HTTP/1.1 200 OK"
2025-12-27 23:53:26,235 | INFO | httpx | HTTP Request: GET https://timesofindia.indiatimes.com/business "HTTP/1.1 200 OK"
2025-12-27 23:53:26,596 | INFO | httpx | HTTP Request: GET https://timesofindia.indiatimes.com/india "HTTP/1.1 200 OK"
2025-12-27 23:53:26,936 | INFO | httpx | HTTP Request: GET https://timesofindia.indiatimes.com/world "HTTP/1.1 200 OK"
2025-12-27 23:53:27,316 | INFO | httpx | HTTP Request: GET https://timesofindia.indiatimes.com/entertainment/hindi/bollywood/news "HTTP/1.1 200 OK"
2025-12-27 23:53:28,290 | INFO | httpx | HTTP Request: GET https://timesofindia.indiatimes.com/tv "HTTP/1.1 200 OK"
2025-12-27 23:53:28,644 | INFO | httpx | HTTP Request: GET https://timesofindia.indiatimes.com/technology "HTTP/1.1 200 OK"
2025-12-27 23:53:28,995 | INFO | httpx | HTTP Request: GET https://timesofindia.indiatimes.com/travel "HTTP/1.1 301 Moved Permanently"
2025-12-27 23:53:29,386 | INFO | httpx | HTTP Request: GET https://timesofindia.indiatimes.com/travel/ "HTTP/1.1 200 OK"
2025-12-27 23:53:29,693 | INFO | httpx | HTTP Request: GET https://timesofindia.indiatimes.com/travel/ "HTTP/1.1 200 OK"
2025-12-27 23:53:30,651 | INFO | httpx | HTTP Request: GET https://timesofindia.indiatimes.com/business/gold-rates-today/gold-price-in-delhi "HTTP/1.1 200 OK"
2025-12-27 23:53:31,274 | INFO | httpx | HTTP Request: GET https://timesofindia.indiatimes.com/astrology/chinese-horoscope/rat "HTTP/1.1 200 OK"
2025-12-27 23:53:31,746 | INFO | httpx | HTTP Request: GET https://timesofindia.indiatimes.com/business/markets "HTTP/1.1 200 OK"
2025-12-27 23:53:32,140 | INFO | httpx | HTTP Request: GET https://timesofindia.indiatimes.com/astrology "HTTP/1.1 200 OK"
2025-12-27 23:53:32,495 | INFO | httpx | HTTP Request: GET https://timesofindia.indiatimes.com/business/platinum-rates-today "HTTP/1.1 200 OK"
2025-12-27 23:53:32,852 | INFO | httpx | HTTP Request: GET https://timesofindia.indiatimes.com/business/silver-rates-today "HTTP/1.1 200 OK"
2025-12-27 23:53:33,181 | INFO | httpx | HTTP Request: GET https://timesofindia.indiatimes.com/business/gold-rates-today "HTTP/1.1 200 OK"
2025-12-27 23:53:33,546 | INFO | httpx | HTTP Request: GET https://timesofindia.indiatimes.com/business/bank-holidays/is-bank-open-today "HTTP/1.1 200 OK"
2025-12-27 23:53:33,901 | INFO | httpx | HTTP Request: GET https://timesofindia.indiatimes.com/business/bank-holidays/is-bank-open-tomorrow "HTTP/1.1 200 OK"
2025-12-27 23:53:34,244 | INFO | httpx | HTTP Request: GET https://timesofindia.indiatimes.com/business/bank-holidays/december "HTTP/1.1 200 OK"
2025-12-27 23:53:34,622 | INFO | httpx | HTTP Request: GET https://timesofindia.indiatimes.com/india/public-holidays/december "HTTP/1.1 200 OK"
2025-12-27 23:53:35,136 | INFO | httpx | HTTP Request: GET https://timesofindia.indiatimes.com/business/stock-market-holidays "HTTP/1.1 200 OK"
2025-12-27 23:53:35,492 | INFO | httpx | HTTP Request: GET https://timesofindia.indiatimes.com/sports/nfl/schedule "HTTP/1.1 200 OK"
2025-12-27 23:53:35,846 | INFO | httpx | HTTP Request: GET https://timesofindia.indiatimes.com/technology/tech-news "HTTP/1.1 200 OK"
2025-12-27 23:53:36,243 | INFO | httpx | HTTP Request: GET https://timesofindia.indiatimes.com/sports/international-sports "HTTP/1.1 200 OK"
2025-12-27 23:53:36,601 | INFO | httpx | HTTP Request: GET https://timesofindia.indiatimes.com/india/public-holidays "HTTP/1.1 200 OK"
2025-12-27 23:53:36,943 | INFO | httpx | HTTP Request: GET https://timesofindia.indiatimes.com/business/bank-holidays "HTTP/1.1 200 OK"
2025-12-27 23:53:39,973 | INFO | __main__ | ✓ [2] Mumbai News Live: Check the latest Mumbai news, Al...
2025-12-27 23:53:40,344 | INFO | httpx | HTTP Request: GET https://timesofindia.indiatimes.com/ "HTTP/1.1 200 OK"
2025-12-27 23:53:40,715 | INFO | httpx | HTTP Request: GET https://timesofindia.indiatimes.com/us "HTTP/1.1 200 OK"
2025-12-27 23:53:43,933 | INFO | httpx | HTTP Request: GET https://timesofindia.indiatimes.com/city "HTTP/1.1 200 OK"
2025-12-27 23:53:44,417 | INFO | httpx | HTTP Request: GET https://timesofindia.indiatimes.com/city/hyderabad "HTTP/1.1 200 OK"
2025-12-27 23:53:45,009 | INFO | httpx | HTTP Request: GET https://timesofindia.indiatimes.com/city/agra "HTTP/1.1 200 OK"
2025-12-27 23:53:45,521 | INFO | httpx | HTTP Request: GET https://timesofindia.indiatimes.com/city/agartala "HTTP/1.1 200 OK"
2025-12-27 23:53:46,151 | INFO | httpx | HTTP Request: GET https://timesofindia.indiatimes.com/city/ahmedabad "HTTP/1.1 200 OK"
2025-12-27 23:53:47,381 | INFO | httpx | HTTP Request: GET https://timesofindia.indiatimes.com/city/amaravati "HTTP/1.1 200 OK"
2025-12-27 23:53:47,916 | INFO | httpx | HTTP Request: GET https://timesofindia.indiatimes.com/city/amritsar "HTTP/1.1 200 OK"
2025-12-27 23:53:48,463 | INFO | httpx | HTTP Request: GET https://timesofindia.indiatimes.com/city/bareilly "HTTP/1.1 200 OK"
2025-12-27 23:53:48,976 | INFO | httpx | HTTP Request: GET https://timesofindia.indiatimes.com/city/bhubaneswar "HTTP/1.1 200 OK"
2025-12-27 23:53:49,524 | INFO | httpx | HTTP Request: GET https://timesofindia.indiatimes.com/city/bhopal "HTTP/1.1 200 OK"
2025-12-27 23:53:52,843 | INFO | httpx | HTTP Request: GET https://timesofindia.indiatimes.com/city/dehradun "HTTP/1.1 200 OK"
2025-12-27 23:53:53,511 | INFO | httpx | HTTP Request: GET https://timesofindia.indiatimes.com/city/erode "HTTP/1.1 200 OK"
2025-12-27 23:53:54,164 | INFO | httpx | HTTP Request: GET https://timesofindia.indiatimes.com/city/faridabad "HTTP/1.1 200 OK"
2025-12-27 23:53:54,709 | INFO | httpx | HTTP Request: GET https://timesofindia.indiatimes.com/city/imphal "HTTP/1.1 200 OK"
2025-12-27 23:53:56,741 | INFO | httpx | HTTP Request: GET https://timesofindia.indiatimes.com/city/jodhpur "HTTP/1.1 200 OK"
2025-12-27 23:53:57,961 | INFO | httpx | HTTP Request: GET https://timesofindia.indiatimes.com/city/kochi "HTTP/1.1 200 OK"
2025-12-27 23:53:58,420 | INFO | httpx | HTTP Request: GET https://timesofindia.indiatimes.com/city/kohima "HTTP/1.1 200 OK"
2025-12-27 23:53:58,914 | INFO | httpx | HTTP Request: GET https://timesofindia.indiatimes.com/city/kolhapur "HTTP/1.1 200 OK"
2025-12-27 23:53:59,399 | INFO | httpx | HTTP Request: GET https://timesofindia.indiatimes.com/city/kozhikode "HTTP/1.1 200 OK"
2025-12-27 23:53:59,903 | INFO | httpx | HTTP Request: GET https://timesofindia.indiatimes.com/city/ludhiana "HTTP/1.1 200 OK"
2025-12-27 23:54:00,446 | INFO | httpx | HTTP Request: GET https://timesofindia.indiatimes.com/city/lucknow "HTTP/1.1 200 OK"
2025-12-27 23:54:01,652 | INFO | httpx | HTTP Request: GET https://timesofindia.indiatimes.com/city/mangalore "HTTP/1.1 200 OK"
2025-12-27 23:54:02,196 | INFO | httpx | HTTP Request: GET https://timesofindia.indiatimes.com/city/meerut "HTTP/1.1 200 OK"
2025-12-27 23:54:03,423 | INFO | httpx | HTTP Request: GET https://timesofindia.indiatimes.com/city/nagpur "HTTP/1.1 200 OK"
2025-12-27 23:54:03,980 | INFO | httpx | HTTP Request: GET https://timesofindia.indiatimes.com/city/nashik "HTTP/1.1 200 OK"
2025-12-27 23:54:05,184 | INFO | httpx | HTTP Request: GET https://timesofindia.indiatimes.com/city/patna "HTTP/1.1 200 OK"
2025-12-27 23:54:05,702 | INFO | httpx | HTTP Request: GET https://timesofindia.indiatimes.com/city/allahabad "HTTP/1.1 200 OK"
2025-12-27 23:54:06,321 | INFO | httpx | HTTP Request: GET https://timesofindia.indiatimes.com/city/puducherry "HTTP/1.1 200 OK"
2025-12-27 23:54:06,854 | INFO | httpx | HTTP Request: GET https://timesofindia.indiatimes.com/city/pune "HTTP/1.1 200 OK"
2025-12-27 23:54:07,334 | INFO | httpx | HTTP Request: GET https://timesofindia.indiatimes.com/city/raipur "HTTP/1.1 200 OK"
2025-12-27 23:54:07,844 | INFO | httpx | HTTP Request: GET https://timesofindia.indiatimes.com/city/rajkot "HTTP/1.1 200 OK"
2025-12-27 23:54:08,370 | INFO | httpx | HTTP Request: GET https://timesofindia.indiatimes.com/city/ranchi "HTTP/1.1 200 OK"
2025-12-27 23:54:08,916 | INFO | httpx | HTTP Request: GET https://timesofindia.indiatimes.com/city/thane "HTTP/1.1 200 OK"
2025-12-27 23:54:09,424 | INFO | httpx | HTTP Request: GET https://timesofindia.indiatimes.com/city/salem "HTTP/1.1 200 OK"
2025-12-27 23:54:09,960 | INFO | httpx | HTTP Request: GET https://timesofindia.indiatimes.com/city/shillong "HTTP/1.1 200 OK"
2025-12-27 23:54:10,672 | INFO | httpx | HTTP Request: GET https://timesofindia.indiatimes.com/city/shimla "HTTP/1.1 200 OK"
2025-12-27 23:54:12,126 | INFO | httpx | HTTP Request: GET https://timesofindia.indiatimes.com/city/surat "HTTP/1.1 200 OK"
2025-12-27 23:54:14,208 | INFO | httpx | HTTP Request: GET https://timesofindia.indiatimes.com/city/udaipur "HTTP/1.1 200 OK"
2025-12-27 23:54:14,736 | INFO | httpx | HTTP Request: GET https://timesofindia.indiatimes.com/city/vadodara "HTTP/1.1 200 OK"
2025-12-27 23:54:15,254 | INFO | httpx | HTTP Request: GET https://timesofindia.indiatimes.com/city/varanasi "HTTP/1.1 200 OK"
2025-12-27 23:54:16,453 | INFO | httpx | HTTP Request: GET https://timesofindia.indiatimes.com/city/visakhapatnam "HTTP/1.1 200 OK"
2025-12-27 23:54:16,982 | INFO | httpx | HTTP Request: GET https://timesofindia.indiatimes.com/city/photos "HTTP/1.1 200 OK"
2025-12-27 23:54:17,417 | INFO | httpx | HTTP Request: GET https://timesofindia.indiatimes.com/city/web-stories "HTTP/1.1 200 OK"
2025-12-27 23:54:18,353 | INFO | httpx | HTTP Request: GET https://timesofindia.indiatimes.com/elections/maharashtra-lok-sabha-election "HTTP/1.1 200 OK"
2025-12-27 23:54:18,728 | INFO | httpx | HTTP Request: GET https://timesofindia.indiatimes.com/weather/mumbai-weather-forecast-today/400070 "HTTP/1.1 301 Moved Permanently"
2025-12-27 23:54:20,885 | INFO | httpx | HTTP Request: GET https://timesofindia.indiatimes.com/city/mumbai/2 "HTTP/1.1 200 OK"
2025-12-27 23:54:21,255 | INFO | httpx | HTTP Request: GET https://timesofindia.indiatimes.com/city/mumbai/3 "HTTP/1.1 200 OK"
2025-12-27 23:54:21,606 | INFO | httpx | HTTP Request: GET https://timesofindia.indiatimes.com/city/mumbai/4 "HTTP/1.1 200 OK"
2025-12-27 23:54:21,948 | INFO | httpx | HTTP Request: GET https://timesofindia.indiatimes.com/city/mumbai/5 "HTTP/1.1 200 OK"
2025-12-27 23:54:23,031 | INFO | httpx | HTTP Request: GET https://timesofindia.indiatimes.com/entertainment/hindi/movie-reviews "HTTP/1.1 200 OK"
2025-12-27 23:54:24,167 | INFO | httpx | HTTP Request: GET https://timesofindia.indiatimes.com/life-style "HTTP/1.1 200 OK"
2025-12-27 23:54:24,558 | INFO | httpx | HTTP Request: GET https://timesofindia.indiatimes.com/tv/hindi "HTTP/1.1 200 OK"
2025-12-27 23:54:26,089 | INFO | httpx | HTTP Request: GET https://timesofindia.indiatimes.com/weather/hyderabad-aqi-level-air-quality-index-today/3288 "HTTP/1.1 200 OK"
2025-12-27 23:54:26,432 | INFO | httpx | HTTP Request: GET https://timesofindia.indiatimes.com/weather/gurugram-aqi-level-air-quality-index-today/3227 "HTTP/1.1 200 OK"
2025-12-27 23:54:26,821 | INFO | httpx | HTTP Request: GET https://timesofindia.indiatimes.com/weather/noida-aqi-level-air-quality-index-today/3319 "HTTP/1.1 200 OK"
2025-12-27 23:54:27,195 | INFO | httpx | HTTP Request: GET https://timesofindia.indiatimes.com/weather/ahmedabad-aqi-level-air-quality-index-today/3252 "HTTP/1.1 200 OK"
2025-12-27 23:54:27,567 | INFO | httpx | HTTP Request: GET https://timesofindia.indiatimes.com/weather/pune-aqi-level-air-quality-index-today/3325 "HTTP/1.1 200 OK"
2025-12-27 23:54:27,984 | INFO | httpx | HTTP Request: GET https://timesofindia.indiatimes.com/weather/jaipur-aqi-level-air-quality-index-today/3302 "HTTP/1.1 200 OK"
2025-12-27 23:54:28,386 | INFO | httpx | HTTP Request: GET https://timesofindia.indiatimes.com/weather/lucknow-aqi-level-air-quality-index-today/3267 "HTTP/1.1 200 OK"
2025-12-27 23:54:28,767 | INFO | httpx | HTTP Request: GET https://timesofindia.indiatimes.com/weather/patna-aqi-level-air-quality-index-today/3234 "HTTP/1.1 301 Moved Permanently"
2025-12-27 23:54:29,086 | INFO | httpx | HTTP Request: GET https://timesofindia.indiatimes.com/weather/patna-aqi-level-air-quality-index-today/1425 "HTTP/1.1 200 OK"
2025-12-27 23:54:30,185 | INFO | httpx | HTTP Request: GET https://www.indiatimes.com/termsandcondition "HTTP/1.1 200 OK"
2025-12-27 23:54:31,165 | INFO | httpx | HTTP Request: GET https://timesofindia.indiatimes.com/travel/destinations "HTTP/1.1 200 OK"
2025-12-27 23:54:31,521 | INFO | httpx | HTTP Request: GET https://gadgetsnow.indiatimes.com/?_gl=1%2Ah4drpd%2A_ga%2AMjAzNTc2Njg5OS4xNzI3MjUzODEz%2A_ga_FCN624MN68%2AMTczNzQ1MDg1OS4xMzIuMS4xNzM3NDUzMzIyLjU0LjAuMA.. "HTTP/1.1 200 OK"
2025-12-27 23:54:31,873 | INFO | httpx | HTTP Request: GET https://timesofindia.indiatimes.com/sports "HTTP/1.1 200 OK"
2025-12-27 23:54:32,229 | INFO | httpx | HTTP Request: GET https://timesofindia.indiatimes.com/business "HTTP/1.1 200 OK"
2025-12-27 23:54:32,618 | INFO | httpx | HTTP Request: GET https://timesofindia.indiatimes.com/india "HTTP/1.1 200 OK"
2025-12-27 23:54:32,979 | INFO | httpx | HTTP Request: GET https://timesofindia.indiatimes.com/world "HTTP/1.1 200 OK"
2025-12-27 23:54:33,384 | INFO | httpx | HTTP Request: GET https://timesofindia.indiatimes.com/entertainment/hindi/bollywood/news "HTTP/1.1 200 OK"
2025-12-27 23:54:33,994 | INFO | httpx | HTTP Request: GET https://timesofindia.indiatimes.com/life-style/health-fitness "HTTP/1.1 200 OK"
2025-12-27 23:54:34,950 | INFO | httpx | HTTP Request: GET https://timesofindia.indiatimes.com/technology "HTTP/1.1 200 OK"
2025-12-27 23:54:35,289 | INFO | httpx | HTTP Request: GET https://timesofindia.indiatimes.com/travel "HTTP/1.1 301 Moved Permanently"
2025-12-27 23:54:35,662 | INFO | httpx | HTTP Request: GET https://timesofindia.indiatimes.com/travel/ "HTTP/1.1 200 OK"
2025-12-27 23:54:35,983 | INFO | httpx | HTTP Request: GET https://timesofindia.indiatimes.com/travel/ "HTTP/1.1 200 OK"
2025-12-27 23:54:36,551 | INFO | httpx | HTTP Request: GET https://timesofindia.indiatimes.com/life-style/health-fitness/health-news "HTTP/1.1 200 OK"
2025-12-27 23:54:36,891 | INFO | httpx | HTTP Request: GET https://timesofindia.indiatimes.com/business/gold-rates-today/gold-price-in-delhi "HTTP/1.1 200 OK"
2025-12-27 23:54:37,225 | INFO | httpx | HTTP Request: GET https://timesofindia.indiatimes.com/astrology/chinese-horoscope/rat "HTTP/1.1 200 OK"
2025-12-27 23:54:37,585 | INFO | httpx | HTTP Request: GET https://timesofindia.indiatimes.com/business/markets "HTTP/1.1 200 OK"
2025-12-27 23:54:37,941 | INFO | httpx | HTTP Request: GET https://timesofindia.indiatimes.com/astrology "HTTP/1.1 200 OK"
2025-12-27 23:54:38,307 | INFO | httpx | HTTP Request: GET https://timesofindia.indiatimes.com/business/platinum-rates-today "HTTP/1.1 200 OK"
2025-12-27 23:54:38,662 | INFO | httpx | HTTP Request: GET https://timesofindia.indiatimes.com/business/silver-rates-today "HTTP/1.1 200 OK"
2025-12-27 23:54:39,026 | INFO | httpx | HTTP Request: GET https://timesofindia.indiatimes.com/business/gold-rates-today "HTTP/1.1 200 OK"
2025-12-27 23:54:39,381 | INFO | httpx | HTTP Request: GET https://timesofindia.indiatimes.com/business/bank-holidays/is-bank-open-today "HTTP/1.1 200 OK"
2025-12-27 23:54:39,729 | INFO | httpx | HTTP Request: GET https://timesofindia.indiatimes.com/business/bank-holidays/is-bank-open-tomorrow "HTTP/1.1 200 OK"
2025-12-27 23:54:40,087 | INFO | httpx | HTTP Request: GET https://timesofindia.indiatimes.com/business/bank-holidays/december "HTTP/1.1 200 OK"
2025-12-27 23:54:40,485 | INFO | httpx | HTTP Request: GET https://timesofindia.indiatimes.com/india/public-holidays/december "HTTP/1.1 200 OK"
2025-12-27 23:54:40,852 | INFO | httpx | HTTP Request: GET https://timesofindia.indiatimes.com/business/stock-market-holidays "HTTP/1.1 200 OK"
2025-12-27 23:54:41,215 | INFO | httpx | HTTP Request: GET https://timesofindia.indiatimes.com/sports/nfl/schedule "HTTP/1.1 200 OK"
2025-12-27 23:54:41,546 | INFO | httpx | HTTP Request: GET https://timesofindia.indiatimes.com/technology/tech-news "HTTP/1.1 200 OK"
2025-12-27 23:54:41,905 | INFO | httpx | HTTP Request: GET https://timesofindia.indiatimes.com/sports/international-sports "HTTP/1.1 200 OK"
2025-12-27 23:54:42,296 | INFO | httpx | HTTP Request: GET https://timesofindia.indiatimes.com/india/public-holidays "HTTP/1.1 200 OK"
2025-12-27 23:54:42,637 | INFO | httpx | HTTP Request: GET https://timesofindia.indiatimes.com/business/bank-holidays "HTTP/1.1 200 OK"
2025-12-27 23:54:44,551 | INFO | __main__ | ✓ [2] Mumbai Photos: Latest Mumbai News in Photos | The ...
2025-12-27 23:54:44,913 | INFO | httpx | HTTP Request: GET https://timesofindia.indiatimes.com/ "HTTP/1.1 200 OK"
2025-12-27 23:54:45,915 | INFO | httpx | HTTP Request: GET https://navbharattimes.indiatimes.com/ "HTTP/1.1 200 OK"
2025-12-27 23:54:46,931 | INFO | httpx | HTTP Request: GET https://timesofindia.indiatimes.com/weather "HTTP/1.1 200 OK"
2025-12-27 23:54:47,281 | INFO | httpx | HTTP Request: GET https://timesofindia.indiatimes.com "HTTP/1.1 200 OK"
2025-12-27 23:54:47,667 | INFO | httpx | HTTP Request: GET https://timesofindia.indiatimes.com/city "HTTP/1.1 200 OK"
2025-12-27 23:54:48,020 | INFO | httpx | HTTP Request: GET https://timesofindia.indiatimes.com/city/hyderabad "HTTP/1.1 200 OK"
2025-12-27 23:54:48,359 | INFO | httpx | HTTP Request: GET https://timesofindia.indiatimes.com/city/agra "HTTP/1.1 200 OK"
2025-12-27 23:54:48,706 | INFO | httpx | HTTP Request: GET https://timesofindia.indiatimes.com/city/agartala "HTTP/1.1 200 OK"
2025-12-27 23:54:49,051 | INFO | httpx | HTTP Request: GET https://timesofindia.indiatimes.com/city/ahmedabad "HTTP/1.1 200 OK"
2025-12-27 23:54:49,394 | INFO | httpx | HTTP Request: GET https://timesofindia.indiatimes.com/city/ajmer "HTTP/1.1 200 OK"
2025-12-27 23:54:49,741 | INFO | httpx | HTTP Request: GET https://timesofindia.indiatimes.com/city/amaravati "HTTP/1.1 200 OK"
2025-12-27 23:54:50,085 | INFO | httpx | HTTP Request: GET https://timesofindia.indiatimes.com/city/amritsar "HTTP/1.1 200 OK"
2025-12-27 23:54:50,439 | INFO | httpx | HTTP Request: GET https://timesofindia.indiatimes.com/city/bareilly "HTTP/1.1 200 OK"
2025-12-27 23:54:50,792 | INFO | httpx | HTTP Request: GET https://timesofindia.indiatimes.com/city/bhubaneswar "HTTP/1.1 200 OK"
2025-12-27 23:54:51,133 | INFO | httpx | HTTP Request: GET https://timesofindia.indiatimes.com/city/bhopal "HTTP/1.1 200 OK"
2025-12-27 23:54:51,484 | INFO | httpx | HTTP Request: GET https://timesofindia.indiatimes.com/city/chandigarh "HTTP/1.1 200 OK"
2025-12-27 23:54:51,840 | INFO | httpx | HTTP Request: GET https://timesofindia.indiatimes.com/city/aurangabad "HTTP/1.1 200 OK"
2025-12-27 23:54:52,180 | INFO | httpx | HTTP Request: GET https://timesofindia.indiatimes.com/city/coimbatore "HTTP/1.1 200 OK"
2025-12-27 23:54:52,530 | INFO | httpx | HTTP Request: GET https://timesofindia.indiatimes.com/city/cuttack "HTTP/1.1 200 OK"
2025-12-27 23:54:52,879 | INFO | httpx | HTTP Request: GET https://timesofindia.indiatimes.com/city/dehradun "HTTP/1.1 200 OK"
2025-12-27 23:54:53,240 | INFO | httpx | HTTP Request: GET https://timesofindia.indiatimes.com/city/erode "HTTP/1.1 200 OK"
2025-12-27 23:54:53,598 | INFO | httpx | HTTP Request: GET https://timesofindia.indiatimes.com/city/faridabad "HTTP/1.1 200 OK"
2025-12-27 23:54:53,954 | INFO | httpx | HTTP Request: GET https://timesofindia.indiatimes.com/city/imphal "HTTP/1.1 200 OK"
2025-12-27 23:54:54,292 | INFO | httpx | HTTP Request: GET https://timesofindia.indiatimes.com/city/jaipur "HTTP/1.1 200 OK"
2025-12-27 23:54:54,631 | INFO | httpx | HTTP Request: GET https://timesofindia.indiatimes.com/city/jammu "HTTP/1.1 200 OK"
2025-12-27 23:54:54,974 | INFO | httpx | HTTP Request: GET https://timesofindia.indiatimes.com/city/jodhpur "HTTP/1.1 200 OK"
2025-12-27 23:54:55,316 | INFO | httpx | HTTP Request: GET https://timesofindia.indiatimes.com/city/kanpur "HTTP/1.1 200 OK"
2025-12-27 23:54:55,700 | INFO | httpx | HTTP Request: GET https://timesofindia.indiatimes.com/city/kochi "HTTP/1.1 200 OK"
2025-12-27 23:54:56,036 | INFO | httpx | HTTP Request: GET https://timesofindia.indiatimes.com/city/kohima "HTTP/1.1 200 OK"
2025-12-27 23:54:56,990 | INFO | httpx | HTTP Request: GET https://timesofindia.indiatimes.com/city/kozhikode "HTTP/1.1 200 OK"
2025-12-27 23:54:57,398 | INFO | httpx | HTTP Request: GET https://timesofindia.indiatimes.com/city/ludhiana "HTTP/1.1 200 OK"
2025-12-27 23:54:57,768 | INFO | httpx | HTTP Request: GET https://timesofindia.indiatimes.com/city/lucknow "HTTP/1.1 200 OK"
2025-12-27 23:54:58,117 | INFO | httpx | HTTP Request: GET https://timesofindia.indiatimes.com/city/madurai "HTTP/1.1 200 OK"
2025-12-27 23:54:58,467 | INFO | httpx | HTTP Request: GET https://timesofindia.indiatimes.com/city/mangalore "HTTP/1.1 200 OK"
2025-12-27 23:54:58,821 | INFO | httpx | HTTP Request: GET https://timesofindia.indiatimes.com/city/meerut "HTTP/1.1 200 OK"
2025-12-27 23:54:59,164 | INFO | httpx | HTTP Request: GET https://timesofindia.indiatimes.com/city/mysore "HTTP/1.1 200 OK"
2025-12-27 23:54:59,516 | INFO | httpx | HTTP Request: GET https://timesofindia.indiatimes.com/city/nagpur "HTTP/1.1 200 OK"
2025-12-27 23:54:59,855 | INFO | httpx | HTTP Request: GET https://timesofindia.indiatimes.com/city/nashik "HTTP/1.1 200 OK"
2025-12-27 23:55:00,218 | INFO | httpx | HTTP Request: GET https://timesofindia.indiatimes.com/city/noida "HTTP/1.1 200 OK"
2025-12-27 23:55:01,181 | INFO | httpx | HTTP Request: GET https://timesofindia.indiatimes.com/city/allahabad "HTTP/1.1 200 OK"
2025-12-27 23:55:01,512 | INFO | httpx | HTTP Request: GET https://timesofindia.indiatimes.com/city/puducherry "HTTP/1.1 200 OK"
2025-12-27 23:55:01,853 | INFO | httpx | HTTP Request: GET https://timesofindia.indiatimes.com/city/pune "HTTP/1.1 200 OK"
2025-12-27 23:55:02,189 | INFO | httpx | HTTP Request: GET https://timesofindia.indiatimes.com/city/raipur "HTTP/1.1 200 OK"
2025-12-27 23:55:02,534 | INFO | httpx | HTTP Request: GET https://timesofindia.indiatimes.com/city/rajkot "HTTP/1.1 200 OK"
2025-12-27 23:55:02,866 | INFO | httpx | HTTP Request: GET https://timesofindia.indiatimes.com/city/ranchi "HTTP/1.1 200 OK"
2025-12-27 23:55:03,204 | INFO | httpx | HTTP Request: GET https://timesofindia.indiatimes.com/city/thane "HTTP/1.1 200 OK"
2025-12-27 23:55:03,563 | INFO | httpx | HTTP Request: GET https://timesofindia.indiatimes.com/city/salem "HTTP/1.1 200 OK"
2025-12-27 23:55:03,911 | INFO | httpx | HTTP Request: GET https://timesofindia.indiatimes.com/city/shillong "HTTP/1.1 200 OK"
2025-12-27 23:55:04,243 | INFO | httpx | HTTP Request: GET https://timesofindia.indiatimes.com/city/shimla "HTTP/1.1 200 OK"
2025-12-27 23:55:04,581 | INFO | httpx | HTTP Request: GET https://timesofindia.indiatimes.com/city/srinagar "HTTP/1.1 200 OK"
2025-12-27 23:55:04,930 | INFO | httpx | HTTP Request: GET https://timesofindia.indiatimes.com/city/surat "HTTP/1.1 200 OK"
2025-12-27 23:55:05,302 | INFO | httpx | HTTP Request: GET https://timesofindia.indiatimes.com/city/trichy "HTTP/1.1 200 OK"
2025-12-27 23:55:05,685 | INFO | httpx | HTTP Request: GET https://timesofindia.indiatimes.com/city/thiruvananthapuram "HTTP/1.1 200 OK"
2025-12-27 23:55:06,021 | INFO | httpx | HTTP Request: GET https://timesofindia.indiatimes.com/city/udaipur "HTTP/1.1 200 OK"
2025-12-27 23:55:06,366 | INFO | httpx | HTTP Request: GET https://timesofindia.indiatimes.com/city/vadodara "HTTP/1.1 200 OK"
2025-12-27 23:55:06,700 | INFO | httpx | HTTP Request: GET https://timesofindia.indiatimes.com/city/varanasi "HTTP/1.1 200 OK"
2025-12-27 23:55:07,046 | INFO | httpx | HTTP Request: GET https://timesofindia.indiatimes.com/city/vijayawada "HTTP/1.1 200 OK"
2025-12-27 23:55:07,391 | INFO | httpx | HTTP Request: GET https://timesofindia.indiatimes.com/city/visakhapatnam "HTTP/1.1 200 OK"
2025-12-27 23:55:07,721 | INFO | httpx | HTTP Request: GET https://timesofindia.indiatimes.com/city/photos "HTTP/1.1 200 OK"
2025-12-27 23:55:08,057 | INFO | httpx | HTTP Request: GET https://timesofindia.indiatimes.com/city/web-stories "HTTP/1.1 200 OK"
2025-12-27 23:55:09,023 | INFO | httpx | HTTP Request: GET https://timesofindia.indiatimes.com/elections/maharashtra-lok-sabha-election "HTTP/1.1 200 OK"
2025-12-27 23:55:10,755 | INFO | httpx | HTTP Request: GET https://timesofindia.indiatimes.com/life-style "HTTP/1.1 200 OK"
2025-12-27 23:55:11,317 | INFO | httpx | HTTP Request: GET https://timesofindia.indiatimes.com/life-style/food-news "HTTP/1.1 200 OK"
2025-12-27 23:55:11,697 | INFO | httpx | HTTP Request: GET https://timesofindia.indiatimes.com/tv/hindi "HTTP/1.1 200 OK"
2025-12-27 23:55:12,072 | INFO | httpx | HTTP Request: GET https://timesofindia.indiatimes.com/travel/destinations "HTTP/1.1 200 OK"
2025-12-27 23:55:12,402 | INFO | httpx | HTTP Request: GET https://timesofindia.indiatimes.com/etimes "HTTP/1.1 200 OK"
2025-12-27 23:55:13,345 | INFO | httpx | HTTP Request: GET https://timesofindia.indiatimes.com/news "HTTP/1.1 200 OK"
2025-12-27 23:55:13,732 | INFO | httpx | HTTP Request: GET https://timesofindia.indiatimes.com/sports "HTTP/1.1 200 OK"
2025-12-27 23:55:14,073 | INFO | httpx | HTTP Request: GET https://timesofindia.indiatimes.com/business "HTTP/1.1 200 OK"
2025-12-27 23:55:14,420 | INFO | httpx | HTTP Request: GET https://timesofindia.indiatimes.com/india "HTTP/1.1 200 OK"
2025-12-27 23:55:14,778 | INFO | httpx | HTTP Request: GET https://timesofindia.indiatimes.com/world "HTTP/1.1 200 OK"
2025-12-27 23:55:15,164 | INFO | httpx | HTTP Request: GET https://timesofindia.indiatimes.com/entertainment/hindi/bollywood/news "HTTP/1.1 200 OK"
2025-12-27 23:55:16,114 | INFO | httpx | HTTP Request: GET https://timesofindia.indiatimes.com/tv "HTTP/1.1 200 OK"
2025-12-27 23:55:16,454 | INFO | httpx | HTTP Request: GET https://timesofindia.indiatimes.com/technology "HTTP/1.1 200 OK"
2025-12-27 23:55:16,849 | INFO | httpx | HTTP Request: GET https://timesofindia.indiatimes.com/travel "HTTP/1.1 301 Moved Permanently"
2025-12-27 23:55:17,179 | INFO | httpx | HTTP Request: GET https://timesofindia.indiatimes.com/travel/ "HTTP/1.1 200 OK"
2025-12-27 23:55:17,505 | INFO | httpx | HTTP Request: GET https://timesofindia.indiatimes.com/travel/ "HTTP/1.1 200 OK"
2025-12-27 23:55:18,600 | INFO | httpx | HTTP Request: GET https://timesofindia.indiatimes.com/business/gold-rates-today/gold-price-in-delhi "HTTP/1.1 200 OK"
2025-12-27 23:55:21,800 | INFO | httpx | HTTP Request: GET https://timesofindia.indiatimes.com/business/silver-rates-today "HTTP/1.1 200 OK"
2025-12-27 23:55:22,319 | INFO | httpx | HTTP Request: GET https://timesofindia.indiatimes.com/business/gold-rates-today "HTTP/1.1 200 OK"
2025-12-27 23:55:25,571 | INFO | httpx | HTTP Request: GET https://timesofindia.indiatimes.com/business/stock-market-holidays "HTTP/1.1 200 OK"
2025-12-27 23:55:26,106 | INFO | httpx | HTTP Request: GET https://timesofindia.indiatimes.com/sports/nfl/schedule "HTTP/1.1 200 OK"
2025-12-27 23:55:28,092 | INFO | httpx | HTTP Request: GET https://timesofindia.indiatimes.com/india/public-holidays "HTTP/1.1 200 OK"
2025-12-27 23:55:30,699 | INFO | __main__ | ✓ [2] T20 World Cup Schedule 2026, Fixtures, Dates&Venue...
2025-12-27 23:55:31,133 | INFO | httpx | HTTP Request: GET https://timesofindia.indiatimes.com/ "HTTP/1.1 200 OK"
2025-12-27 23:55:31,972 | INFO | httpx | HTTP Request: GET https://timesofindia.indiatimes.com/us "HTTP/1.1 200 OK"
2025-12-27 23:55:32,391 | INFO | httpx | HTTP Request: GET https://navbharattimes.indiatimes.com/ "HTTP/1.1 200 OK"
2025-12-27 23:55:32,934 | INFO | httpx | HTTP Request: GET https://marathi.indiatimes.com/ "HTTP/1.1 301 Moved Permanently"
2025-12-27 23:55:33,233 | INFO | httpx | HTTP Request: GET https://maharashtratimes.com/ "HTTP/1.1 200 OK"
2025-12-27 23:55:33,580 | INFO | httpx | HTTP Request: GET https://maharashtratimes.com/ "HTTP/1.1 200 OK"
2025-12-27 23:55:34,352 | INFO | httpx | HTTP Request: GET https://timesofindia.indiatimes.com/weather "HTTP/1.1 200 OK"
2025-12-27 23:55:34,862 | INFO | httpx | HTTP Request: GET https://timesofindia.indiatimes.com "HTTP/1.1 200 OK"
2025-12-27 23:55:38,370 | INFO | httpx | HTTP Request: GET https://timesofindia.indiatimes.com/sports "HTTP/1.1 200 OK"
2025-12-27 23:55:56,343 | INFO | __main__ | Discovering from direct RSS feeds (max: 10)
2025-12-27 23:55:56,343 | INFO | crawler.url_seeder | Fetching news from 31 direct RSS feeds
2025-12-27 23:56:00,066 | INFO | crawler.url_seeder | Fetched 612 articles from 23/31 RSS feeds
2025-12-27 23:56:00,078 | INFO | crawler.url_seeder | Discovered 596 unique URLs from direct RSS feeds
2025-12-27 23:56:00,080 | INFO | __main__ | Found 10 URLs from RSS, 1 new
2025-12-27 23:56:00,080 | INFO | __main__ | Crawling 1 URLs
2025-12-27 23:56:00,081 | INFO | __main__ | Started session: 20251227_235600 (mode: seed_and_crawl)
2025-12-27 23:56:00,565 | INFO | crawler.core_engine | Crawling 1 URLs
2025-12-27 23:56:03,507 | INFO | __main__ | ✓ Crawled: These two restrictions under GRAP-IV to remain per... (score: 0.00)
2025-12-27 23:56:03,556 | WARNING | __main__ | No articles to export
2025-12-27 23:56:06,193 | INFO | httpx | HTTP Request: GET https://timesofindia.indiatimes.com/tv/hindi "HTTP/1.1 200 OK"
2025-12-27 23:56:06,561 | INFO | httpx | HTTP Request: GET https://timesofindia.indiatimes.com/travel/destinations "HTTP/1.1 200 OK"
2025-12-27 23:56:06,905 | INFO | httpx | HTTP Request: GET https://timesofindia.indiatimes.com/etimes "HTTP/1.1 200 OK"
2025-12-27 23:56:07,882 | INFO | httpx | HTTP Request: GET https://timesofindia.indiatimes.com/news "HTTP/1.1 200 OK"
2025-12-27 23:56:08,231 | INFO | httpx | HTTP Request: GET https://timesofindia.indiatimes.com/business "HTTP/1.1 200 OK"
2025-12-27 23:56:08,572 | INFO | httpx | HTTP Request: GET https://timesofindia.indiatimes.com/india "HTTP/1.1 200 OK"
2025-12-27 23:56:08,919 | INFO | httpx | HTTP Request: GET https://timesofindia.indiatimes.com/world "HTTP/1.1 200 OK"
2025-12-27 23:56:09,372 | INFO | httpx | HTTP Request: GET https://timesofindia.indiatimes.com/entertainment/hindi/bollywood/news "HTTP/1.1 200 OK"
2025-12-27 23:56:10,335 | INFO | httpx | HTTP Request: GET https://timesofindia.indiatimes.com/tv "HTTP/1.1 200 OK"
2025-12-27 23:56:10,675 | INFO | httpx | HTTP Request: GET https://timesofindia.indiatimes.com/technology "HTTP/1.1 200 OK"
2025-12-27 23:56:11,025 | INFO | httpx | HTTP Request: GET https://timesofindia.indiatimes.com/travel "HTTP/1.1 301 Moved Permanently"
2025-12-27 23:56:12,096 | INFO | httpx | HTTP Request: GET https://timesofindia.indiatimes.com/life-style/health-fitness/health-news "HTTP/1.1 200 OK"
2025-12-27 23:56:12,435 | INFO | httpx | HTTP Request: GET https://timesofindia.indiatimes.com/business/gold-rates-today/gold-price-in-delhi "HTTP/1.1 200 OK"
2025-12-27 23:56:12,778 | INFO | httpx | HTTP Request: GET https://timesofindia.indiatimes.com/astrology/chinese-horoscope/rat "HTTP/1.1 200 OK"
2025-12-27 23:56:13,129 | INFO | httpx | HTTP Request: GET https://timesofindia.indiatimes.com/business/markets "HTTP/1.1 200 OK"
2025-12-27 23:56:13,485 | INFO | httpx | HTTP Request: GET https://timesofindia.indiatimes.com/astrology "HTTP/1.1 200 OK"
2025-12-27 23:56:13,846 | INFO | httpx | HTTP Request: GET https://timesofindia.indiatimes.com/business/platinum-rates-today "HTTP/1.1 200 OK"
2025-12-27 23:56:14,183 | INFO | httpx | HTTP Request: GET https://timesofindia.indiatimes.com/business/silver-rates-today "HTTP/1.1 200 OK"
2025-12-27 23:56:14,531 | INFO | httpx | HTTP Request: GET https://timesofindia.indiatimes.com/business/gold-rates-today "HTTP/1.1 200 OK"
2025-12-27 23:56:14,867 | INFO | httpx | HTTP Request: GET https://timesofindia.indiatimes.com/business/bank-holidays/is-bank-open-today "HTTP/1.1 200 OK"
2025-12-27 23:56:15,211 | INFO | httpx | HTTP Request: GET https://timesofindia.indiatimes.com/business/bank-holidays/is-bank-open-tomorrow "HTTP/1.1 200 OK"
2025-12-27 23:56:15,586 | INFO | httpx | HTTP Request: GET https://timesofindia.indiatimes.com/business/bank-holidays/december "HTTP/1.1 200 OK"
2025-12-27 23:56:15,930 | INFO | httpx | HTTP Request: GET https://timesofindia.indiatimes.com/india/public-holidays/december "HTTP/1.1 200 OK"
2025-12-27 23:56:16,283 | INFO | httpx | HTTP Request: GET https://timesofindia.indiatimes.com/business/stock-market-holidays "HTTP/1.1 200 OK"
2025-12-27 23:56:16,630 | INFO | httpx | HTTP Request: GET https://timesofindia.indiatimes.com/sports/nfl/schedule "HTTP/1.1 200 OK"
2025-12-27 23:56:16,963 | INFO | httpx | HTTP Request: GET https://timesofindia.indiatimes.com/technology/tech-news "HTTP/1.1 200 OK"
2025-12-27 23:56:17,345 | INFO | httpx | HTTP Request: GET https://timesofindia.indiatimes.com/sports/international-sports "HTTP/1.1 200 OK"
2025-12-27 23:56:17,718 | INFO | httpx | HTTP Request: GET https://timesofindia.indiatimes.com/india/public-holidays "HTTP/1.1 200 OK"
2025-12-27 23:56:18,072 | INFO | httpx | HTTP Request: GET https://timesofindia.indiatimes.com/business/bank-holidays "HTTP/1.1 200 OK"
2025-12-27 23:56:21,067 | INFO | __main__ | ✓ [2] Agra AQI Today | Agra Pollution Level | Air Qualit...
2025-12-27 23:56:21,394 | INFO | httpx | HTTP Request: GET https://timesofindia.indiatimes.com/ "HTTP/1.1 200 OK"
2025-12-27 23:56:21,809 | INFO | httpx | HTTP Request: GET https://timesofindia.indiatimes.com/us "HTTP/1.1 200 OK"
2025-12-27 23:56:22,189 | INFO | httpx | HTTP Request: GET https://navbharattimes.indiatimes.com/ "HTTP/1.1 200 OK"
2025-12-27 23:56:22,565 | INFO | httpx | HTTP Request: GET https://marathi.indiatimes.com/ "HTTP/1.1 301 Moved Permanently"
2025-12-27 23:56:22,907 | INFO | httpx | HTTP Request: GET https://maharashtratimes.com/ "HTTP/1.1 200 OK"
2025-12-27 23:56:24,192 | INFO | httpx | HTTP Request: GET https://timesofindia.indiatimes.com/weather "HTTP/1.1 200 OK"
2025-12-27 23:56:24,625 | INFO | httpx | HTTP Request: GET https://timesofindia.indiatimes.com "HTTP/1.1 200 OK"
2025-12-27 23:56:25,090 | INFO | httpx | HTTP Request: GET https://timesofindia.indiatimes.com/weather/bangalore-aqi-level-air-quality-index-today/3261 "HTTP/1.1 200 OK"
2025-12-27 23:56:25,526 | INFO | httpx | HTTP Request: GET https://timesofindia.indiatimes.com/weather/hyderabad-aqi-level-air-quality-index-today/3288 "HTTP/1.1 200 OK"
2025-12-27 23:56:25,906 | INFO | httpx | HTTP Request: GET https://timesofindia.indiatimes.com/weather/chandigarh-aqi-level-air-quality-index-today/3259 "HTTP/1.1 200 OK"
2025-12-27 23:56:26,276 | INFO | httpx | HTTP Request: GET https://timesofindia.indiatimes.com/weather/pune-aqi-level-air-quality-index-today/3325 "HTTP/1.1 200 OK"
2025-12-27 23:56:26,658 | INFO | httpx | HTTP Request: GET https://timesofindia.indiatimes.com/weather/ahmedabad-aqi-level-air-quality-index-today/3252 "HTTP/1.1 200 OK"
2025-12-27 23:56:27,017 | INFO | httpx | HTTP Request: GET https://timesofindia.indiatimes.com/weather/lucknow-aqi-level-air-quality-index-today/3267 "HTTP/1.1 200 OK"
2025-12-27 23:56:28,378 | INFO | httpx | HTTP Request: GET https://timesofindia.indiatimes.com/weather/noida-aqi-level-air-quality-index-today/3319 "HTTP/1.1 200 OK"
2025-12-27 23:56:41,394 | INFO | __main__ | Discovering from Google News RSS (max: 20)
2025-12-27 23:56:41,394 | INFO | crawler.url_seeder | Fetching news from 5 Google News RSS feeds
2025-12-27 23:56:42,041 | INFO | crawler.url_seeder | Parsed 14 articles from Google News RSS
2025-12-27 23:56:42,305 | INFO | crawler.url_seeder | Parsed 14 articles from Google News RSS
2025-12-27 23:56:42,362 | INFO | crawler.url_seeder | Parsed 14 articles from Google News RSS
2025-12-27 23:56:43,089 | INFO | crawler.url_seeder | Parsed 14 articles from Google News RSS
2025-12-27 23:56:43,325 | INFO | crawler.url_seeder | Parsed 14 articles from Google News RSS
2025-12-27 23:56:43,325 | INFO | crawler.url_seeder | Total articles from Google News: 70
2025-12-27 23:56:47,162 | INFO | crawler.url_seeder | Discovered 70 unique URLs from Google News
2025-12-27 23:56:47,165 | INFO | __main__ | Found 20 URLs from Google News, 19 new
2025-12-27 23:56:47,165 | INFO | __main__ | Crawling 19 URLs
2025-12-27 23:56:47,165 | INFO | __main__ | Started session: 20251227_235647 (mode: seed_and_crawl)
2025-12-27 23:56:47,602 | INFO | crawler.core_engine | Crawling 19 URLs
2025-12-27 23:56:49,215 | INFO | __main__ | ✓ Crawled: Google News... (score: 0.00)
2025-12-27 23:57:14,603 | INFO | httpx | HTTP Request: GET https://timesofindia.indiatimes.com/weather/bhusawal-aqi-level-air-quality-index-today/1151 "HTTP/1.1 200 OK"
2025-12-27 23:57:24,499 | WARNING | __main__ | No articles to export
2025-12-27 23:58:18,337 | INFO | httpx | HTTP Request: GET https://timesofindia.indiatimes.com/weather/jaipur-aqi-level-air-quality-index-today/3302 "HTTP/1.1 200 OK"
2025-12-27 23:59:16,319 | INFO | __main__ | Discovering from Google News RSS (max: 20)
2025-12-27 23:59:16,319 | INFO | crawler.url_seeder | Fetching news from 5 Google News RSS feeds
2025-12-27 23:59:16,940 | INFO | crawler.url_seeder | Parsed 14 articles from Google News RSS
2025-12-27 23:59:16,944 | INFO | crawler.url_seeder | Parsed 14 articles from Google News RSS
2025-12-27 23:59:17,267 | INFO | crawler.url_seeder | Parsed 14 articles from Google News RSS
2025-12-27 23:59:17,276 | INFO | crawler.url_seeder | Parsed 14 articles from Google News RSS
2025-12-27 23:59:17,337 | INFO | crawler.url_seeder | Parsed 14 articles from Google News RSS
2025-12-27 23:59:17,337 | INFO | crawler.url_seeder | Total articles from Google News: 70
2025-12-27 23:59:21,251 | INFO | crawler.url_seeder | Discovered 70 unique URLs from Google News
2025-12-27 23:59:21,253 | INFO | __main__ | Found 20 URLs from Google News, 18 new
2025-12-27 23:59:21,253 | INFO | __main__ | Crawling 18 URLs
2025-12-27 23:59:21,253 | INFO | __main__ | Started session: 20251227_235921 (mode: seed_and_crawl)
2025-12-27 23:59:21,695 | INFO | crawler.core_engine | Crawling 18 URLs
2025-12-27 23:59:24,435 | INFO | __main__ | ✓ Crawled: Google News... (score: 0.00)
2025-12-28 00:00:03,741 | INFO | __main__ | Exported 100 articles to: output/exported_20251228_000003.jsonl
2025-12-28 00:00:54,152 | INFO | httpx | HTTP Request: GET https://www.indiatimes.com/termsandcondition "HTTP/1.1 200 OK"
2025-12-28 00:00:55,757 | INFO | httpx | HTTP Request: GET https://timesofindia.indiatimes.com/tv/hindi "HTTP/1.1 200 OK"
2025-12-28 00:00:56,126 | INFO | httpx | HTTP Request: GET https://timesofindia.indiatimes.com/travel/destinations "HTTP/1.1 200 OK"
2025-12-28 00:00:58,953 | INFO | httpx | HTTP Request: GET https://timesofindia.indiatimes.com/business "HTTP/1.1 200 OK"
2025-12-28 00:00:59,308 | INFO | httpx | HTTP Request: GET https://timesofindia.indiatimes.com/india "HTTP/1.1 200 OK"
2025-12-28 00:00:59,647 | INFO | httpx | HTTP Request: GET https://timesofindia.indiatimes.com/world "HTTP/1.1 200 OK"
2025-12-28 00:01:00,246 | INFO | httpx | HTTP Request: GET https://timesofindia.indiatimes.com/entertainment/hindi/bollywood/news "HTTP/1.1 200 OK"
2025-12-28 00:01:01,814 | INFO | httpx | HTTP Request: GET https://timesofindia.indiatimes.com/technology "HTTP/1.1 200 OK"
2025-12-28 00:01:02,190 | INFO | httpx | HTTP Request: GET https://timesofindia.indiatimes.com/travel "HTTP/1.1 301 Moved Permanently"
2025-12-28 00:01:02,574 | INFO | httpx | HTTP Request: GET https://timesofindia.indiatimes.com/travel/ "HTTP/1.1 200 OK"
2025-12-28 00:01:02,894 | INFO | httpx | HTTP Request: GET https://timesofindia.indiatimes.com/travel/ "HTTP/1.1 200 OK"
2025-12-28 00:01:03,484 | INFO | httpx | HTTP Request: GET https://timesofindia.indiatimes.com/life-style/health-fitness/health-news "HTTP/1.1 200 OK"
2025-12-28 00:01:03,830 | INFO | httpx | HTTP Request: GET https://timesofindia.indiatimes.com/business/gold-rates-today/gold-price-in-delhi "HTTP/1.1 200 OK"
2025-12-28 00:01:04,197 | INFO | httpx | HTTP Request: GET https://timesofindia.indiatimes.com/astrology/chinese-horoscope/rat "HTTP/1.1 200 OK"
2025-12-28 00:01:04,553 | INFO | httpx | HTTP Request: GET https://timesofindia.indiatimes.com/business/markets "HTTP/1.1 200 OK"
2025-12-28 00:01:04,906 | INFO | httpx | HTTP Request: GET https://timesofindia.indiatimes.com/astrology "HTTP/1.1 200 OK"
2025-12-28 00:01:05,241 | INFO | httpx | HTTP Request: GET https://timesofindia.indiatimes.com/business/platinum-rates-today "HTTP/1.1 200 OK"
2025-12-28 00:01:05,573 | INFO | httpx | HTTP Request: GET https://timesofindia.indiatimes.com/business/silver-rates-today "HTTP/1.1 200 OK"
2025-12-28 00:01:05,907 | INFO | httpx | HTTP Request: GET https://timesofindia.indiatimes.com/business/gold-rates-today "HTTP/1.1 200 OK"
2025-12-28 00:01:06,238 | INFO | httpx | HTTP Request: GET https://timesofindia.indiatimes.com/business/bank-holidays/is-bank-open-today "HTTP/1.1 200 OK"
2025-12-28 00:01:06,576 | INFO | httpx | HTTP Request: GET https://timesofindia.indiatimes.com/business/bank-holidays/is-bank-open-tomorrow "HTTP/1.1 200 OK"
2025-12-28 00:01:07,523 | INFO | httpx | HTTP Request: GET https://timesofindia.indiatimes.com/india/public-holidays/december "HTTP/1.1 200 OK"
2025-12-28 00:01:08,504 | INFO | httpx | HTTP Request: GET https://timesofindia.indiatimes.com/sports/nfl/schedule "HTTP/1.1 200 OK"
2025-12-28 00:01:08,839 | INFO | httpx | HTTP Request: GET https://timesofindia.indiatimes.com/technology/tech-news "HTTP/1.1 200 OK"
2025-12-28 00:01:09,180 | INFO | httpx | HTTP Request: GET https://timesofindia.indiatimes.com/sports/international-sports "HTTP/1.1 200 OK"
2025-12-28 00:01:09,531 | INFO | httpx | HTTP Request: GET https://timesofindia.indiatimes.com/india/public-holidays "HTTP/1.1 200 OK"
2025-12-28 00:01:13,102 | INFO | __main__ | ✓ [2] Ahmedabad AQI Today | Ahmedabad Pollution Level | ...
2025-12-28 00:01:13,438 | INFO | httpx | HTTP Request: GET https://timesofindia.indiatimes.com/ "HTTP/1.1 200 OK"
2025-12-28 00:01:13,841 | INFO | httpx | HTTP Request: GET https://timesofindia.indiatimes.com/us "HTTP/1.1 200 OK"
2025-12-28 00:01:14,224 | INFO | httpx | HTTP Request: GET https://navbharattimes.indiatimes.com/ "HTTP/1.1 200 OK"
2025-12-28 00:01:15,229 | INFO | httpx | HTTP Request: GET https://timesofindia.indiatimes.com/weather "HTTP/1.1 200 OK"
2025-12-28 00:01:15,581 | INFO | httpx | HTTP Request: GET https://timesofindia.indiatimes.com "HTTP/1.1 200 OK"
2025-12-28 00:01:15,949 | INFO | httpx | HTTP Request: GET https://timesofindia.indiatimes.com/weather/hyderabad-aqi-level-air-quality-index-today/3288 "HTTP/1.1 200 OK"
2025-12-28 00:01:16,896 | INFO | httpx | HTTP Request: GET https://timesofindia.indiatimes.com/weather/pune-aqi-level-air-quality-index-today/3325 "HTTP/1.1 200 OK"
2025-12-28 00:01:17,255 | INFO | httpx | HTTP Request: GET https://timesofindia.indiatimes.com/weather/lucknow-aqi-level-air-quality-index-today/3267 "HTTP/1.1 200 OK"
2025-12-28 00:01:17,750 | INFO | httpx | HTTP Request: GET https://timesofindia.indiatimes.com/weather/vadodara-aqi-level-air-quality-index-today/undefined "HTTP/1.1 404 Not Found"
2025-12-28 00:01:19,934 | INFO | httpx | HTTP Request: GET https://timesofindia.indiatimes.com/weather/abohar-aqi-level-air-quality-index-today/1050 "HTTP/1.1 200 OK"
2025-12-28 00:01:20,916 | INFO | httpx | HTTP Request: GET https://timesofindia.indiatimes.com/weather/addanki-aqi-level-air-quality-index-today/1225 "HTTP/1.1 200 OK"
2025-12-28 00:01:21,275 | INFO | httpx | HTTP Request: GET https://timesofindia.indiatimes.com/weather/adilabad-aqi-level-air-quality-index-today/1231 "HTTP/1.1 200 OK"
2025-12-28 00:01:21,622 | INFO | httpx | HTTP Request: GET https://timesofindia.indiatimes.com/weather/adoni-aqi-level-air-quality-index-today/1327 "HTTP/1.1 200 OK"
2025-12-28 00:01:23,243 | INFO | httpx | HTTP Request: GET https://timesofindia.indiatimes.com/weather/shillong-aqi-level-air-quality-index-today/1193 "HTTP/1.1 301 Moved Permanently"
2025-12-28 00:01:23,581 | INFO | httpx | HTTP Request: GET https://timesofindia.indiatimes.com/weather/shillong-aqi-level-air-quality-index-today/3369 "HTTP/1.1 200 OK"
2025-12-28 00:01:24,187 | INFO | httpx | HTTP Request: GET https://timesofindia.indiatimes.com/weather/shillong-aqi-level-air-quality-index-today/3369 "HTTP/1.1 200 OK"
2025-12-28 00:01:27,156 | INFO | httpx | HTTP Request: GET https://timesofindia.indiatimes.com/weather/alleppey-aqi-level-air-quality-index-today/1009 "HTTP/1.1 200 OK"
2025-12-28 00:01:27,662 | INFO | httpx | HTTP Request: GET https://timesofindia.indiatimes.com/weather/alwar-aqi-level-air-quality-index-today/3277 "HTTP/1.1 200 OK"
2025-12-28 00:01:28,011 | INFO | httpx | HTTP Request: GET https://timesofindia.indiatimes.com/weather/amalapuram-aqi-level-air-quality-index-today/1241 "HTTP/1.1 200 OK"
2025-12-28 00:01:28,373 | INFO | httpx | HTTP Request: GET https://timesofindia.indiatimes.com/weather/amarkantak-aqi-level-air-quality-index-today/1172 "HTTP/1.1 200 OK"
2025-12-28 00:01:28,732 | INFO | httpx | HTTP Request: GET https://timesofindia.indiatimes.com/weather/ambala-aqi-level-air-quality-index-today/3322 "HTTP/1.1 200 OK"
2025-12-28 00:01:29,135 | INFO | httpx | HTTP Request: GET https://timesofindia.indiatimes.com/weather/amravati-aqi-level-air-quality-index-today/3453 "HTTP/1.1 200 OK"
2025-12-28 00:01:29,475 | INFO | httpx | HTTP Request: GET https://timesofindia.indiatimes.com/weather/amritsar-aqi-level-air-quality-index-today/3386 "HTTP/1.1 200 OK"
2025-12-28 00:01:29,827 | INFO | httpx | HTTP Request: GET https://timesofindia.indiatimes.com/weather/amudalavalasa-aqi-level-air-quality-index-today/1216 "HTTP/1.1 200 OK"
2025-12-28 00:01:31,390 | INFO | httpx | HTTP Request: GET https://timesofindia.indiatimes.com/weather/angamali-aqi-level-air-quality-index-today/1092 "HTTP/1.1 200 OK"
2025-12-28 00:01:31,747 | INFO | httpx | HTTP Request: GET https://timesofindia.indiatimes.com/weather/ankleshwar-aqi-level-air-quality-index-today/3412 "HTTP/1.1 200 OK"
2025-12-28 00:01:32,085 | INFO | httpx | HTTP Request: GET https://timesofindia.indiatimes.com/weather/armur-aqi-level-air-quality-index-today/1052 "HTTP/1.1 200 OK"
2025-12-28 00:01:32,423 | INFO | httpx | HTTP Request: GET https://timesofindia.indiatimes.com/weather/asansol-aqi-level-air-quality-index-today/3492 "HTTP/1.1 200 OK"
2025-12-28 00:01:50,203 | INFO | httpx | HTTP Request: GET https://timesofindia.indiatimes.com/weather/bharatpur-aqi-level-air-quality-index-today/3296 "HTTP/1.1 200 OK"
2025-12-28 00:01:51,147 | INFO | httpx | HTTP Request: GET https://timesofindia.indiatimes.com/weather/bhavnagar-aqi-level-air-quality-index-today/1306 "HTTP/1.1 200 OK"
2025-12-28 00:01:52,128 | INFO | httpx | HTTP Request: GET https://timesofindia.indiatimes.com/weather/bhilai-aqi-level-air-quality-index-today/3335 "HTTP/1.1 200 OK"
2025-12-28 00:01:52,462 | INFO | httpx | HTTP Request: GET https://timesofindia.indiatimes.com/weather/bhilwara-aqi-level-air-quality-index-today/3488 "HTTP/1.1 200 OK"
2025-12-28 00:01:52,814 | INFO | httpx | HTTP Request: GET https://timesofindia.indiatimes.com/weather/bhimavaram-aqi-level-air-quality-index-today/1363 "HTTP/1.1 200 OK"
2025-12-28 00:01:53,165 | INFO | httpx | HTTP Request: GET https://timesofindia.indiatimes.com/weather/bhimunipatnam-aqi-level-air-quality-index-today/1146 "HTTP/1.1 200 OK"
2025-12-28 00:01:53,508 | INFO | httpx | HTTP Request: GET https://timesofindia.indiatimes.com/weather/bhiwadi-aqi-level-air-quality-index-today/3342 "HTTP/1.1 200 OK"
2025-12-28 00:01:53,846 | INFO | httpx | HTTP Request: GET https://timesofindia.indiatimes.com/weather/bhiwandi-aqi-level-air-quality-index-today/3491 "HTTP/1.1 200 OK"
2025-12-28 00:01:54,187 | INFO | httpx | HTTP Request: GET https://timesofindia.indiatimes.com/weather/bhiwani-aqi-level-air-quality-index-today/3468 "HTTP/1.1 200 OK"
2025-12-28 00:01:54,544 | INFO | httpx | HTTP Request: GET https://timesofindia.indiatimes.com/weather/bhopal-aqi-level-air-quality-index-today/3298 "HTTP/1.1 200 OK"
2025-12-28 00:01:54,888 | INFO | httpx | HTTP Request: GET https://timesofindia.indiatimes.com/weather/bhubaneswar-aqi-level-air-quality-index-today/3501 "HTTP/1.1 200 OK"
2025-12-28 00:01:55,250 | INFO | httpx | HTTP Request: GET https://timesofindia.indiatimes.com/weather/bhuj-aqi-level-air-quality-index-today/1159 "HTTP/1.1 200 OK"
2025-12-28 00:01:55,603 | INFO | httpx | HTTP Request: GET https://timesofindia.indiatimes.com/weather/bhusawal-aqi-level-air-quality-index-today/1151 "HTTP/1.1 200 OK"
2025-12-28 00:01:57,169 | INFO | httpx | HTTP Request: GET https://timesofindia.indiatimes.com/weather/bikaner-aqi-level-air-quality-index-today/3346 "HTTP/1.1 200 OK"
2025-12-28 00:01:57,512 | INFO | httpx | HTTP Request: GET https://timesofindia.indiatimes.com/weather/bilaspur-aqi-level-air-quality-index-today/3439 "HTTP/1.1 200 OK"
2025-12-28 00:01:57,866 | INFO | httpx | HTTP Request: GET https://timesofindia.indiatimes.com/weather/bishnupur-aqi-level-air-quality-index-today/1030 "HTTP/1.1 200 OK"
2025-12-28 00:01:58,221 | INFO | httpx | HTTP Request: GET https://timesofindia.indiatimes.com/weather/bobbili-aqi-level-air-quality-index-today/1013 "HTTP/1.1 200 OK"
2025-12-28 00:01:58,573 | INFO | httpx | HTTP Request: GET https://timesofindia.indiatimes.com/weather/bodhan-aqi-level-air-quality-index-today/1107 "HTTP/1.1 200 OK"
2025-12-28 00:01:58,917 | INFO | httpx | HTTP Request: GET https://timesofindia.indiatimes.com/weather/bodupal-aqi-level-air-quality-index-today/1160 "HTTP/1.1 200 OK"
2025-12-28 00:01:59,254 | INFO | httpx | HTTP Request: GET https://timesofindia.indiatimes.com/weather/brahmapur-aqi-level-air-quality-index-today/1194 "HTTP/1.1 200 OK"
2025-12-28 00:01:59,603 | INFO | httpx | HTTP Request: GET https://timesofindia.indiatimes.com/weather/budaun-aqi-level-air-quality-index-today/1382 "HTTP/1.1 200 OK"
2025-12-28 00:02:00,560 | INFO | httpx | HTTP Request: GET https://timesofindia.indiatimes.com/weather/burhanpur-aqi-level-air-quality-index-today/1249 "HTTP/1.1 200 OK"
2025-12-28 00:02:00,920 | INFO | httpx | HTTP Request: GET https://timesofindia.indiatimes.com/weather/calicut-aqi-level-air-quality-index-today/3377 "HTTP/1.1 200 OK"
2025-12-28 00:02:01,869 | INFO | httpx | HTTP Request: GET https://timesofindia.indiatimes.com/weather/champdani-aqi-level-air-quality-index-today/1355 "HTTP/1.1 200 OK"
2025-12-28 00:02:02,812 | INFO | httpx | HTTP Request: GET https://timesofindia.indiatimes.com/weather/chandannagar-aqi-level-air-quality-index-today/1042 "HTTP/1.1 200 OK"
2025-12-28 00:02:03,768 | INFO | httpx | HTTP Request: GET https://timesofindia.indiatimes.com/weather/chicacole-aqi-level-air-quality-index-today/1358 "HTTP/1.1 200 OK"
2025-12-28 00:02:05,942 | INFO | httpx | HTTP Request: GET https://timesofindia.indiatimes.com/weather/chimakurti-aqi-level-air-quality-index-today/1412 "HTTP/1.1 200 OK"
2025-12-28 00:02:06,288 | INFO | httpx | HTTP Request: GET https://timesofindia.indiatimes.com/weather/chinchwad-aqi-level-air-quality-index-today/3356 "HTTP/1.1 200 OK"
2025-12-28 00:02:07,278 | INFO | httpx | HTTP Request: GET https://timesofindia.indiatimes.com/weather/chittaurgarh-aqi-level-air-quality-index-today/3445 "HTTP/1.1 200 OK"
2025-12-28 00:02:07,638 | INFO | httpx | HTTP Request: GET https://timesofindia.indiatimes.com/weather/chittoor-aqi-level-air-quality-index-today/3339 "HTTP/1.1 200 OK"
2025-12-28 00:02:07,975 | INFO | httpx | HTTP Request: GET https://timesofindia.indiatimes.com/weather/churu-aqi-level-air-quality-index-today/3401 "HTTP/1.1 200 OK"
2025-12-28 00:02:08,327 | INFO | httpx | HTTP Request: GET https://timesofindia.indiatimes.com/weather/coimbatore-aqi-level-air-quality-index-today/3311 "HTTP/1.1 200 OK"
2025-12-28 00:02:09,285 | INFO | httpx | HTTP Request: GET https://timesofindia.indiatimes.com/weather/cuddalore-aqi-level-air-quality-index-today/3310 "HTTP/1.1 200 OK"
2025-12-28 00:02:10,840 | INFO | httpx | HTTP Request: GET https://timesofindia.indiatimes.com/weather/cuttack-aqi-level-air-quality-index-today/3506 "HTTP/1.1 200 OK"
2025-12-28 00:02:11,793 | INFO | httpx | HTTP Request: GET https://timesofindia.indiatimes.com/weather/darjeeling-aqi-level-air-quality-index-today/1242 "HTTP/1.1 200 OK"
2025-12-28 00:02:12,151 | INFO | httpx | HTTP Request: GET https://timesofindia.indiatimes.com/weather/davangere-aqi-level-air-quality-index-today/3469 "HTTP/1.1 200 OK"
2025-12-28 00:02:12,495 | INFO | httpx | HTTP Request: GET https://timesofindia.indiatimes.com/weather/dehradun-aqi-level-air-quality-index-today/3271 "HTTP/1.1 200 OK"
2025-12-28 00:02:12,831 | INFO | httpx | HTTP Request: GET https://timesofindia.indiatimes.com/weather/deo-aqi-level-air-quality-index-today/1008 "HTTP/1.1 200 OK"
2025-12-28 00:02:13,186 | INFO | httpx | HTTP Request: GET https://timesofindia.indiatimes.com/weather/devarakonda-aqi-level-air-quality-index-today/1347 "HTTP/1.1 200 OK"
2025-12-28 00:02:13,539 | INFO | httpx | HTTP Request: GET https://timesofindia.indiatimes.com/weather/dhanbad-aqi-level-air-quality-index-today/3299 "HTTP/1.1 200 OK"
2025-12-28 00:02:13,878 | INFO | httpx | HTTP Request: GET https://timesofindia.indiatimes.com/weather/dharamshala-aqi-level-air-quality-index-today/1186 "HTTP/1.1 200 OK"
2025-12-28 00:02:14,818 | INFO | httpx | HTTP Request: GET https://timesofindia.indiatimes.com/weather/dholka-aqi-level-air-quality-index-today/1329 "HTTP/1.1 200 OK"
2025-12-28 00:02:16,978 | INFO | httpx | HTTP Request: GET https://timesofindia.indiatimes.com/weather/dispur-aqi-level-air-quality-index-today/1349 "HTTP/1.1 200 OK"
2025-12-28 00:02:17,921 | INFO | httpx | HTTP Request: GET https://timesofindia.indiatimes.com/weather/draksharama-aqi-level-air-quality-index-today/1440 "HTTP/1.1 200 OK"
2025-12-28 00:02:19,224 | INFO | __main__ | Discovering from Google News RSS (max: 20)
2025-12-28 00:02:19,224 | INFO | crawler.url_seeder | Fetching news from 5 Google News RSS feeds
2025-12-28 00:02:19,487 | INFO | httpx | HTTP Request: GET https://timesofindia.indiatimes.com/weather/dum-dum-aqi-level-air-quality-index-today/1272 "HTTP/1.1 200 OK"
2025-12-28 00:02:19,832 | INFO | httpx | HTTP Request: GET https://timesofindia.indiatimes.com/weather/durg-aqi-level-air-quality-index-today/1304 "HTTP/1.1 200 OK"
2025-12-28 00:02:19,887 | INFO | crawler.url_seeder | Parsed 14 articles from Google News RSS
2025-12-28 00:02:19,982 | INFO | crawler.url_seeder | Parsed 14 articles from Google News RSS
2025-12-28 00:02:20,170 | INFO | httpx | HTTP Request: GET https://timesofindia.indiatimes.com/weather/durgapur-aqi-level-air-quality-index-today/3392 "HTTP/1.1 200 OK"
2025-12-28 00:02:20,188 | INFO | crawler.url_seeder | Parsed 14 articles from Google News RSS
2025-12-28 00:02:20,885 | INFO | crawler.url_seeder | Parsed 14 articles from Google News RSS
2025-12-28 00:02:21,132 | INFO | httpx | HTTP Request: GET https://timesofindia.indiatimes.com/weather/eluru-aqi-level-air-quality-index-today/1274 "HTTP/1.1 200 OK"
2025-12-28 00:02:21,203 | INFO | crawler.url_seeder | Parsed 14 articles from Google News RSS
2025-12-28 00:02:21,203 | INFO | crawler.url_seeder | Total articles from Google News: 70
2025-12-28 00:02:21,806 | INFO | httpx | HTTP Request: GET https://timesofindia.indiatimes.com/weather/emmiganur-aqi-level-air-quality-index-today/1258 "HTTP/1.1 200 OK"
2025-12-28 00:02:22,610 | INFO | httpx | HTTP Request: GET https://timesofindia.indiatimes.com/weather/erode-aqi-level-air-quality-index-today/1074 "HTTP/1.1 200 OK"
2025-12-28 00:02:23,013 | INFO | httpx | HTTP Request: GET https://timesofindia.indiatimes.com/weather/etawah-aqi-level-air-quality-index-today/1331 "HTTP/1.1 200 OK"
2025-12-28 00:02:23,381 | INFO | httpx | HTTP Request: GET https://timesofindia.indiatimes.com/weather/faizabad-aqi-level-air-quality-index-today/1023 "HTTP/1.1 200 OK"
2025-12-28 00:02:23,767 | INFO | httpx | HTTP Request: GET https://timesofindia.indiatimes.com/weather/faridabad-aqi-level-air-quality-index-today/3266 "HTTP/1.1 200 OK"
2025-12-28 00:02:24,156 | INFO | httpx | HTTP Request: GET https://timesofindia.indiatimes.com/weather/fatehpur-aqi-level-air-quality-index-today/1316 "HTTP/1.1 200 OK"
2025-12-28 00:02:24,512 | INFO | httpx | HTTP Request: GET https://timesofindia.indiatimes.com/weather/fatehpur-sikri-aqi-level-air-quality-index-today/1145 "HTTP/1.1 200 OK"
2025-12-28 00:02:24,863 | INFO | httpx | HTTP Request: GET https://timesofindia.indiatimes.com/weather/firozabad-aqi-level-air-quality-index-today/3374 "HTTP/1.1 200 OK"
2025-12-28 00:02:25,219 | INFO | httpx | HTTP Request: GET https://timesofindia.indiatimes.com/weather/fyzabad-aqi-level-air-quality-index-today/1398 "HTTP/1.1 200 OK"
2025-12-28 00:02:25,585 | INFO | crawler.url_seeder | Discovered 70 unique URLs from Google News
2025-12-28 00:02:25,587 | INFO | __main__ | Found 20 URLs from Google News, 17 new
2025-12-28 00:02:25,587 | INFO | __main__ | Crawling 17 URLs
2025-12-28 00:02:25,588 | INFO | __main__ | Started session: 20251228_000225 (mode: seed_and_crawl)
2025-12-28 00:02:25,620 | INFO | httpx | HTTP Request: GET https://timesofindia.indiatimes.com/weather/gadwal-aqi-level-air-quality-index-today/1295 "HTTP/1.1 200 OK"
2025-12-28 00:02:25,965 | INFO | httpx | HTTP Request: GET https://timesofindia.indiatimes.com/weather/gandhinagar-aqi-level-air-quality-index-today/3420 "HTTP/1.1 200 OK"
2025-12-28 00:02:26,112 | INFO | crawler.core_engine | Crawling 17 URLs
2025-12-28 00:02:26,406 | INFO | httpx | HTTP Request: GET https://timesofindia.indiatimes.com/weather/ganganagar-aqi-level-air-quality-index-today/3404 "HTTP/1.1 200 OK"
2025-12-28 00:02:27,476 | INFO | httpx | HTTP Request: GET https://timesofindia.indiatimes.com/weather/gauripur-aqi-level-air-quality-index-today/1396 "HTTP/1.1 200 OK"
2025-12-28 00:02:27,865 | INFO | httpx | HTTP Request: GET https://timesofindia.indiatimes.com/weather/gaya-aqi-level-air-quality-index-today/3241 "HTTP/1.1 200 OK"
2025-12-28 00:02:28,209 | INFO | httpx | HTTP Request: GET https://timesofindia.indiatimes.com/weather/ghaziabad-aqi-level-air-quality-index-today/3262 "HTTP/1.1 200 OK"
2025-12-28 00:02:29,137 | INFO | __main__ | ✓ Crawled: Google News... (score: 0.00)
2025-12-28 00:02:30,380 | INFO | httpx | HTTP Request: GET https://timesofindia.indiatimes.com/weather/gudivada-aqi-level-air-quality-index-today/1190 "HTTP/1.1 200 OK"
2025-12-28 00:02:30,712 | INFO | httpx | HTTP Request: GET https://timesofindia.indiatimes.com/weather/gulbarga-aqi-level-air-quality-index-today/3371 "HTTP/1.1 200 OK"
2025-12-28 00:02:31,053 | INFO | httpx | HTTP Request: GET https://timesofindia.indiatimes.com/weather/guntakal-aqi-level-air-quality-index-today/1011 "HTTP/1.1 200 OK"
2025-12-28 00:02:31,996 | INFO | httpx | HTTP Request: GET https://timesofindia.indiatimes.com/weather/guwahati-aqi-level-air-quality-index-today/3281 "HTTP/1.1 200 OK"
2025-12-28 00:02:32,335 | INFO | httpx | HTTP Request: GET https://timesofindia.indiatimes.com/weather/gwalior-aqi-level-air-quality-index-today/3314 "HTTP/1.1 200 OK"
2025-12-28 00:02:32,680 | INFO | httpx | HTTP Request: GET https://timesofindia.indiatimes.com/weather/habra-aqi-level-air-quality-index-today/1407 "HTTP/1.1 200 OK"
2025-12-28 00:02:33,030 | INFO | httpx | HTTP Request: GET https://timesofindia.indiatimes.com/weather/haldia-aqi-level-air-quality-index-today/3454 "HTTP/1.1 200 OK"
2025-12-28 00:02:33,368 | INFO | httpx | HTTP Request: GET https://timesofindia.indiatimes.com/weather/halisahar-aqi-level-air-quality-index-today/1223 "HTTP/1.1 200 OK"
2025-12-28 00:02:33,703 | INFO | httpx | HTTP Request: GET https://timesofindia.indiatimes.com/weather/handwara-aqi-level-air-quality-index-today/1369 "HTTP/1.1 200 OK"
2025-12-28 00:02:34,079 | INFO | httpx | HTTP Request: GET https://timesofindia.indiatimes.com/weather/hapur-aqi-level-air-quality-index-today/3466 "HTTP/1.1 200 OK"
2025-12-28 00:02:34,433 | INFO | httpx | HTTP Request: GET https://timesofindia.indiatimes.com/weather/haripur-aqi-level-air-quality-index-today/1177 "HTTP/1.1 200 OK"
2025-12-28 00:02:35,386 | INFO | httpx | HTTP Request: GET https://timesofindia.indiatimes.com/weather/hathras-aqi-level-air-quality-index-today/1289 "HTTP/1.1 200 OK"
2025-12-28 00:02:36,332 | INFO | httpx | HTTP Request: GET https://timesofindia.indiatimes.com/weather/hisar-aqi-level-air-quality-index-today/3330 "HTTP/1.1 200 OK"
2025-12-28 00:02:36,729 | INFO | httpx | HTTP Request: GET https://timesofindia.indiatimes.com/weather/hospet-aqi-level-air-quality-index-today/1298 "HTTP/1.1 200 OK"
2025-12-28 00:02:37,067 | INFO | httpx | HTTP Request: GET https://timesofindia.indiatimes.com/weather/howrah-aqi-level-air-quality-index-today/3357 "HTTP/1.1 200 OK"
2025-12-28 00:02:37,408 | INFO | httpx | HTTP Request: GET https://timesofindia.indiatimes.com/weather/hubballi-aqi-level-air-quality-index-today/3336 "HTTP/1.1 200 OK"
2025-12-28 00:02:37,760 | INFO | httpx | HTTP Request: GET https://timesofindia.indiatimes.com/weather/hugli-aqi-level-air-quality-index-today/1232 "HTTP/1.1 200 OK"
2025-12-28 00:02:38,099 | INFO | httpx | HTTP Request: GET https://timesofindia.indiatimes.com/weather/ichalkaranji-aqi-level-air-quality-index-today/1436 "HTTP/1.1 200 OK"
2025-12-28 00:02:38,440 | INFO | httpx | HTTP Request: GET https://timesofindia.indiatimes.com/weather/imphal-aqi-level-air-quality-index-today/3456 "HTTP/1.1 200 OK"
2025-12-28 00:02:38,789 | INFO | httpx | HTTP Request: GET https://timesofindia.indiatimes.com/weather/indore-aqi-level-air-quality-index-today/3348 "HTTP/1.1 200 OK"
2025-12-28 00:02:39,734 | INFO | httpx | HTTP Request: GET https://timesofindia.indiatimes.com/weather/jabalpur-aqi-level-air-quality-index-today/3308 "HTTP/1.1 200 OK"
2025-12-28 00:02:40,088 | INFO | httpx | HTTP Request: GET https://timesofindia.indiatimes.com/weather/jaggayyapeta-aqi-level-air-quality-index-today/1203 "HTTP/1.1 200 OK"
2025-12-28 00:02:40,440 | INFO | httpx | HTTP Request: GET https://timesofindia.indiatimes.com/weather/jagtial-aqi-level-air-quality-index-today/1204 "HTTP/1.1 200 OK"
2025-12-28 00:02:40,780 | INFO | httpx | HTTP Request: GET https://timesofindia.indiatimes.com/weather/jaipur-aqi-level-air-quality-index-today/3302 "HTTP/1.1 200 OK"
2025-12-28 00:02:41,123 | INFO | httpx | HTTP Request: GET https://timesofindia.indiatimes.com/weather/jaisalmer-aqi-level-air-quality-index-today/3307 "HTTP/1.1 200 OK"
2025-12-28 00:02:41,484 | INFO | httpx | HTTP Request: GET https://timesofindia.indiatimes.com/weather/jalandhar-aqi-level-air-quality-index-today/3387 "HTTP/1.1 200 OK"
2025-12-28 00:02:41,833 | INFO | httpx | HTTP Request: GET https://timesofindia.indiatimes.com/weather/jalgaon-aqi-level-air-quality-index-today/3449 "HTTP/1.1 200 OK"
2025-12-28 00:02:42,188 | INFO | httpx | HTTP Request: GET https://timesofindia.indiatimes.com/weather/jalor-aqi-level-air-quality-index-today/3455 "HTTP/1.1 200 OK"
2025-12-28 00:02:43,758 | INFO | httpx | HTTP Request: GET https://timesofindia.indiatimes.com/weather/jammu-aqi-level-air-quality-index-today/1031 "HTTP/1.1 200 OK"
2025-12-28 00:02:44,137 | INFO | httpx | HTTP Request: GET https://timesofindia.indiatimes.com/weather/jamnagar-aqi-level-air-quality-index-today/1148 "HTTP/1.1 200 OK"
2025-12-28 00:02:44,521 | INFO | httpx | HTTP Request: GET https://timesofindia.indiatimes.com/weather/jamshedpur-aqi-level-air-quality-index-today/1429 "HTTP/1.1 200 OK"
2025-12-28 00:02:44,905 | INFO | httpx | HTTP Request: GET https://timesofindia.indiatimes.com/weather/jamuria-aqi-level-air-quality-index-today/1070 "HTTP/1.1 200 OK"
2025-12-28 00:02:45,278 | INFO | httpx | HTTP Request: GET https://timesofindia.indiatimes.com/weather/jangaon-aqi-level-air-quality-index-today/1201 "HTTP/1.1 200 OK"
2025-12-28 00:02:45,658 | INFO | httpx | HTTP Request: GET https://timesofindia.indiatimes.com/weather/jasdan-aqi-level-air-quality-index-today/1178 "HTTP/1.1 200 OK"
2025-12-28 00:02:46,030 | INFO | httpx | HTTP Request: GET https://timesofindia.indiatimes.com/weather/jatani-aqi-level-air-quality-index-today/1102 "HTTP/1.1 200 OK"
2025-12-28 00:02:46,439 | INFO | httpx | HTTP Request: GET https://timesofindia.indiatimes.com/weather/jaunpur-aqi-level-air-quality-index-today/1164 "HTTP/1.1 200 OK"
2025-12-28 00:02:46,789 | INFO | httpx | HTTP Request: GET https://timesofindia.indiatimes.com/weather/jaynagar-majilpur-aqi-level-air-quality-index-today/1389 "HTTP/1.1 200 OK"
2025-12-28 00:02:47,780 | INFO | httpx | HTTP Request: GET https://timesofindia.indiatimes.com/weather/jodhpur-aqi-level-air-quality-index-today/3353 "HTTP/1.1 200 OK"
2025-12-28 00:02:48,162 | INFO | httpx | HTTP Request: GET https://timesofindia.indiatimes.com/weather/jorhat-aqi-level-air-quality-index-today/1071 "HTTP/1.1 200 OK"
2025-12-28 00:02:48,555 | INFO | httpx | HTTP Request: GET https://timesofindia.indiatimes.com/weather/junnar-aqi-level-air-quality-index-today/1253 "HTTP/1.1 200 OK"
2025-12-28 00:02:48,927 | INFO | httpx | HTTP Request: GET https://timesofindia.indiatimes.com/weather/kadiri-aqi-level-air-quality-index-today/1424 "HTTP/1.1 200 OK"
2025-12-28 00:02:49,979 | INFO | httpx | HTTP Request: GET https://timesofindia.indiatimes.com/weather/kakching-aqi-level-air-quality-index-today/1256 "HTTP/1.1 200 OK"
2025-12-28 00:02:50,334 | INFO | httpx | HTTP Request: GET https://timesofindia.indiatimes.com/weather/kakinada-aqi-level-air-quality-index-today/1266 "HTTP/1.1 200 OK"
2025-12-28 00:02:52,571 | INFO | httpx | HTTP Request: GET https://timesofindia.indiatimes.com/weather/kamarhati-aqi-level-air-quality-index-today/1390 "HTTP/1.1 200 OK"
2025-12-28 00:02:53,010 | INFO | httpx | HTTP Request: GET https://timesofindia.indiatimes.com/weather/kanchrapara-aqi-level-air-quality-index-today/1394 "HTTP/1.1 200 OK"
2025-12-28 00:02:53,416 | INFO | httpx | HTTP Request: GET https://timesofindia.indiatimes.com/weather/kandukur-aqi-level-air-quality-index-today/1108 "HTTP/1.1 200 OK"
2025-12-28 00:02:54,408 | INFO | httpx | HTTP Request: GET https://timesofindia.indiatimes.com/weather/karimnagar-aqi-level-air-quality-index-today/1210 "HTTP/1.1 200 OK"
2025-12-28 00:02:54,762 | INFO | httpx | HTTP Request: GET https://timesofindia.indiatimes.com/weather/karnal-aqi-level-air-quality-index-today/3273 "HTTP/1.1 200 OK"
2025-12-28 00:02:55,160 | INFO | httpx | HTTP Request: GET https://timesofindia.indiatimes.com/weather/karur-aqi-level-air-quality-index-today/1377 "HTTP/1.1 200 OK"
2025-12-28 00:02:55,517 | INFO | httpx | HTTP Request: GET https://timesofindia.indiatimes.com/weather/kavali-aqi-level-air-quality-index-today/1405 "HTTP/1.1 200 OK"
2025-12-28 00:02:56,256 | INFO | httpx | HTTP Request: GET https://timesofindia.indiatimes.com/weather/khambhat-aqi-level-air-quality-index-today/1068 "HTTP/1.1 200 OK"
2025-12-28 00:02:56,663 | INFO | httpx | HTTP Request: GET https://timesofindia.indiatimes.com/weather/khammam-aqi-level-air-quality-index-today/1142 "HTTP/1.1 200 OK"
2025-12-28 00:02:57,063 | INFO | httpx | HTTP Request: GET https://timesofindia.indiatimes.com/weather/kharagpur-aqi-level-air-quality-index-today/1109 "HTTP/1.1 200 OK"
2025-12-28 00:02:57,835 | INFO | httpx | HTTP Request: GET https://timesofindia.indiatimes.com/weather/khed-aqi-level-air-quality-index-today/1294 "HTTP/1.1 200 OK"
2025-12-28 00:02:58,251 | INFO | httpx | HTTP Request: GET https://timesofindia.indiatimes.com/weather/khedbrahma-aqi-level-air-quality-index-today/1336 "HTTP/1.1 200 OK"
2025-12-28 00:02:58,628 | INFO | httpx | HTTP Request: GET https://timesofindia.indiatimes.com/weather/khem-karan-aqi-level-air-quality-index-today/1132 "HTTP/1.1 200 OK"
2025-12-28 00:02:59,022 | INFO | httpx | HTTP Request: GET https://timesofindia.indiatimes.com/weather/kilkunda-aqi-level-air-quality-index-today/1260 "HTTP/1.1 200 OK"
2025-12-28 00:02:59,362 | INFO | httpx | HTTP Request: GET https://timesofindia.indiatimes.com/weather/kochi-aqi-level-air-quality-index-today/3465 "HTTP/1.1 200 OK"
2025-12-28 00:02:59,755 | INFO | httpx | HTTP Request: GET https://timesofindia.indiatimes.com/weather/kodaikanal-aqi-level-air-quality-index-today/1174 "HTTP/1.1 200 OK"
2025-12-28 00:03:00,140 | INFO | httpx | HTTP Request: GET https://timesofindia.indiatimes.com/weather/kohima-aqi-level-air-quality-index-today/3421 "HTTP/1.1 200 OK"
2025-12-28 00:03:00,804 | INFO | __main__ | Exported 100 articles to: output/exported_20251228_000300.json
2025-12-28 00:03:01,094 | INFO | httpx | HTTP Request: GET https://timesofindia.indiatimes.com/weather/kolar-aqi-level-air-quality-index-today/3436 "HTTP/1.1 200 OK"
2025-12-28 00:03:02,082 | INFO | httpx | HTTP Request: GET https://timesofindia.indiatimes.com/weather/konark-aqi-level-air-quality-index-today/1019 "HTTP/1.1 200 OK"
2025-12-28 00:03:02,446 | INFO | httpx | HTTP Request: GET https://timesofindia.indiatimes.com/weather/kondapalle-aqi-level-air-quality-index-today/1268 "HTTP/1.1 200 OK"
2025-12-28 00:03:02,791 | INFO | httpx | HTTP Request: GET https://timesofindia.indiatimes.com/weather/koratla-aqi-level-air-quality-index-today/1156 "HTTP/1.1 200 OK"
2025-12-28 00:03:03,131 | INFO | httpx | HTTP Request: GET https://timesofindia.indiatimes.com/weather/kota-aqi-level-air-quality-index-today/3375 "HTTP/1.1 200 OK"
2025-12-28 00:03:03,496 | INFO | httpx | HTTP Request: GET https://timesofindia.indiatimes.com/weather/kothapet-aqi-level-air-quality-index-today/1133 "HTTP/1.1 200 OK"
2025-12-28 00:03:03,853 | INFO | httpx | HTTP Request: GET https://timesofindia.indiatimes.com/weather/kottagudem-aqi-level-air-quality-index-today/1300 "HTTP/1.1 200 OK"
2025-12-28 00:03:04,206 | INFO | httpx | HTTP Request: GET https://timesofindia.indiatimes.com/weather/kovvur-aqi-level-air-quality-index-today/1016 "HTTP/1.1 200 OK"
2025-12-28 00:03:04,569 | INFO | httpx | HTTP Request: GET https://timesofindia.indiatimes.com/weather/krishnanagar-aqi-level-air-quality-index-today/1086 "HTTP/1.1 200 OK"
2025-12-28 00:03:04,978 | INFO | httpx | HTTP Request: GET https://timesofindia.indiatimes.com/weather/kulgam-aqi-level-air-quality-index-today/1281 "HTTP/1.1 200 OK"
2025-12-28 00:03:05,339 | INFO | httpx | HTTP Request: GET https://timesofindia.indiatimes.com/weather/kullu-aqi-level-air-quality-index-today/1033 "HTTP/1.1 200 OK"
2025-12-28 00:03:05,702 | INFO | httpx | HTTP Request: GET https://timesofindia.indiatimes.com/weather/kulti-aqi-level-air-quality-index-today/1018 "HTTP/1.1 200 OK"
2025-12-28 00:03:06,042 | INFO | httpx | HTTP Request: GET https://timesofindia.indiatimes.com/weather/kurnool-aqi-level-air-quality-index-today/1226 "HTTP/1.1 200 OK"
2025-12-28 00:03:06,408 | INFO | httpx | HTTP Request: GET https://timesofindia.indiatimes.com/weather/lansdowne-aqi-level-air-quality-index-today/1040 "HTTP/1.1 200 OK"
2025-12-28 00:03:07,446 | INFO | httpx | HTTP Request: GET https://timesofindia.indiatimes.com/weather/loutolim-aqi-level-air-quality-index-today/1359 "HTTP/1.1 200 OK"
2025-12-28 00:03:07,791 | INFO | httpx | HTTP Request: GET https://timesofindia.indiatimes.com/weather/ludhiana-aqi-level-air-quality-index-today/3333 "HTTP/1.1 200 OK"
2025-12-28 00:03:08,140 | INFO | httpx | HTTP Request: GET https://timesofindia.indiatimes.com/weather/macherla-aqi-level-air-quality-index-today/1411 "HTTP/1.1 200 OK"
2025-12-28 00:03:09,101 | INFO | httpx | HTTP Request: GET https://timesofindia.indiatimes.com/weather/madanapalle-aqi-level-air-quality-index-today/1041 "HTTP/1.1 200 OK"
2025-12-28 00:03:09,490 | INFO | httpx | HTTP Request: GET https://timesofindia.indiatimes.com/weather/madhyamgram-aqi-level-air-quality-index-today/1213 "HTTP/1.1 200 OK"
2025-12-28 00:03:09,876 | INFO | httpx | HTTP Request: GET https://timesofindia.indiatimes.com/weather/madurai-aqi-level-air-quality-index-today/1170 "HTTP/1.1 200 OK"
2025-12-28 00:03:10,212 | INFO | httpx | HTTP Request: GET https://timesofindia.indiatimes.com/weather/mahadipur-aqi-level-air-quality-index-today/1091 "HTTP/1.1 200 OK"
2025-12-28 00:03:10,543 | INFO | httpx | HTTP Request: GET https://timesofindia.indiatimes.com/weather/mahbubnagar-aqi-level-air-quality-index-today/1379 "HTTP/1.1 200 OK"
2025-12-28 00:03:10,891 | INFO | httpx | HTTP Request: GET https://timesofindia.indiatimes.com/weather/mahesana-aqi-level-air-quality-index-today/1088 "HTTP/1.1 200 OK"
2025-12-28 00:03:12,002 | INFO | httpx | HTTP Request: GET https://timesofindia.indiatimes.com/weather/malaut-aqi-level-air-quality-index-today/1215 "HTTP/1.1 200 OK"
2025-12-28 00:03:12,413 | INFO | httpx | HTTP Request: GET https://timesofindia.indiatimes.com/weather/malegaon-aqi-level-air-quality-index-today/3494 "HTTP/1.1 200 OK"
2025-12-28 00:03:12,781 | INFO | httpx | HTTP Request: GET https://timesofindia.indiatimes.com/weather/manali-aqi-level-air-quality-index-today/1169 "HTTP/1.1 200 OK"
2025-12-28 00:03:13,140 | INFO | httpx | HTTP Request: GET https://timesofindia.indiatimes.com/weather/mancheral-aqi-level-air-quality-index-today/1285 "HTTP/1.1 200 OK"
2025-12-28 00:03:14,101 | INFO | httpx | HTTP Request: GET https://timesofindia.indiatimes.com/weather/mandapeta-aqi-level-air-quality-index-today/1284 "HTTP/1.1 200 OK"
2025-12-28 00:03:16,251 | INFO | httpx | HTTP Request: GET https://timesofindia.indiatimes.com/weather/mangalore-aqi-level-air-quality-index-today/3422 "HTTP/1.1 200 OK"
2025-12-28 00:03:16,589 | INFO | httpx | HTTP Request: GET https://timesofindia.indiatimes.com/weather/manuguru-aqi-level-air-quality-index-today/1244 "HTTP/1.1 200 OK"
2025-12-28 00:03:16,930 | INFO | httpx | HTTP Request: GET https://timesofindia.indiatimes.com/weather/markapur-aqi-level-air-quality-index-today/1220 "HTTP/1.1 200 OK"
2025-12-28 00:03:17,274 | INFO | httpx | HTTP Request: GET https://timesofindia.indiatimes.com/weather/mathura-aqi-level-air-quality-index-today/1383 "HTTP/1.1 200 OK"
2025-12-28 00:03:17,617 | INFO | httpx | HTTP Request: GET https://timesofindia.indiatimes.com/weather/mauli-aqi-level-air-quality-index-today/1079 "HTTP/1.1 200 OK"
2025-12-28 00:03:17,956 | INFO | httpx | HTTP Request: GET https://timesofindia.indiatimes.com/weather/medinipur-aqi-level-air-quality-index-today/1125 "HTTP/1.1 200 OK"
2025-12-28 00:03:18,299 | INFO | httpx | HTTP Request: GET https://timesofindia.indiatimes.com/weather/meerut-aqi-level-air-quality-index-today/3263 "HTTP/1.1 200 OK"
2025-12-28 00:03:18,643 | INFO | httpx | HTTP Request: GET https://timesofindia.indiatimes.com/weather/meghraj-aqi-level-air-quality-index-today/1137 "HTTP/1.1 200 OK"
2025-12-28 00:03:18,990 | INFO | httpx | HTTP Request: GET https://timesofindia.indiatimes.com/weather/metpally-aqi-level-air-quality-index-today/1341 "HTTP/1.1 200 OK"
2025-12-28 00:03:21,803 | INFO | httpx | HTTP Request: GET https://timesofindia.indiatimes.com/weather/muzaffarpur-aqi-level-air-quality-index-today/3230 "HTTP/1.1 200 OK"
2025-12-28 00:03:22,173 | INFO | httpx | HTTP Request: GET https://timesofindia.indiatimes.com/weather/mysore-aqi-level-air-quality-index-today/1217 "HTTP/1.1 200 OK"
2025-12-28 00:03:33,291 | INFO | httpx | HTTP Request: GET https://timesofindia.indiatimes.com/weather/nellore-aqi-level-air-quality-index-today/1375 "HTTP/1.1 200 OK"
2025-12-28 00:03:37,103 | INFO | httpx | HTTP Request: GET https://timesofindia.indiatimes.com/weather/osmanabad-aqi-level-air-quality-index-today/1044 "HTTP/1.1 200 OK"
2025-12-28 00:03:38,305 | INFO | httpx | HTTP Request: GET https://timesofindia.indiatimes.com/weather/palghat-aqi-level-air-quality-index-today/1392 "HTTP/1.1 200 OK"
2025-12-28 00:03:38,869 | INFO | httpx | HTTP Request: GET https://timesofindia.indiatimes.com/weather/pali-aqi-level-air-quality-index-today/3276 "HTTP/1.1 200 OK"
2025-12-28 00:03:40,176 | INFO | httpx | HTTP Request: GET https://timesofindia.indiatimes.com/weather/palwancha-aqi-level-air-quality-index-today/1047 "HTTP/1.1 200 OK"
2025-12-28 00:03:40,740 | INFO | httpx | HTTP Request: GET https://timesofindia.indiatimes.com/weather/pamidi-aqi-level-air-quality-index-today/1028 "HTTP/1.1 200 OK"
2025-12-28 00:04:04,124 | INFO | httpx | HTTP Request: GET https://timesofindia.indiatimes.com/weather/rajkot-aqi-level-air-quality-index-today/1166 "HTTP/1.1 200 OK"
2025-12-28 00:04:04,465 | INFO | httpx | HTTP Request: GET https://timesofindia.indiatimes.com/weather/rajmahal-aqi-level-air-quality-index-today/1211 "HTTP/1.1 200 OK"
2025-12-28 00:04:04,799 | INFO | httpx | HTTP Request: GET https://timesofindia.indiatimes.com/weather/rajouri-aqi-level-air-quality-index-today/1397 "HTTP/1.1 200 OK"
2025-12-28 00:04:05,139 | INFO | httpx | HTTP Request: GET https://timesofindia.indiatimes.com/weather/rameswaram-aqi-level-air-quality-index-today/1002 "HTTP/1.1 200 OK"
2025-12-28 00:04:05,490 | INFO | httpx | HTTP Request: GET https://timesofindia.indiatimes.com/weather/ramgundam-aqi-level-air-quality-index-today/1093 "HTTP/1.1 200 OK"
2025-12-28 00:04:05,827 | INFO | httpx | HTTP Request: GET https://timesofindia.indiatimes.com/weather/rampur-aqi-level-air-quality-index-today/1257 "HTTP/1.1 200 OK"
2025-12-28 00:04:06,174 | INFO | httpx | HTTP Request: GET https://timesofindia.indiatimes.com/weather/ranchi-aqi-level-air-quality-index-today/1027 "HTTP/1.1 200 OK"
2025-12-28 00:04:06,520 | INFO | httpx | HTTP Request: GET https://timesofindia.indiatimes.com/weather/ratlam-aqi-level-air-quality-index-today/3467 "HTTP/1.1 200 OK"
2025-12-28 00:04:06,917 | INFO | httpx | HTTP Request: GET https://timesofindia.indiatimes.com/weather/raurkela-aqi-level-air-quality-index-today/3294 "HTTP/1.1 200 OK"
2025-12-28 00:04:08,504 | INFO | httpx | HTTP Request: GET https://timesofindia.indiatimes.com/weather/rishra-aqi-level-air-quality-index-today/1163 "HTTP/1.1 200 OK"
2025-12-28 00:04:08,876 | INFO | httpx | HTTP Request: GET https://timesofindia.indiatimes.com/weather/rohtak-aqi-level-air-quality-index-today/3457 "HTTP/1.1 200 OK"
2025-12-28 00:04:09,227 | INFO | httpx | HTTP Request: GET https://timesofindia.indiatimes.com/weather/sagar-aqi-level-air-quality-index-today/3378 "HTTP/1.1 200 OK"
2025-12-28 00:04:09,585 | INFO | httpx | HTTP Request: GET https://timesofindia.indiatimes.com/weather/saharanpur-aqi-level-air-quality-index-today/1072 "HTTP/1.1 200 OK"
2025-12-28 00:04:09,934 | INFO | httpx | HTTP Request: GET https://timesofindia.indiatimes.com/weather/saharsa-aqi-level-air-quality-index-today/3233 "HTTP/1.1 200 OK"
2025-12-28 00:04:10,278 | INFO | httpx | HTTP Request: GET https://timesofindia.indiatimes.com/weather/salem-aqi-level-air-quality-index-today/3337 "HTTP/1.1 200 OK"
2025-12-28 00:04:10,634 | INFO | httpx | HTTP Request: GET https://timesofindia.indiatimes.com/weather/samalkot-aqi-level-air-quality-index-today/1437 "HTTP/1.1 200 OK"
2025-12-28 00:04:10,985 | INFO | httpx | HTTP Request: GET https://timesofindia.indiatimes.com/weather/sambalpur-aqi-level-air-quality-index-today/1184 "HTTP/1.1 200 OK"
2025-12-28 00:04:11,330 | INFO | httpx | HTTP Request: GET https://timesofindia.indiatimes.com/weather/sambhal-aqi-level-air-quality-index-today/1048 "HTTP/1.1 200 OK"
2025-12-28 00:04:11,672 | INFO | httpx | HTTP Request: GET https://timesofindia.indiatimes.com/weather/sangli-aqi-level-air-quality-index-today/3452 "HTTP/1.1 200 OK"
2025-12-28 00:04:12,002 | INFO | httpx | HTTP Request: GET https://timesofindia.indiatimes.com/weather/sattenapalle-aqi-level-air-quality-index-today/1307 "HTTP/1.1 200 OK"
2025-12-28 00:04:12,340 | INFO | httpx | HTTP Request: GET https://timesofindia.indiatimes.com/weather/secunderabad-aqi-level-air-quality-index-today/1404 "HTTP/1.1 200 OK"
2025-12-28 00:04:12,693 | INFO | httpx | HTTP Request: GET https://timesofindia.indiatimes.com/weather/seven-pagodas-aqi-level-air-quality-index-today/1100 "HTTP/1.1 200 OK"
2025-12-28 00:04:15,130 | INFO | httpx | HTTP Request: GET https://timesofindia.indiatimes.com/weather/shimla-aqi-level-air-quality-index-today/1365 "HTTP/1.1 200 OK"
2025-12-28 00:04:16,680 | INFO | httpx | HTTP Request: GET https://timesofindia.indiatimes.com/weather/sihor-aqi-level-air-quality-index-today/1078 "HTTP/1.1 200 OK"
2025-12-28 00:04:17,633 | INFO | httpx | HTTP Request: GET https://timesofindia.indiatimes.com/weather/silchar-aqi-level-air-quality-index-today/3344 "HTTP/1.1 200 OK"
2025-12-28 00:04:17,988 | INFO | httpx | HTTP Request: GET https://timesofindia.indiatimes.com/weather/siliguri-aqi-level-air-quality-index-today/3408 "HTTP/1.1 200 OK"
2025-12-28 00:04:18,344 | INFO | httpx | HTTP Request: GET https://timesofindia.indiatimes.com/weather/silvassa-aqi-level-air-quality-index-today/1438 "HTTP/1.1 200 OK"
2025-12-28 00:04:18,686 | INFO | httpx | HTTP Request: GET https://timesofindia.indiatimes.com/weather/sirsa-aqi-level-air-quality-index-today/3265 "HTTP/1.1 200 OK"
2025-12-28 00:04:19,027 | INFO | httpx | HTTP Request: GET https://timesofindia.indiatimes.com/weather/sirsilla-aqi-level-air-quality-index-today/1089 "HTTP/1.1 200 OK"
2025-12-28 00:04:19,404 | INFO | httpx | HTTP Request: GET https://timesofindia.indiatimes.com/weather/sitapur-aqi-level-air-quality-index-today/1104 "HTTP/1.1 200 OK"
2025-12-28 00:04:19,765 | INFO | httpx | HTTP Request: GET https://timesofindia.indiatimes.com/weather/solan-aqi-level-air-quality-index-today/1360 "HTTP/1.1 200 OK"
2025-12-28 00:04:25,730 | INFO | httpx | HTTP Request: GET https://timesofindia.indiatimes.com/weather/tadepallegudem-aqi-level-air-quality-index-today/1403 "HTTP/1.1 200 OK"
2025-12-28 00:04:27,291 | INFO | httpx | HTTP Request: GET https://timesofindia.indiatimes.com/weather/tanuku-aqi-level-air-quality-index-today/1246 "HTTP/1.1 200 OK"
2025-12-28 00:04:27,640 | INFO | httpx | HTTP Request: GET https://timesofindia.indiatimes.com/weather/tenali-aqi-level-air-quality-index-today/1427 "HTTP/1.1 200 OK"
2025-12-28 00:04:28,593 | INFO | httpx | HTTP Request: GET https://timesofindia.indiatimes.com/weather/thane-aqi-level-air-quality-index-today/3411 "HTTP/1.1 200 OK"
2025-12-28 00:04:29,564 | INFO | httpx | HTTP Request: GET https://timesofindia.indiatimes.com/weather/tinnevelly-aqi-level-air-quality-index-today/1212 "HTTP/1.1 200 OK"
2025-12-28 00:04:30,517 | INFO | httpx | HTTP Request: GET https://timesofindia.indiatimes.com/weather/tiruppur-aqi-level-air-quality-index-today/1192 "HTTP/1.1 200 OK"
2025-12-28 00:04:30,870 | INFO | httpx | HTTP Request: GET https://timesofindia.indiatimes.com/weather/tiruvannamalai-aqi-level-air-quality-index-today/1188 "HTTP/1.1 200 OK"
2025-12-28 00:04:31,248 | INFO | httpx | HTTP Request: GET https://timesofindia.indiatimes.com/weather/titagarh-aqi-level-air-quality-index-today/1094 "HTTP/1.1 200 OK"
2025-12-28 00:04:31,596 | INFO | httpx | HTTP Request: GET https://timesofindia.indiatimes.com/weather/tonk-aqi-level-air-quality-index-today/3402 "HTTP/1.1 200 OK"
2025-12-28 00:04:33,194 | INFO | httpx | HTTP Request: GET https://timesofindia.indiatimes.com/weather/tumkur-aqi-level-air-quality-index-today/1248 "HTTP/1.1 200 OK"
2025-12-28 00:04:33,542 | INFO | httpx | HTTP Request: GET https://timesofindia.indiatimes.com/weather/tuni-aqi-level-air-quality-index-today/1422 "HTTP/1.1 200 OK"
2025-12-28 00:04:33,881 | INFO | httpx | HTTP Request: GET https://timesofindia.indiatimes.com/weather/tuticorin-aqi-level-air-quality-index-today/3315 "HTTP/1.1 200 OK"
2025-12-28 00:04:34,221 | INFO | httpx | HTTP Request: GET https://timesofindia.indiatimes.com/weather/udaipur-aqi-level-air-quality-index-today/3416 "HTTP/1.1 200 OK"
2025-12-28 00:04:35,169 | INFO | httpx | HTTP Request: GET https://timesofindia.indiatimes.com/weather/udupi-aqi-level-air-quality-index-today/3425 "HTTP/1.1 200 OK"
2025-12-28 00:04:35,519 | INFO | httpx | HTTP Request: GET https://timesofindia.indiatimes.com/weather/ujjain-aqi-level-air-quality-index-today/3431 "HTTP/1.1 200 OK"
2025-12-28 00:04:35,858 | INFO | httpx | HTTP Request: GET https://timesofindia.indiatimes.com/weather/ulhasnagar-aqi-level-air-quality-index-today/3432 "HTTP/1.1 200 OK"
2025-12-28 00:04:36,199 | INFO | httpx | HTTP Request: GET https://timesofindia.indiatimes.com/weather/uluberiya-aqi-level-air-quality-index-today/1112 "HTTP/1.1 200 OK"
2025-12-28 00:04:36,595 | INFO | httpx | HTTP Request: GET https://timesofindia.indiatimes.com/weather/umaria-aqi-level-air-quality-index-today/1288 "HTTP/1.1 200 OK"
2025-12-28 00:04:37,291 | INFO | httpx | HTTP Request: GET https://timesofindia.indiatimes.com/weather/vadodara-aqi-level-air-quality-index-today/1123 "HTTP/1.1 200 OK"
2025-12-28 00:04:38,288 | INFO | httpx | HTTP Request: GET https://timesofindia.indiatimes.com/weather/valsad-aqi-level-air-quality-index-today/1439 "HTTP/1.1 200 OK"
2025-12-28 00:04:38,644 | INFO | httpx | HTTP Request: GET https://timesofindia.indiatimes.com/weather/vapi-aqi-level-air-quality-index-today/3327 "HTTP/1.1 200 OK"
2025-12-28 00:04:38,984 | INFO | httpx | HTTP Request: GET https://timesofindia.indiatimes.com/weather/varanasi-aqi-level-air-quality-index-today/3360 "HTTP/1.1 200 OK"
2025-12-28 00:04:39,975 | INFO | httpx | HTTP Request: GET https://timesofindia.indiatimes.com/weather/venkatagiri-aqi-level-air-quality-index-today/1278 "HTTP/1.1 200 OK"
2025-12-28 00:04:40,332 | INFO | httpx | HTTP Request: GET https://timesofindia.indiatimes.com/weather/vidisha-aqi-level-air-quality-index-today/1202 "HTTP/1.1 200 OK"
2025-12-28 00:04:40,681 | INFO | httpx | HTTP Request: GET https://timesofindia.indiatimes.com/weather/vikarabad-aqi-level-air-quality-index-today/1322 "HTTP/1.1 200 OK"
2025-12-28 00:04:41,030 | INFO | httpx | HTTP Request: GET https://timesofindia.indiatimes.com/weather/vinukonda-aqi-level-air-quality-index-today/1181 "HTTP/1.1 200 OK"
2025-12-28 00:04:41,382 | INFO | httpx | HTTP Request: GET https://timesofindia.indiatimes.com/weather/vishakhapatnam-aqi-level-air-quality-index-today/3341 "HTTP/1.1 200 OK"
2025-12-28 00:04:42,321 | INFO | httpx | HTTP Request: GET https://timesofindia.indiatimes.com/weather/vrindavan-aqi-level-air-quality-index-today/3428 "HTTP/1.1 200 OK"
2025-12-28 00:04:42,673 | INFO | httpx | HTTP Request: GET https://timesofindia.indiatimes.com/weather/wanparti-aqi-level-air-quality-index-today/1061 "HTTP/1.1 200 OK"
2025-12-28 00:04:43,062 | INFO | httpx | HTTP Request: GET https://timesofindia.indiatimes.com/weather/warangal-aqi-level-air-quality-index-today/1154 "HTTP/1.1 200 OK"
2025-12-28 00:04:44,067 | INFO | httpx | HTTP Request: GET https://timesofindia.indiatimes.com/weather/yellandu-aqi-level-air-quality-index-today/1408 "HTTP/1.1 200 OK"
2025-12-28 00:04:45,012 | INFO | httpx | HTTP Request: GET https://timesofindia.indiatimes.com/weather/ooty-aqi-level-air-quality-index-today/4054 "HTTP/1.1 200 OK"
2025-12-28 00:04:45,367 | INFO | httpx | HTTP Request: GET https://timesofindia.indiatimes.com/weather/chikkamagaluru-aqi-level-air-quality-index-today/4015 "HTTP/1.1 200 OK"
2025-12-28 00:04:45,718 | INFO | httpx | HTTP Request: GET https://www.indiatimes.com/termsandcondition "HTTP/1.1 200 OK"
2025-12-28 00:04:46,305 | INFO | httpx | HTTP Request: GET https://timesofindia.indiatimes.com/life-style "HTTP/1.1 200 OK"
2025-12-28 00:04:47,883 | INFO | httpx | HTTP Request: GET https://timesofindia.indiatimes.com/travel/destinations "HTTP/1.1 200 OK"
2025-12-28 00:04:49,062 | INFO | httpx | HTTP Request: GET https://gadgetsnow.indiatimes.com/?_gl=1%2Ah4drpd%2A_ga%2AMjAzNTc2Njg5OS4xNzI3MjUzODEz%2A_ga_FCN624MN68%2AMTczNzQ1MDg1OS4xMzIuMS4xNzM3NDUzMzIyLjU0LjAuMA.. "HTTP/1.1 200 OK"
2025-12-28 00:04:50,013 | INFO | httpx | HTTP Request: GET https://timesofindia.indiatimes.com/sports "HTTP/1.1 200 OK"
2025-12-28 00:04:50,434 | INFO | httpx | HTTP Request: GET https://timesofindia.indiatimes.com/business "HTTP/1.1 200 OK"
2025-12-28 00:04:54,972 | INFO | httpx | HTTP Request: GET https://timesofindia.indiatimes.com/travel "HTTP/1.1 301 Moved Permanently"
2025-12-28 00:04:55,520 | INFO | httpx | HTTP Request: GET https://timesofindia.indiatimes.com/travel/ "HTTP/1.1 200 OK"
2025-12-28 00:04:55,970 | INFO | httpx | HTTP Request: GET https://timesofindia.indiatimes.com/travel/ "HTTP/1.1 200 OK"
2025-12-28 00:04:57,103 | INFO | httpx | HTTP Request: GET https://timesofindia.indiatimes.com/business/gold-rates-today/gold-price-in-delhi "HTTP/1.1 200 OK"
2025-12-28 00:04:59,738 | INFO | httpx | HTTP Request: GET https://timesofindia.indiatimes.com/business/platinum-rates-today "HTTP/1.1 200 OK"
2025-12-28 00:05:00,286 | INFO | httpx | HTTP Request: GET https://timesofindia.indiatimes.com/business/silver-rates-today "HTTP/1.1 200 OK"
2025-12-28 00:05:00,836 | INFO | httpx | HTTP Request: GET https://timesofindia.indiatimes.com/business/gold-rates-today "HTTP/1.1 200 OK"
2025-12-28 00:05:10,343 | INFO | __main__ | ✓ [2] Bangalore AQI Today | Bangalore Pollution Level | ...
2025-12-28 00:05:10,772 | INFO | httpx | HTTP Request: GET https://timesofindia.indiatimes.com/ "HTTP/1.1 200 OK"
2025-12-28 00:05:11,200 | INFO | httpx | HTTP Request: GET https://timesofindia.indiatimes.com/us "HTTP/1.1 200 OK"
2025-12-28 00:05:11,569 | INFO | httpx | HTTP Request: GET https://navbharattimes.indiatimes.com/ "HTTP/1.1 200 OK"
2025-12-28 00:05:12,872 | INFO | httpx | HTTP Request: GET https://timesofindia.indiatimes.com/weather "HTTP/1.1 200 OK"
2025-12-28 00:05:13,211 | INFO | httpx | HTTP Request: GET https://timesofindia.indiatimes.com "HTTP/1.1 200 OK"
2025-12-28 00:05:13,577 | INFO | httpx | HTTP Request: GET https://timesofindia.indiatimes.com/weather/hyderabad-aqi-level-air-quality-index-today/3288 "HTTP/1.1 200 OK"
2025-12-28 00:05:13,931 | INFO | httpx | HTTP Request: GET https://timesofindia.indiatimes.com/weather/chandigarh-aqi-level-air-quality-index-today/3259 "HTTP/1.1 200 OK"
2025-12-28 00:05:14,877 | INFO | httpx | HTTP Request: GET https://timesofindia.indiatimes.com/weather/lucknow-aqi-level-air-quality-index-today/3267 "HTTP/1.1 200 OK"
2025-12-28 00:05:15,832 | INFO | httpx | HTTP Request: GET https://timesofindia.indiatimes.com/weather/noida-aqi-level-air-quality-index-today/3319 "HTTP/1.1 200 OK"
2025-12-28 00:05:16,775 | INFO | httpx | HTTP Request: GET https://timesofindia.indiatimes.com/weather/abohar-aqi-level-air-quality-index-today/1050 "HTTP/1.1 200 OK"
2025-12-28 00:05:17,728 | INFO | httpx | HTTP Request: GET https://timesofindia.indiatimes.com/weather/addanki-aqi-level-air-quality-index-today/1225 "HTTP/1.1 200 OK"
2025-12-28 00:05:18,677 | INFO | httpx | HTTP Request: GET https://timesofindia.indiatimes.com/weather/adoni-aqi-level-air-quality-index-today/1327 "HTTP/1.1 200 OK"
2025-12-28 00:05:19,633 | INFO | httpx | HTTP Request: GET https://timesofindia.indiatimes.com/weather/ahilyanagar-aqi-level-air-quality-index-today/3410 "HTTP/1.1 200 OK"
2025-12-28 00:05:21,229 | INFO | httpx | HTTP Request: GET https://timesofindia.indiatimes.com/weather/akola-aqi-level-air-quality-index-today/3365 "HTTP/1.1 200 OK"
2025-12-28 00:05:23,406 | INFO | httpx | HTTP Request: GET https://timesofindia.indiatimes.com/weather/alleppey-aqi-level-air-quality-index-today/1009 "HTTP/1.1 200 OK"
2025-12-28 00:05:23,753 | INFO | httpx | HTTP Request: GET https://timesofindia.indiatimes.com/weather/alwar-aqi-level-air-quality-index-today/3277 "HTTP/1.1 200 OK"
2025-12-28 00:05:24,695 | INFO | httpx | HTTP Request: GET https://timesofindia.indiatimes.com/weather/amarkantak-aqi-level-air-quality-index-today/1172 "HTTP/1.1 200 OK"
2025-12-28 00:05:25,031 | INFO | httpx | HTTP Request: GET https://timesofindia.indiatimes.com/weather/ambala-aqi-level-air-quality-index-today/3322 "HTTP/1.1 200 OK"
2025-12-28 00:05:26,009 | INFO | httpx | HTTP Request: GET https://timesofindia.indiatimes.com/weather/amritsar-aqi-level-air-quality-index-today/3386 "HTTP/1.1 200 OK"
2025-12-28 00:05:26,403 | INFO | httpx | HTTP Request: GET https://timesofindia.indiatimes.com/weather/amudalavalasa-aqi-level-air-quality-index-today/1216 "HTTP/1.1 200 OK"
2025-12-28 00:05:26,756 | INFO | httpx | HTTP Request: GET https://timesofindia.indiatimes.com/weather/anakapalle-aqi-level-air-quality-index-today/1321 "HTTP/1.1 200 OK"
2025-12-28 00:05:28,037 | INFO | httpx | HTTP Request: GET https://timesofindia.indiatimes.com/weather/ankleshwar-aqi-level-air-quality-index-today/3412 "HTTP/1.1 200 OK"
2025-12-28 00:05:28,996 | INFO | httpx | HTTP Request: GET https://timesofindia.indiatimes.com/weather/asansol-aqi-level-air-quality-index-today/3492 "HTTP/1.1 200 OK"
2025-12-28 00:05:29,950 | INFO | httpx | HTTP Request: GET https://timesofindia.indiatimes.com/weather/badvel-aqi-level-air-quality-index-today/1195 "HTTP/1.1 200 OK"
2025-12-28 00:05:30,911 | INFO | httpx | HTTP Request: GET https://timesofindia.indiatimes.com/weather/bahraich-aqi-level-air-quality-index-today/1090 "HTTP/1.1 200 OK"
2025-12-28 00:05:31,276 | INFO | httpx | HTTP Request: GET https://timesofindia.indiatimes.com/weather/baidyabati-aqi-level-air-quality-index-today/1362 "HTTP/1.1 200 OK"
2025-12-28 00:05:32,362 | INFO | httpx | HTTP Request: GET https://timesofindia.indiatimes.com/weather/balurghat-aqi-level-air-quality-index-today/1337 "HTTP/1.1 200 OK"
2025-12-28 00:05:33,344 | INFO | httpx | HTTP Request: GET https://timesofindia.indiatimes.com/weather/bandipora-aqi-level-air-quality-index-today/1430 "HTTP/1.1 200 OK"
2025-12-28 00:05:33,695 | INFO | httpx | HTTP Request: GET https://timesofindia.indiatimes.com/weather/bangaon-aqi-level-air-quality-index-today/1354 "HTTP/1.1 200 OK"
2025-12-28 00:05:34,034 | INFO | httpx | HTTP Request: GET https://timesofindia.indiatimes.com/weather/bankura-aqi-level-air-quality-index-today/1259 "HTTP/1.1 200 OK"
2025-12-28 00:05:34,390 | INFO | httpx | HTTP Request: GET https://timesofindia.indiatimes.com/weather/bansberia-aqi-level-air-quality-index-today/1434 "HTTP/1.1 200 OK"
2025-12-28 00:05:34,768 | INFO | httpx | HTTP Request: GET https://timesofindia.indiatimes.com/weather/bapatla-aqi-level-air-quality-index-today/1055 "HTTP/1.1 200 OK"
2025-12-28 00:05:35,730 | INFO | httpx | HTTP Request: GET https://timesofindia.indiatimes.com/weather/barasat-aqi-level-air-quality-index-today/1279 "HTTP/1.1 200 OK"
2025-12-28 00:05:36,088 | INFO | httpx | HTTP Request: GET https://timesofindia.indiatimes.com/weather/barddhaman-aqi-level-air-quality-index-today/1339 "HTTP/1.1 200 OK"
2025-12-28 00:05:38,258 | INFO | httpx | HTTP Request: GET https://timesofindia.indiatimes.com/weather/begusarai-aqi-level-air-quality-index-today/3238 "HTTP/1.1 200 OK"
2025-12-28 00:05:38,604 | INFO | httpx | HTTP Request: GET https://timesofindia.indiatimes.com/weather/belagavi-aqi-level-air-quality-index-today/3334 "HTTP/1.1 200 OK"
2025-12-28 00:05:38,959 | INFO | httpx | HTTP Request: GET https://timesofindia.indiatimes.com/weather/belampalli-aqi-level-air-quality-index-today/1414 "HTTP/1.1 200 OK"
2025-12-28 00:05:39,308 | INFO | httpx | HTTP Request: GET https://timesofindia.indiatimes.com/weather/bellary-aqi-level-air-quality-index-today/1012 "HTTP/1.1 200 OK"
2025-12-28 00:05:42,062 | INFO | httpx | HTTP Request: GET https://timesofindia.indiatimes.com/weather/bhagalpur-aqi-level-air-quality-index-today/3242 "HTTP/1.1 200 OK"
2025-12-28 00:05:42,401 | INFO | httpx | HTTP Request: GET https://timesofindia.indiatimes.com/weather/bhainsa-aqi-level-air-quality-index-today/1308 "HTTP/1.1 200 OK"
2025-12-28 00:05:42,740 | INFO | httpx | HTTP Request: GET https://timesofindia.indiatimes.com/weather/bharatpur-aqi-level-air-quality-index-today/3296 "HTTP/1.1 200 OK"
2025-12-28 00:05:43,089 | INFO | httpx | HTTP Request: GET https://timesofindia.indiatimes.com/weather/bhatpara-aqi-level-air-quality-index-today/1386 "HTTP/1.1 200 OK"
2025-12-28 00:05:43,428 | INFO | httpx | HTTP Request: GET https://timesofindia.indiatimes.com/weather/bhavnagar-aqi-level-air-quality-index-today/1306 "HTTP/1.1 200 OK"
2025-12-28 00:05:44,394 | INFO | httpx | HTTP Request: GET https://timesofindia.indiatimes.com/weather/bhilai-aqi-level-air-quality-index-today/3335 "HTTP/1.1 200 OK"
2025-12-28 00:05:46,005 | INFO | httpx | HTTP Request: GET https://timesofindia.indiatimes.com/weather/bhimunipatnam-aqi-level-air-quality-index-today/1146 "HTTP/1.1 200 OK"
2025-12-28 00:05:48,812 | INFO | httpx | HTTP Request: GET https://timesofindia.indiatimes.com/weather/bhubaneswar-aqi-level-air-quality-index-today/3501 "HTTP/1.1 200 OK"
2025-12-28 00:05:49,162 | INFO | httpx | HTTP Request: GET https://timesofindia.indiatimes.com/weather/bhuj-aqi-level-air-quality-index-today/1159 "HTTP/1.1 200 OK"
2025-12-28 00:05:51,329 | INFO | httpx | HTTP Request: GET https://timesofindia.indiatimes.com/weather/bikaner-aqi-level-air-quality-index-today/3346 "HTTP/1.1 200 OK"
2025-12-28 00:05:51,674 | INFO | httpx | HTTP Request: GET https://timesofindia.indiatimes.com/weather/bilaspur-aqi-level-air-quality-index-today/3439 "HTTP/1.1 200 OK"
2025-12-28 00:05:52,055 | INFO | httpx | HTTP Request: GET https://timesofindia.indiatimes.com/weather/bishnupur-aqi-level-air-quality-index-today/1030 "HTTP/1.1 200 OK"
2025-12-28 00:05:53,001 | INFO | httpx | HTTP Request: GET https://timesofindia.indiatimes.com/weather/bodhan-aqi-level-air-quality-index-today/1107 "HTTP/1.1 200 OK"
2025-12-28 00:05:53,349 | INFO | httpx | HTTP Request: GET https://timesofindia.indiatimes.com/weather/bodupal-aqi-level-air-quality-index-today/1160 "HTTP/1.1 200 OK"
2025-12-28 00:05:54,318 | INFO | httpx | HTTP Request: GET https://timesofindia.indiatimes.com/weather/budaun-aqi-level-air-quality-index-today/1382 "HTTP/1.1 200 OK"
2025-12-28 00:05:54,688 | INFO | httpx | HTTP Request: GET https://timesofindia.indiatimes.com/weather/bulandshahr-aqi-level-air-quality-index-today/3247 "HTTP/1.1 200 OK"
2025-12-28 00:05:55,052 | INFO | httpx | HTTP Request: GET https://timesofindia.indiatimes.com/weather/burhanpur-aqi-level-air-quality-index-today/1249 "HTTP/1.1 200 OK"
2025-12-28 00:05:57,838 | INFO | httpx | HTTP Request: GET https://timesofindia.indiatimes.com/weather/chandannagar-aqi-level-air-quality-index-today/1042 "HTTP/1.1 200 OK"
2025-12-28 00:05:58,184 | INFO | httpx | HTTP Request: GET https://timesofindia.indiatimes.com/weather/channarayapatna-aqi-level-air-quality-index-today/1238 "HTTP/1.1 200 OK"
2025-12-28 00:05:59,120 | INFO | httpx | HTTP Request: GET https://timesofindia.indiatimes.com/weather/chikhli-aqi-level-air-quality-index-today/1262 "HTTP/1.1 200 OK"
2025-12-28 00:05:59,471 | INFO | httpx | HTTP Request: GET https://timesofindia.indiatimes.com/weather/chikkaballapur-aqi-level-air-quality-index-today/3474 "HTTP/1.1 200 OK"
2025-12-28 00:06:02,854 | INFO | httpx | HTTP Request: GET https://timesofindia.indiatimes.com/weather/chittaurgarh-aqi-level-air-quality-index-today/3445 "HTTP/1.1 200 OK"
2025-12-28 00:06:03,206 | INFO | httpx | HTTP Request: GET https://timesofindia.indiatimes.com/weather/chittoor-aqi-level-air-quality-index-today/3339 "HTTP/1.1 200 OK"
2025-12-28 00:06:03,558 | INFO | httpx | HTTP Request: GET https://timesofindia.indiatimes.com/weather/churu-aqi-level-air-quality-index-today/3401 "HTTP/1.1 200 OK"
2025-12-28 00:06:05,121 | INFO | httpx | HTTP Request: GET https://timesofindia.indiatimes.com/weather/cuddalore-aqi-level-air-quality-index-today/3310 "HTTP/1.1 200 OK"
2025-12-28 00:06:06,073 | INFO | httpx | HTTP Request: GET https://timesofindia.indiatimes.com/weather/curchorem-aqi-level-air-quality-index-today/1022 "HTTP/1.1 200 OK"
2025-12-28 00:06:06,434 | INFO | httpx | HTTP Request: GET https://timesofindia.indiatimes.com/weather/cuttack-aqi-level-air-quality-index-today/3506 "HTTP/1.1 200 OK"
2025-12-28 00:06:06,812 | INFO | httpx | HTTP Request: GET https://timesofindia.indiatimes.com/weather/daman-aqi-level-air-quality-index-today/1236 "HTTP/1.1 200 OK"
2025-12-28 00:06:07,198 | INFO | httpx | HTTP Request: GET https://timesofindia.indiatimes.com/weather/darjeeling-aqi-level-air-quality-index-today/1242 "HTTP/1.1 200 OK"
2025-12-28 00:06:07,553 | INFO | httpx | HTTP Request: GET https://timesofindia.indiatimes.com/weather/davangere-aqi-level-air-quality-index-today/3469 "HTTP/1.1 200 OK"
2025-12-28 00:06:07,900 | INFO | httpx | HTTP Request: GET https://timesofindia.indiatimes.com/weather/dehradun-aqi-level-air-quality-index-today/3271 "HTTP/1.1 200 OK"
2025-12-28 00:06:08,247 | INFO | httpx | HTTP Request: GET https://timesofindia.indiatimes.com/weather/deo-aqi-level-air-quality-index-today/1008 "HTTP/1.1 200 OK"
2025-12-28 00:06:08,598 | INFO | httpx | HTTP Request: GET https://timesofindia.indiatimes.com/weather/devarakonda-aqi-level-air-quality-index-today/1347 "HTTP/1.1 200 OK"
2025-12-28 00:06:08,950 | INFO | httpx | HTTP Request: GET https://timesofindia.indiatimes.com/weather/dhanbad-aqi-level-air-quality-index-today/3299 "HTTP/1.1 200 OK"
2025-12-28 00:06:09,309 | INFO | httpx | HTTP Request: GET https://timesofindia.indiatimes.com/weather/dharamshala-aqi-level-air-quality-index-today/1186 "HTTP/1.1 200 OK"
2025-12-28 00:06:34,680 | INFO | httpx | HTTP Request: GET https://timesofindia.indiatimes.com/weather/guntakal-aqi-level-air-quality-index-today/1011 "HTTP/1.1 200 OK"
2025-12-28 00:06:35,022 | INFO | httpx | HTTP Request: GET https://timesofindia.indiatimes.com/weather/guntur-aqi-level-air-quality-index-today/1315 "HTTP/1.1 200 OK"
2025-12-28 00:06:36,398 | INFO | httpx | HTTP Request: GET https://timesofindia.indiatimes.com/weather/gwalior-aqi-level-air-quality-index-today/3314 "HTTP/1.1 200 OK"
2025-12-28 00:06:36,841 | INFO | httpx | HTTP Request: GET https://timesofindia.indiatimes.com/weather/habra-aqi-level-air-quality-index-today/1407 "HTTP/1.1 200 OK"
2025-12-28 00:06:37,280 | INFO | httpx | HTTP Request: GET https://timesofindia.indiatimes.com/weather/haldia-aqi-level-air-quality-index-today/3454 "HTTP/1.1 200 OK"
2025-12-28 00:06:37,629 | INFO | httpx | HTTP Request: GET https://timesofindia.indiatimes.com/weather/halisahar-aqi-level-air-quality-index-today/1223 "HTTP/1.1 200 OK"
2025-12-28 00:06:38,570 | INFO | httpx | HTTP Request: GET https://timesofindia.indiatimes.com/weather/hapur-aqi-level-air-quality-index-today/3466 "HTTP/1.1 200 OK"
2025-12-28 00:06:38,920 | INFO | httpx | HTTP Request: GET https://timesofindia.indiatimes.com/weather/haripur-aqi-level-air-quality-index-today/1177 "HTTP/1.1 200 OK"
2025-12-28 00:06:39,268 | INFO | httpx | HTTP Request: GET https://timesofindia.indiatimes.com/weather/hassan-aqi-level-air-quality-index-today/3269 "HTTP/1.1 200 OK"
2025-12-28 00:06:39,622 | INFO | httpx | HTTP Request: GET https://timesofindia.indiatimes.com/weather/hathras-aqi-level-air-quality-index-today/1289 "HTTP/1.1 200 OK"
2025-12-28 00:06:39,973 | INFO | httpx | HTTP Request: GET https://timesofindia.indiatimes.com/weather/hindupur-aqi-level-air-quality-index-today/1252 "HTTP/1.1 200 OK"
2025-12-28 00:06:40,318 | INFO | httpx | HTTP Request: GET https://timesofindia.indiatimes.com/weather/hisar-aqi-level-air-quality-index-today/3330 "HTTP/1.1 200 OK"
2025-12-28 00:06:40,688 | INFO | httpx | HTTP Request: GET https://timesofindia.indiatimes.com/weather/hospet-aqi-level-air-quality-index-today/1298 "HTTP/1.1 200 OK"
2025-12-28 00:06:42,301 | INFO | httpx | HTTP Request: GET https://timesofindia.indiatimes.com/weather/hugli-aqi-level-air-quality-index-today/1232 "HTTP/1.1 200 OK"
2025-12-28 00:06:42,650 | INFO | httpx | HTTP Request: GET https://timesofindia.indiatimes.com/weather/ichalkaranji-aqi-level-air-quality-index-today/1436 "HTTP/1.1 200 OK"
2025-12-28 00:06:43,010 | INFO | httpx | HTTP Request: GET https://timesofindia.indiatimes.com/weather/imphal-aqi-level-air-quality-index-today/3456 "HTTP/1.1 200 OK"
2025-12-28 00:06:43,975 | INFO | httpx | HTTP Request: GET https://timesofindia.indiatimes.com/weather/itanagar-aqi-level-air-quality-index-today/1243 "HTTP/1.1 200 OK"
2025-12-28 00:06:44,373 | INFO | httpx | HTTP Request: GET https://timesofindia.indiatimes.com/weather/jabalpur-aqi-level-air-quality-index-today/3308 "HTTP/1.1 200 OK"
2025-12-28 00:06:46,056 | INFO | httpx | HTTP Request: GET https://timesofindia.indiatimes.com/weather/jaipur-aqi-level-air-quality-index-today/3302 "HTTP/1.1 200 OK"
2025-12-28 00:06:46,411 | INFO | httpx | HTTP Request: GET https://timesofindia.indiatimes.com/weather/jaisalmer-aqi-level-air-quality-index-today/3307 "HTTP/1.1 200 OK"
2025-12-28 00:06:46,748 | INFO | httpx | HTTP Request: GET https://timesofindia.indiatimes.com/weather/jalandhar-aqi-level-air-quality-index-today/3387 "HTTP/1.1 200 OK"
2025-12-28 00:06:47,108 | INFO | httpx | HTTP Request: GET https://timesofindia.indiatimes.com/weather/jalgaon-aqi-level-air-quality-index-today/3449 "HTTP/1.1 200 OK"
2025-12-28 00:06:47,447 | INFO | httpx | HTTP Request: GET https://timesofindia.indiatimes.com/weather/jalor-aqi-level-air-quality-index-today/3455 "HTTP/1.1 200 OK"
2025-12-28 00:06:47,795 | INFO | httpx | HTTP Request: GET https://timesofindia.indiatimes.com/weather/jalpaiguri-aqi-level-air-quality-index-today/1342 "HTTP/1.1 200 OK"
2025-12-28 00:06:48,140 | INFO | httpx | HTTP Request: GET https://timesofindia.indiatimes.com/weather/jammalamadugu-aqi-level-air-quality-index-today/1271 "HTTP/1.1 200 OK"
2025-12-28 00:06:48,490 | INFO | httpx | HTTP Request: GET https://timesofindia.indiatimes.com/weather/jammu-aqi-level-air-quality-index-today/1031 "HTTP/1.1 200 OK"
2025-12-28 00:06:49,471 | INFO | httpx | HTTP Request: GET https://timesofindia.indiatimes.com/weather/jamshedpur-aqi-level-air-quality-index-today/1429 "HTTP/1.1 200 OK"
2025-12-28 00:06:51,026 | INFO | httpx | HTTP Request: GET https://timesofindia.indiatimes.com/weather/jasdan-aqi-level-air-quality-index-today/1178 "HTTP/1.1 200 OK"
2025-12-28 00:06:51,373 | INFO | httpx | HTTP Request: GET https://timesofindia.indiatimes.com/weather/jatani-aqi-level-air-quality-index-today/1102 "HTTP/1.1 200 OK"
2025-12-28 00:06:51,725 | INFO | httpx | HTTP Request: GET https://timesofindia.indiatimes.com/weather/jaunpur-aqi-level-air-quality-index-today/1164 "HTTP/1.1 200 OK"
2025-12-28 00:06:52,079 | INFO | httpx | HTTP Request: GET https://timesofindia.indiatimes.com/weather/jaynagar-majilpur-aqi-level-air-quality-index-today/1389 "HTTP/1.1 200 OK"
2025-12-28 00:06:52,493 | INFO | httpx | HTTP Request: GET https://timesofindia.indiatimes.com/weather/jhansi-aqi-level-air-quality-index-today/3326 "HTTP/1.1 200 OK"
2025-12-28 00:06:53,477 | INFO | httpx | HTTP Request: GET https://timesofindia.indiatimes.com/weather/jorhat-aqi-level-air-quality-index-today/1071 "HTTP/1.1 200 OK"
2025-12-28 00:06:53,831 | INFO | httpx | HTTP Request: GET https://timesofindia.indiatimes.com/weather/junnar-aqi-level-air-quality-index-today/1253 "HTTP/1.1 200 OK"
2025-12-28 00:06:54,177 | INFO | httpx | HTTP Request: GET https://timesofindia.indiatimes.com/weather/kadiri-aqi-level-air-quality-index-today/1424 "HTTP/1.1 200 OK"
2025-12-28 00:06:55,144 | INFO | httpx | HTTP Request: GET https://timesofindia.indiatimes.com/weather/kakching-aqi-level-air-quality-index-today/1256 "HTTP/1.1 200 OK"
2025-12-28 00:06:56,102 | INFO | httpx | HTTP Request: GET https://timesofindia.indiatimes.com/weather/kalyan-aqi-level-air-quality-index-today/3433 "HTTP/1.1 200 OK"
2025-12-28 00:06:56,492 | INFO | httpx | HTTP Request: GET https://timesofindia.indiatimes.com/weather/kalyani-aqi-level-air-quality-index-today/1287 "HTTP/1.1 200 OK"
2025-12-28 00:06:57,472 | INFO | httpx | HTTP Request: GET https://timesofindia.indiatimes.com/weather/kamarhati-aqi-level-air-quality-index-today/1390 "HTTP/1.1 200 OK"
2025-12-28 00:06:57,868 | INFO | httpx | HTTP Request: GET https://timesofindia.indiatimes.com/weather/kanchrapara-aqi-level-air-quality-index-today/1394 "HTTP/1.1 200 OK"
2025-12-28 00:06:58,233 | INFO | httpx | HTTP Request: GET https://timesofindia.indiatimes.com/weather/kandukur-aqi-level-air-quality-index-today/1108 "HTTP/1.1 200 OK"
2025-12-28 00:06:59,226 | INFO | httpx | HTTP Request: GET https://timesofindia.indiatimes.com/weather/karimnagar-aqi-level-air-quality-index-today/1210 "HTTP/1.1 200 OK"
2025-12-28 00:06:59,593 | INFO | httpx | HTTP Request: GET https://timesofindia.indiatimes.com/weather/karnal-aqi-level-air-quality-index-today/3273 "HTTP/1.1 200 OK"
2025-12-28 00:06:59,949 | INFO | httpx | HTTP Request: GET https://timesofindia.indiatimes.com/weather/karur-aqi-level-air-quality-index-today/1377 "HTTP/1.1 200 OK"
2025-12-28 00:07:00,293 | INFO | httpx | HTTP Request: GET https://timesofindia.indiatimes.com/weather/kavali-aqi-level-air-quality-index-today/1405 "HTTP/1.1 200 OK"
2025-12-28 00:07:01,274 | INFO | httpx | HTTP Request: GET https://timesofindia.indiatimes.com/weather/khambhat-aqi-level-air-quality-index-today/1068 "HTTP/1.1 200 OK"
2025-12-28 00:07:05,257 | INFO | httpx | HTTP Request: GET https://timesofindia.indiatimes.com/weather/kilkunda-aqi-level-air-quality-index-today/1260 "HTTP/1.1 200 OK"
2025-12-28 00:07:06,808 | INFO | httpx | HTTP Request: GET https://timesofindia.indiatimes.com/weather/kohima-aqi-level-air-quality-index-today/3421 "HTTP/1.1 200 OK"
2025-12-28 00:07:08,974 | INFO | httpx | HTTP Request: GET https://timesofindia.indiatimes.com/weather/konark-aqi-level-air-quality-index-today/1019 "HTTP/1.1 200 OK"
2025-12-28 00:07:09,340 | INFO | httpx | HTTP Request: GET https://timesofindia.indiatimes.com/weather/kondapalle-aqi-level-air-quality-index-today/1268 "HTTP/1.1 200 OK"
2025-12-28 00:07:09,751 | INFO | httpx | HTTP Request: GET https://timesofindia.indiatimes.com/weather/koratla-aqi-level-air-quality-index-today/1156 "HTTP/1.1 200 OK"
2025-12-28 00:07:10,104 | INFO | httpx | HTTP Request: GET https://timesofindia.indiatimes.com/weather/kota-aqi-level-air-quality-index-today/3375 "HTTP/1.1 200 OK"
2025-12-28 00:07:10,464 | INFO | httpx | HTTP Request: GET https://timesofindia.indiatimes.com/weather/kothapet-aqi-level-air-quality-index-today/1133 "HTTP/1.1 200 OK"
2025-12-28 00:07:10,820 | INFO | httpx | HTTP Request: GET https://timesofindia.indiatimes.com/weather/kottagudem-aqi-level-air-quality-index-today/1300 "HTTP/1.1 200 OK"
2025-12-28 00:07:11,183 | INFO | httpx | HTTP Request: GET https://timesofindia.indiatimes.com/weather/kovvur-aqi-level-air-quality-index-today/1016 "HTTP/1.1 200 OK"
2025-12-28 00:07:11,526 | INFO | httpx | HTTP Request: GET https://timesofindia.indiatimes.com/weather/krishnanagar-aqi-level-air-quality-index-today/1086 "HTTP/1.1 200 OK"
2025-12-28 00:07:11,884 | INFO | httpx | HTTP Request: GET https://timesofindia.indiatimes.com/weather/kulgam-aqi-level-air-quality-index-today/1281 "HTTP/1.1 200 OK"
2025-12-28 00:07:12,237 | INFO | httpx | HTTP Request: GET https://timesofindia.indiatimes.com/weather/kullu-aqi-level-air-quality-index-today/1033 "HTTP/1.1 200 OK"
2025-12-28 00:07:12,590 | INFO | httpx | HTTP Request: GET https://timesofindia.indiatimes.com/weather/kulti-aqi-level-air-quality-index-today/1018 "HTTP/1.1 200 OK"
2025-12-28 00:07:12,934 | INFO | httpx | HTTP Request: GET https://timesofindia.indiatimes.com/weather/kurnool-aqi-level-air-quality-index-today/1226 "HTTP/1.1 200 OK"
2025-12-28 00:07:13,911 | INFO | httpx | HTTP Request: GET https://timesofindia.indiatimes.com/weather/latur-aqi-level-air-quality-index-today/3409 "HTTP/1.1 200 OK"
2025-12-28 00:07:14,272 | INFO | httpx | HTTP Request: GET https://timesofindia.indiatimes.com/weather/loutolim-aqi-level-air-quality-index-today/1359 "HTTP/1.1 200 OK"
2025-12-28 00:07:14,614 | INFO | httpx | HTTP Request: GET https://timesofindia.indiatimes.com/weather/ludhiana-aqi-level-air-quality-index-today/3333 "HTTP/1.1 200 OK"
2025-12-28 00:07:14,978 | INFO | httpx | HTTP Request: GET https://timesofindia.indiatimes.com/weather/macherla-aqi-level-air-quality-index-today/1411 "HTTP/1.1 200 OK"
2025-12-28 00:07:17,776 | INFO | httpx | HTTP Request: GET https://timesofindia.indiatimes.com/weather/mahadipur-aqi-level-air-quality-index-today/1091 "HTTP/1.1 200 OK"
2025-12-28 00:07:18,122 | INFO | httpx | HTTP Request: GET https://timesofindia.indiatimes.com/weather/mahbubnagar-aqi-level-air-quality-index-today/1379 "HTTP/1.1 200 OK"
2025-12-28 00:07:18,477 | INFO | httpx | HTTP Request: GET https://timesofindia.indiatimes.com/weather/mahesana-aqi-level-air-quality-index-today/1088 "HTTP/1.1 200 OK"
2025-12-28 00:07:18,819 | INFO | httpx | HTTP Request: GET https://timesofindia.indiatimes.com/weather/maihar-aqi-level-air-quality-index-today/3268 "HTTP/1.1 200 OK"
2025-12-28 00:07:19,767 | INFO | httpx | HTTP Request: GET https://timesofindia.indiatimes.com/weather/malegaon-aqi-level-air-quality-index-today/3494 "HTTP/1.1 200 OK"
2025-12-28 00:07:20,126 | INFO | httpx | HTTP Request: GET https://timesofindia.indiatimes.com/weather/manali-aqi-level-air-quality-index-today/1169 "HTTP/1.1 200 OK"
2025-12-28 00:07:20,468 | INFO | httpx | HTTP Request: GET https://timesofindia.indiatimes.com/weather/mancheral-aqi-level-air-quality-index-today/1285 "HTTP/1.1 200 OK"
2025-12-28 00:07:21,426 | INFO | httpx | HTTP Request: GET https://timesofindia.indiatimes.com/weather/mandapeta-aqi-level-air-quality-index-today/1284 "HTTP/1.1 200 OK"
2025-12-28 00:07:21,823 | INFO | httpx | HTTP Request: GET https://timesofindia.indiatimes.com/weather/mandsaur-aqi-level-air-quality-index-today/1135 "HTTP/1.1 200 OK"
2025-12-28 00:07:22,174 | INFO | httpx | HTTP Request: GET https://timesofindia.indiatimes.com/weather/mandya-aqi-level-air-quality-index-today/1147 "HTTP/1.1 200 OK"
2025-12-28 00:07:22,576 | INFO | httpx | HTTP Request: GET https://timesofindia.indiatimes.com/weather/mangalagiri-aqi-level-air-quality-index-today/1115 "HTTP/1.1 200 OK"
2025-12-28 00:07:23,613 | INFO | httpx | HTTP Request: GET https://timesofindia.indiatimes.com/weather/manuguru-aqi-level-air-quality-index-today/1244 "HTTP/1.1 200 OK"
2025-12-28 00:07:24,035 | INFO | httpx | HTTP Request: GET https://timesofindia.indiatimes.com/weather/markapur-aqi-level-air-quality-index-today/1220 "HTTP/1.1 200 OK"
2025-12-28 00:07:24,716 | INFO | httpx | HTTP Request: GET https://timesofindia.indiatimes.com/weather/mauli-aqi-level-air-quality-index-today/1079 "HTTP/1.1 200 OK"
2025-12-28 00:07:26,419 | INFO | httpx | HTTP Request: GET https://timesofindia.indiatimes.com/weather/meghraj-aqi-level-air-quality-index-today/1137 "HTTP/1.1 200 OK"
2025-12-28 00:07:26,769 | INFO | httpx | HTTP Request: GET https://timesofindia.indiatimes.com/weather/metpally-aqi-level-air-quality-index-today/1341 "HTTP/1.1 200 OK"
2025-12-28 00:07:28,311 | INFO | httpx | HTTP Request: GET https://timesofindia.indiatimes.com/weather/mundra-aqi-level-air-quality-index-today/1076 "HTTP/1.1 200 OK"
2025-12-28 00:07:28,655 | INFO | httpx | HTTP Request: GET https://timesofindia.indiatimes.com/weather/muzaffarnagar-aqi-level-air-quality-index-today/3323 "HTTP/1.1 200 OK"
2025-12-28 00:07:29,013 | INFO | httpx | HTTP Request: GET https://timesofindia.indiatimes.com/weather/muzaffarpur-aqi-level-air-quality-index-today/3230 "HTTP/1.1 200 OK"
2025-12-28 00:07:30,561 | INFO | httpx | HTTP Request: GET https://timesofindia.indiatimes.com/weather/nagari-aqi-level-air-quality-index-today/1222 "HTTP/1.1 200 OK"
2025-12-28 00:07:30,910 | INFO | httpx | HTTP Request: GET https://timesofindia.indiatimes.com/weather/nagercoil-aqi-level-air-quality-index-today/1443 "HTTP/1.1 200 OK"
2025-12-28 00:07:31,249 | INFO | httpx | HTTP Request: GET https://timesofindia.indiatimes.com/weather/nagpur-aqi-level-air-quality-index-today/3303 "HTTP/1.1 200 OK"
2025-12-28 00:07:32,191 | INFO | httpx | HTTP Request: GET https://timesofindia.indiatimes.com/weather/nainital-aqi-level-air-quality-index-today/1418 "HTTP/1.1 200 OK"
2025-12-28 00:07:33,753 | INFO | httpx | HTTP Request: GET https://timesofindia.indiatimes.com/weather/nanded-aqi-level-air-quality-index-today/3450 "HTTP/1.1 200 OK"
2025-12-28 00:07:34,718 | INFO | httpx | HTTP Request: GET https://timesofindia.indiatimes.com/weather/nandyal-aqi-level-air-quality-index-today/1187 "HTTP/1.1 200 OK"
2025-12-28 00:07:35,668 | INFO | httpx | HTTP Request: GET https://timesofindia.indiatimes.com/weather/narasapur-aqi-level-air-quality-index-today/1039 "HTTP/1.1 200 OK"
2025-12-28 00:07:36,013 | INFO | httpx | HTTP Request: GET https://timesofindia.indiatimes.com/weather/narasaraopet-aqi-level-air-quality-index-today/1110 "HTTP/1.1 200 OK"
2025-12-28 00:07:36,349 | INFO | httpx | HTTP Request: GET https://timesofindia.indiatimes.com/weather/nasik-aqi-level-air-quality-index-today/3406 "HTTP/1.1 200 OK"
2025-12-28 00:08:09,311 | INFO | __main__ | Started session: 20251228_000809 (mode: deep_crawl)
2025-12-28 00:08:09,311 | INFO | __main__ | Starting deep crawl from 3 seeds
2025-12-28 00:08:09,746 | INFO | __main__ | Deep crawling: https://timesofindia.indiatimes.com/
2025-12-28 00:08:09,746 | INFO | crawler.core_engine | Starting deep crawl from: https://timesofindia.indiatimes.com/
2025-12-28 00:08:12,541 | INFO | __main__ | ✓ [0] TOI - Breaking News,  Latest News, India News, Wor...
2025-12-28 00:08:13,369 | INFO | httpx | HTTP Request: GET https://timesofindia.indiatimes.com/us "HTTP/1.1 200 OK"
2025-12-28 00:08:13,770 | INFO | httpx | HTTP Request: GET https://navbharattimes.indiatimes.com/ "HTTP/1.1 200 OK"
2025-12-28 00:08:15,679 | INFO | httpx | HTTP Request: GET https://timesofindia.indiatimes.com "HTTP/1.1 200 OK"
2025-12-28 00:08:16,905 | INFO | httpx | HTTP Request: GET https://timesofindia.indiatimes.com/games "HTTP/1.1 200 OK"
2025-12-28 00:08:17,402 | INFO | httpx | HTTP Request: GET https://timesofindia.indiatimes.com/videos "HTTP/1.1 200 OK"
2025-12-28 00:08:41,733 | INFO | __main__ | Started session: 20251228_000841 (mode: deep_crawl)
2025-12-28 00:08:41,733 | INFO | __main__ | Starting deep crawl from 3 seeds
2025-12-28 00:08:42,213 | INFO | __main__ | Deep crawling: https://timesofindia.indiatimes.com/
2025-12-28 00:08:42,213 | INFO | crawler.core_engine | Starting deep crawl from: https://timesofindia.indiatimes.com/
2025-12-28 00:08:43,843 | INFO | __main__ | ✓ [0] TOI - Breaking News,  Latest News, India News, Wor...
2025-12-28 00:08:44,233 | INFO | httpx | HTTP Request: GET https://timesofindia.indiatimes.com/ "HTTP/1.1 200 OK"
2025-12-28 00:08:44,620 | INFO | httpx | HTTP Request: GET https://timesofindia.indiatimes.com/us "HTTP/1.1 200 OK"
2025-12-28 00:08:46,829 | INFO | httpx | HTTP Request: GET https://timesofindia.indiatimes.com "HTTP/1.1 200 OK"
2025-12-28 00:08:47,220 | INFO | httpx | HTTP Request: GET https://timesofindia.indiatimes.com/toi-plus "HTTP/1.1 200 OK"
2025-12-28 00:08:47,618 | INFO | httpx | HTTP Request: GET https://timesofindia.indiatimes.com/games "HTTP/1.1 200 OK"
2025-12-28 00:08:47,959 | INFO | httpx | HTTP Request: GET https://timesofindia.indiatimes.com/videos "HTTP/1.1 200 OK"
2025-12-28 00:08:49,544 | INFO | httpx | HTTP Request: GET https://timesofindia.indiatimes.com/city/delhi "HTTP/1.1 200 OK"
2025-12-28 00:09:00,261 | INFO | httpx | HTTP Request: GET https://timesofindia.indiatimes.com/city/dehradun "HTTP/1.1 200 OK"
2025-12-28 00:09:24,892 | INFO | httpx | HTTP Request: GET https://timesofindia.indiatimes.com/city/thane "HTTP/1.1 200 OK"
2025-12-28 00:09:32,218 | INFO | httpx | HTTP Request: GET https://timesofindia.indiatimes.com/city/photos "HTTP/1.1 200 OK"
2025-12-28 00:09:33,157 | INFO | httpx | HTTP Request: GET https://timesofindia.indiatimes.com/india "HTTP/1.1 200 OK"
2025-12-28 00:09:37,372 | INFO | httpx | HTTP Request: GET https://timesofindia.indiatimes.com/india/andhra-pradesh "HTTP/1.1 200 OK"
2025-12-28 00:09:52,067 | INFO | httpx | HTTP Request: GET https://timesofindia.indiatimes.com/world "HTTP/1.1 200 OK"
2025-12-28 00:09:56,131 | INFO | httpx | HTTP Request: GET https://timesofindia.indiatimes.com/tv/hindi "HTTP/1.1 200 OK"
2025-12-28 00:09:57,773 | INFO | httpx | HTTP Request: GET https://timesofindia.indiatimes.com/web-series/news "HTTP/1.1 200 OK"
2025-12-28 00:09:59,386 | INFO | httpx | HTTP Request: GET https://timesofindia.indiatimes.com/blogs "HTTP/1.1 301 Moved Permanently"
2025-12-28 00:09:59,733 | INFO | httpx | HTTP Request: GET http://timesofindia.indiatimes.com/blogs/ "HTTP/1.1 301 Moved Permanently"
2025-12-28 00:10:01,641 | INFO | httpx | HTTP Request: GET https://timesofindia.indiatimes.com/toi/firststepbypronamel "HTTP/1.1 200 OK"
2025-12-28 00:10:03,687 | INFO | httpx | HTTP Request: GET https://buy.indiatimes.com/TOI/plans "HTTP/1.1 200 OK"
2025-12-28 00:10:04,030 | INFO | httpx | HTTP Request: GET https://timesofindia.indiatimes.com/games/connect/today "HTTP/1.1 200 OK"
2025-12-28 00:10:04,374 | INFO | httpx | HTTP Request: GET https://timesofindia.indiatimes.com/games/loop-a-loop/today "HTTP/1.1 200 OK"
2025-12-28 00:10:04,702 | INFO | httpx | HTTP Request: GET https://timesofindia.indiatimes.com/games/location-guesser/today "HTTP/1.1 200 OK"
2025-12-28 00:10:11,344 | INFO | httpx | HTTP Request: GET https://timesofindia.indiatimes.com/topic/Donald-Trump "HTTP/1.1 200 OK"
2025-12-28 00:10:11,883 | INFO | httpx | HTTP Request: GET https://timesofindia.indiatimes.com/topic/Elon-Musk "HTTP/1.1 200 OK"
2025-12-28 00:10:20,483 | INFO | httpx | HTTP Request: GET https://timesofindia.indiatimes.com/entertainment/hindi/movie-reviews "HTTP/1.1 200 OK"
2025-12-28 00:10:21,073 | INFO | httpx | HTTP Request: GET https://timesofindia.indiatimes.com/entertainment/music "HTTP/1.1 200 OK"
2025-12-28 00:10:22,528 | INFO | httpx | HTTP Request: GET https://timesofindia.indiatimes.com/entertainment/latest-new-movies "HTTP/1.1 200 OK"
2025-12-28 00:10:25,500 | INFO | httpx | HTTP Request: GET https://timesofindia.indiatimes.com/entertainment/telugu/tollywood/top-20-best-telugu-movies-of-2025 "HTTP/1.1 200 OK"
2025-12-28 00:10:26,003 | INFO | httpx | HTTP Request: GET https://timesofindia.indiatimes.com/entertainment/malayalam/mollywood/top-20-best-malayalam-movies-of-2025 "HTTP/1.1 200 OK"
2025-12-28 00:10:29,452 | INFO | httpx | HTTP Request: GET https://timesofindia.indiatimes.com/business/gold-rates-today "HTTP/1.1 200 OK"
2025-12-28 00:10:45,916 | INFO | __main__ | Started session: 20251228_001045 (mode: adaptive)
2025-12-28 00:10:45,916 | INFO | __main__ | Starting adaptive crawl with 5 queries
2025-12-28 00:10:46,315 | INFO | __main__ | Adaptive crawl: India news
2025-12-28 00:10:46,315 | INFO | crawler.adaptive_crawler | Starting adaptive crawl: India news
2025-12-28 00:10:46,315 | INFO | crawler.adaptive_crawler | Start URL: https://timesofindia.indiatimes.com/
2025-12-28 00:10:51,150 | INFO | __main__ | Query complete: 6 pages, confidence: 0.86
2025-12-28 00:10:51,150 | INFO | __main__ | Adaptive crawl: latest India news today
2025-12-28 00:10:51,150 | INFO | crawler.adaptive_crawler | Starting adaptive crawl: latest India news today
2025-12-28 00:10:51,150 | INFO | crawler.adaptive_crawler | Start URL: https://timesofindia.indiatimes.com/
2025-12-28 00:11:01,277 | INFO | __main__ | Query complete: 6 pages, confidence: 0.86
2025-12-28 00:11:01,277 | INFO | __main__ | Adaptive crawl: India breaking news
2025-12-28 00:11:01,277 | INFO | crawler.adaptive_crawler | Starting adaptive crawl: India breaking news
2025-12-28 00:11:01,277 | INFO | crawler.adaptive_crawler | Start URL: https://timesofindia.indiatimes.com/
2025-12-28 00:11:05,584 | INFO | __main__ | Query complete: 6 pages, confidence: 0.85
2025-12-28 00:11:05,584 | INFO | __main__ | Adaptive crawl: Indian politics news
2025-12-28 00:11:05,584 | INFO | crawler.adaptive_crawler | Starting adaptive crawl: Indian politics news
2025-12-28 00:11:05,584 | INFO | crawler.adaptive_crawler | Start URL: https://timesofindia.indiatimes.com/
2025-12-28 00:11:07,597 | INFO | httpx | HTTP Request: GET https://timesofindia.indiatimes.com/toi-plus/politics/incendiary-rhetoric-in-bangladesh-shouldnt-distract-india-from-its-strategic-interests/articleshow/126204505.cms "HTTP/2 200 OK"
2025-12-28 00:11:07,622 | INFO | httpx | HTTP Request: GET https://timesofindia.indiatimes.com/toi-plus/society-culture/baby-wants-blush-toddler-makeup-poses-a-new-dilemma-for-parents/articleshow/126204392.cms "HTTP/2 200 OK"
2025-12-28 00:11:07,660 | INFO | httpx | HTTP Request: GET https://timesofindia.indiatimes.com/toi-plus/business-economy/why-2025-was-not-as-tariffying-as-we-thought/articleshow/126203426.cms "HTTP/2 200 OK"
2025-12-28 00:11:07,710 | INFO | httpx | HTTP Request: GET https://timesofindia.indiatimes.com/toi-plus/health/after-30-years-a-powerful-new-antibiotic-is-born-in-india/articleshow/124231112.cms "HTTP/2 200 OK"
2025-12-28 00:11:07,798 | INFO | httpx | HTTP Request: GET https://timesofindia.indiatimes.com/toi-plus/author-swapandasgupta-479255712 "HTTP/2 200 OK"
2025-12-28 00:11:07,844 | INFO | httpx | HTTP Request: GET https://timesofindia.indiatimes.com/toi-plus/author-sidhikapoor-479258481 "HTTP/2 200 OK"
2025-12-28 00:11:07,937 | INFO | httpx | HTTP Request: GET https://timesofindia.indiatimes.com/toi-plus/author-swaminathananklesariaaiyar-479212837 "HTTP/2 200 OK"
2025-12-28 00:11:08,678 | INFO | httpx | HTTP Request: GET https://timesofindia.indiatimes.com/toi-plus/noc/city-dialogues "HTTP/2 200 OK"
2025-12-28 00:11:08,848 | INFO | httpx | HTTP Request: GET https://timesofindia.indiatimes.com/toi-plus/noc/opinion "HTTP/2 200 OK"
2025-12-28 00:11:10,617 | INFO | __main__ | Query complete: 6 pages, confidence: 0.76
2025-12-28 00:11:10,617 | INFO | __main__ | Adaptive crawl: India government news
2025-12-28 00:11:10,617 | INFO | crawler.adaptive_crawler | Starting adaptive crawl: India government news
2025-12-28 00:11:10,617 | INFO | crawler.adaptive_crawler | Start URL: https://timesofindia.indiatimes.com/
2025-12-28 00:11:15,107 | INFO | __main__ | Query complete: 6 pages, confidence: 0.86
2025-12-28 00:11:15,108 | INFO | __main__ | Adaptive crawl: India news
2025-12-28 00:11:15,108 | INFO | crawler.adaptive_crawler | Starting adaptive crawl: India news
2025-12-28 00:11:15,108 | INFO | crawler.adaptive_crawler | Start URL: https://www.ndtv.com/
2025-12-28 00:11:18,837 | INFO | httpx | HTTP Request: GET https://www.ndtv.com/india-news/omar-abdullah-government-faces-protest-by-its-own-party-mp-aga-ruhullah-mehdi-over-reservations-10039450?pfrom=home-ndtv_mainnavigation "HTTP/2 403 Forbidden"
2025-12-28 00:11:18,838 | INFO | httpx | HTTP Request: GET https://www.ndtv.com/india-news/supreme-court-intervenes-in-aravalli-row-to-hear-case-on-monday-10039325?pfrom=home-ndtv_mainnavigation "HTTP/2 403 Forbidden"
2025-12-28 00:11:18,840 | INFO | httpx | HTTP Request: GET https://www.ndtv.com/india-news/rss-workers-can-sell-comb-to-bald-man-digvijaya-singh-amid-row-10039302?pfrom=home-ndtv_mainnavigation "HTTP/2 403 Forbidden"
2025-12-28 00:11:18,842 | INFO | httpx | HTTP Request: GET https://www.ndtv.com/india-news/gautam-adani-to-inaugurate-ai-centre-in-baramati-tomorrow-10039311?pfrom=home-ndtv_mainnavigation "HTTP/2 403 Forbidden"
2025-12-28 00:11:18,844 | INFO | httpx | HTTP Request: GET https://www.ndtv.com/india-news/only-4-out-of-125-road-stretches-dust-free-in-gurugram-air-quality-body-10039190?pfrom=home-ndtv_mainnavigation "HTTP/2 403 Forbidden"
2025-12-28 00:11:22,304 | INFO | httpx | HTTP Request: GET https://ndtv.in/india/politics-heats-up-over-ji-ram-ji-law-cwc-announces-launch-of-save-mnrega-campaign-10039659?pfrom=home-khabar_ "HTTP/2 403 Forbidden"
2025-12-28 00:11:22,306 | INFO | httpx | HTTP Request: GET https://ndtv.in/india/6-year-old-girl-murdered-in-navi-mumbai-for-not-being-able-to-speak-marathi-10039539?pfrom=home-khabar_ "HTTP/2 403 Forbidden"
2025-12-28 00:11:22,306 | INFO | httpx | HTTP Request: GET https://ndtv.in/india/no-law-to-punish-woman-who-is-protecting-her-raja-beta-says-high-court-in-rape-case-10039466?pfrom=home-khabar_ "HTTP/2 403 Forbidden"
2025-12-28 00:11:22,309 | INFO | httpx | HTTP Request: GET https://ndtv.in/india/indian-railway-will-give-extra-trains-to-48-prominent-cities-with-confirm-ticket-facilities-10039542?pfrom=home-khabar_ "HTTP/2 403 Forbidden"
2025-12-28 00:11:22,311 | INFO | httpx | HTTP Request: GET https://ndtv.in/india/mallikarjun-kharges-advice-to-congress-leaders-making-statements-regarding-bangladesh-in-the-cwc-meeting-10039446?pfrom=home-khabar_ "HTTP/2 403 Forbidden"
2025-12-28 00:11:23,599 | INFO | httpx | HTTP Request: GET https://rajasthan.ndtv.in/videos/rajsamand-what-is-the-story-of-the-sulking-queen-s-palace-a-living-testament-to-an-unfinished-love-s-1039891 "HTTP/2 403 Forbidden"
2025-12-28 00:11:23,610 | INFO | httpx | HTTP Request: GET https://rajasthan.ndtv.in/videos/a-5-000-year-old-love-story-of-rasiya-balam-and-a-virgin-maiden-lies-buried-in-mount-abu-rajasthan-n-1039889 "HTTP/2 403 Forbidden"
2025-12-28 00:11:28,631 | INFO | httpx | HTTP Request: GET https://mpcg.ndtv.in/videos/salman-khan-birthday-salman-is-celebrating-his-60th-birthday-family-shared-special-childhood-memorie-1039887 "HTTP/2 403 Forbidden"
2025-12-28 00:11:28,632 | INFO | httpx | HTTP Request: GET https://mpcg.ndtv.in/videos/dhirendra-shastri-s-indecent-remarks-on-journalists-opposition-targeted-viral-video-mp-news-top-1039875 "HTTP/2 403 Forbidden"
2025-12-28 00:11:28,634 | INFO | httpx | HTTP Request: GET https://mpcg.ndtv.in/videos/mp-politics-big-political-uproar-in-mp-after-sir-congress-voter-list-ec-latest-top-news-1039873 "HTTP/2 403 Forbidden"
2025-12-28 00:11:28,638 | INFO | httpx | HTTP Request: GET https://mpcg.ndtv.in/videos/mp-politics-digvijay-singh-s-post-mukesh-nayak-s-resignation-what-is-all-this-in-congress-bjp-top-1039870 "HTTP/2 403 Forbidden"
2025-12-28 00:11:29,566 | INFO | httpx | HTTP Request: GET https://ndtv.in/videos/bharat-ki-baat-batata-hoon-bangladesh-hindus-attacked-why-are-hindus-being-persecuted-in-bangladesh-1039868 "HTTP/2 403 Forbidden"
2025-12-28 00:11:30,523 | INFO | __main__ | Query complete: 6 pages, confidence: 0.74
2025-12-28 00:11:30,523 | INFO | __main__ | Adaptive crawl: latest India news today
2025-12-28 00:11:30,523 | INFO | crawler.adaptive_crawler | Starting adaptive crawl: latest India news today
2025-12-28 00:11:30,523 | INFO | crawler.adaptive_crawler | Start URL: https://www.ndtv.com/
2025-12-28 00:11:41,176 | INFO | __main__ | Query complete: 6 pages, confidence: 0.74
2025-12-28 00:11:41,177 | INFO | __main__ | Adaptive crawl: India breaking news
2025-12-28 00:11:41,177 | INFO | crawler.adaptive_crawler | Starting adaptive crawl: India breaking news
2025-12-28 00:11:41,177 | INFO | crawler.adaptive_crawler | Start URL: https://www.ndtv.com/
2025-12-28 00:11:47,789 | INFO | __main__ | Query complete: 6 pages, confidence: 0.74
2025-12-28 00:11:47,790 | INFO | __main__ | Adaptive crawl: Indian politics news
2025-12-28 00:11:47,790 | INFO | crawler.adaptive_crawler | Starting adaptive crawl: Indian politics news
2025-12-28 00:11:47,790 | INFO | crawler.adaptive_crawler | Start URL: https://www.ndtv.com/
2025-12-28 00:11:55,023 | INFO | __main__ | Query complete: 6 pages, confidence: 0.73
2025-12-28 00:11:55,023 | INFO | __main__ | Adaptive crawl: India government news
2025-12-28 00:11:55,023 | INFO | crawler.adaptive_crawler | Starting adaptive crawl: India government news
2025-12-28 00:11:55,023 | INFO | crawler.adaptive_crawler | Start URL: https://www.ndtv.com/
2025-12-28 00:12:03,654 | INFO | __main__ | Query complete: 6 pages, confidence: 0.74
2025-12-28 00:12:04,067 | INFO | __main__ | Session 20251228_001045 completed: 0 successful, 0 failed, 0 duplicates, duration: 0:01:18.150442
2025-12-28 00:12:04,142 | INFO | __main__ | Exported 100 articles to: output/exported_20251228_001204.json
